Laptop_Name,Model_Name,Laptop_Gen,Ram,Rom,Color,Weight_In_Kg,Core,Review,Price,Offer,Rating
Asus,X1,12th Gen,8.0,512.0,White,2.0,Intel Core i7,,135308.32,39.85,3.5
Acer,15,10th Gen,4.0,256.0,Blue,1.6,AMD Ryzen 3,,167535.5,4.81,2.9
Lenovo,15,10th Gen,32.0,1024.0,Grey,2.9,Intel Core i3,,32650.53,,4.4
Asus,Inspiron,10th Gen,12.0,512.0,Black,2.89,AMD Ryzen 5,998.68,47405.24,,4.1
Hp,16,10th Gen,8.0,256.0,Silver,2.87,Intel Core i7,,109612.49,12.49,3.1
Hp,16,13th Gen,16.0,256.0,Black,2.99,AMD Ryzen 5,,114316.08,17.61,5.0
Hp,X1,11th Gen,8.0,1024.0,Blue,1.3,AMD Ryzen 3,569.16,58737.89,,2.6
Lenovo,16,13th Gen,32.0,512.0,Black,1.84,AMD Ryzen 5,,30771.65,42.21,3.3
Hp,16,12th Gen,8.0,1024.0,Blue,1.96,AMD Ryzen 5,,34991.76,47.45,4.8
Lenovo,16,13th Gen,16.0,256.0,White,2.27,Intel Core i7,363.02,197739.32,13.41,3.6
Acer,X1,10th Gen,12.0,512.0,Blue,1.7,AMD Ryzen 7,,171235.51,43.23,4.0
Acer,VivoBook,10th Gen,12.0,512.0,Grey,1.83,AMD Ryzen 5,592.35,70267.17,36.32,4.8
Acer,15,13th Gen,16.0,1024.0,Black,2.08,AMD Ryzen 3,,31881.14,36.65,3.3
Acer,X1,10th Gen,12.0,,White,2.07,AMD Ryzen 3,912.87,155860.56,,2.6
Asus,VivoBook,12th Gen,8.0,512.0,Silver,2.28,Intel Core i7,888.7,137325.62,4.0,3.8
Acer,16,11th Gen,32.0,512.0,White,2.03,Intel Core i5,894.55,27336.52,34.74,4.2
Lenovo,Inspiron,10th Gen,16.0,1024.0,White,2.31,AMD Ryzen 3,343.99,57829.39,,4.2
Lenovo,16,11th Gen,16.0,512.0,Blue,1.4,AMD Ryzen 3,108.62,47455.08,,3.2
Lenovo,14,10th Gen,12.0,1024.0,Grey,1.9,Intel Core i5,,60678.52,32.16,4.5
Hp,X1,12th Gen,4.0,,Grey,1.73,Intel Core i5,,116509.57,24.41,4.5
Lenovo,VivoBook,12th Gen,4.0,256.0,Black,1.52,Intel Core i5,,144965.48,,3.7
Acer,VivoBook,13th Gen,4.0,1024.0,Grey,2.22,AMD Ryzen 5,,80346.1,,4.0
Asus,VivoBook,12th Gen,12.0,1024.0,Black,2.91,AMD Ryzen 3,502.23,123718.98,,4.7
Acer,X1,10th Gen,8.0,512.0,Blue,2.3,AMD Ryzen 5,,61665.26,,4.8
Lenovo,15,10th Gen,16.0,1024.0,Black,1.72,Intel Core i3,129.37,83395.66,,4.4
Hp,14,12th Gen,4.0,512.0,Black,1.64,Intel Core i7,,161610.83,,4.8
Dell,X1,10th Gen,16.0,1024.0,Black,1.78,Intel Core i3,,156336.45,,4.0
Hp,15,12th Gen,12.0,1024.0,Blue,2.55,Intel Core i5,,91256.46,,3.1
Asus,X1,13th Gen,32.0,512.0,Blue,1.99,AMD Ryzen 3,,65533.67,18.55,4.4
Asus,14,11th Gen,12.0,1024.0,White,1.68,AMD Ryzen 7,209.35,190622.84,40.45,4.9
Hp,VivoBook,10th Gen,16.0,1024.0,Silver,1.72,Intel Core i3,771.97,168754.31,,3.5
Asus,16,11th Gen,16.0,512.0,Silver,2.63,Intel Core i5,703.42,119000.24,,2.6
Asus,VivoBook,12th Gen,4.0,256.0,Grey,2.24,AMD Ryzen 7,732.44,160167.15,9.74,4.9
Lenovo,Inspiron,10th Gen,32.0,512.0,Black,1.37,AMD Ryzen 7,882.55,113255.71,47.68,3.5
Asus,X1,11th Gen,8.0,512.0,Blue,2.24,AMD Ryzen 5,359.21,90427.1,18.19,3.1
Hp,X1,13th Gen,8.0,1024.0,Black,2.14,AMD Ryzen 3,,62589.87,,2.6
Hp,Inspiron,10th Gen,16.0,512.0,Blue,1.54,Intel Core i3,,37720.65,12.53,3.8
Lenovo,Inspiron,12th Gen,4.0,512.0,Black,2.26,Intel Core i7,246.06,145384.63,,3.2
Acer,Inspiron,12th Gen,8.0,1024.0,Grey,1.47,AMD Ryzen 3,195.97,159451.91,,4.4
Acer,16,13th Gen,32.0,512.0,Blue,1.52,Intel Core i7,158.46,75365.07,,4.7
Dell,VivoBook,11th Gen,12.0,256.0,Silver,2.18,Intel Core i3,282.82,21611.29,45.25,3.6
Lenovo,16,13th Gen,12.0,,White,2.55,Intel Core i3,651.71,38310.64,41.47,3.3
Hp,15,11th Gen,12.0,256.0,White,2.49,AMD Ryzen 7,841.24,23573.35,,3.0
Dell,16,11th Gen,4.0,1024.0,Blue,1.71,AMD Ryzen 5,956.89,93510.09,31.44,4.9
Lenovo,15,10th Gen,8.0,256.0,Blue,1.7,Intel Core i7,916.14,26628.24,,3.3
Lenovo,15,11th Gen,,512.0,Grey,2.46,Intel Core i3,,72700.83,,3.8
Asus,VivoBook,12th Gen,32.0,512.0,Grey,1.73,Intel Core i3,,145972.47,39.99,3.3
Dell,14,12th Gen,4.0,256.0,Blue,1.99,AMD Ryzen 3,363.25,152645.98,,4.7
Hp,14,11th Gen,8.0,512.0,Blue,2.36,Intel Core i3,840.85,132413.02,14.06,2.5
Asus,14,12th Gen,8.0,512.0,White,2.86,AMD Ryzen 7,,26921.0,,4.1
Asus,VivoBook,12th Gen,16.0,512.0,Silver,2.94,AMD Ryzen 7,,87533.31,2.07,2.6
Asus,Inspiron,11th Gen,32.0,512.0,White,2.07,AMD Ryzen 5,682.54,198574.13,23.8,3.7
Acer,VivoBook,10th Gen,16.0,256.0,Silver,2.21,Intel Core i7,212.12,82344.77,,4.2
Lenovo,16,11th Gen,32.0,256.0,Black,2.43,AMD Ryzen 3,,57854.38,,3.8
Asus,X1,10th Gen,12.0,256.0,Silver,1.6,AMD Ryzen 5,833.69,195153.27,,3.7
Hp,X1,11th Gen,12.0,1024.0,White,2.0,AMD Ryzen 7,680.4,109244.57,30.62,2.9
Dell,14,10th Gen,32.0,1024.0,Silver,2.32,Intel Core i3,911.66,174419.71,34.06,4.9
Asus,15,11th Gen,16.0,256.0,Grey,2.06,Intel Core i3,941.92,186293.58,22.39,4.7
Lenovo,Inspiron,10th Gen,4.0,1024.0,Grey,2.14,AMD Ryzen 3,,104474.86,,4.1
Dell,VivoBook,12th Gen,32.0,512.0,White,1.96,AMD Ryzen 5,,55603.01,,3.7
Acer,X1,13th Gen,16.0,256.0,Blue,2.35,Intel Core i7,,107471.26,3.88,3.9
Asus,Inspiron,12th Gen,32.0,256.0,Grey,1.4,AMD Ryzen 5,,120765.85,,4.5
Hp,X1,10th Gen,32.0,256.0,Black,1.21,Intel Core i3,335.39,31205.87,,2.6
Dell,VivoBook,13th Gen,32.0,1024.0,Blue,1.86,AMD Ryzen 5,449.19,34179.64,,3.0
Dell,14,10th Gen,12.0,512.0,Grey,2.95,AMD Ryzen 7,,113046.44,8.49,4.9
Dell,VivoBook,12th Gen,16.0,1024.0,Blue,1.54,Intel Core i5,,146402.21,,4.4
Hp,14,12th Gen,8.0,1024.0,Silver,2.87,AMD Ryzen 7,280.02,147594.64,,2.7
Asus,VivoBook,12th Gen,4.0,1024.0,Grey,1.23,AMD Ryzen 3,778.68,168900.6,,3.6
Lenovo,X1,12th Gen,16.0,256.0,White,1.4,AMD Ryzen 7,,129837.51,,2.8
Acer,14,10th Gen,32.0,1024.0,Grey,1.49,AMD Ryzen 5,,149137.05,21.62,3.3
Lenovo,VivoBook,12th Gen,4.0,256.0,Blue,1.72,Intel Core i5,,46752.02,,3.8
Lenovo,15,11th Gen,8.0,256.0,White,1.54,AMD Ryzen 5,243.37,29417.46,,4.0
Asus,14,12th Gen,8.0,512.0,Blue,2.4,AMD Ryzen 3,585.16,127087.8,34.04,2.8
Asus,VivoBook,13th Gen,12.0,1024.0,Blue,1.82,AMD Ryzen 5,776.77,30841.57,,3.8
Lenovo,14,10th Gen,8.0,256.0,Black,1.57,AMD Ryzen 7,,147736.18,,3.4
Hp,X1,13th Gen,12.0,512.0,Blue,2.99,Intel Core i3,,128796.17,12.67,4.6
Asus,VivoBook,11th Gen,12.0,512.0,Silver,1.76,Intel Core i3,798.26,120050.55,49.45,4.7
Dell,Inspiron,11th Gen,8.0,256.0,Blue,2.22,AMD Ryzen 3,,31237.5,16.65,2.9
Asus,Inspiron,12th Gen,16.0,512.0,White,2.64,AMD Ryzen 7,707.13,72210.95,18.32,3.1
Asus,Inspiron,11th Gen,4.0,256.0,Grey,1.98,Intel Core i7,,124092.5,33.7,4.8
Lenovo,14,10th Gen,8.0,512.0,White,2.33,,,172680.49,4.14,4.0
Hp,X1,13th Gen,32.0,512.0,Black,2.33,Intel Core i7,,81906.29,,4.6
Dell,16,10th Gen,8.0,1024.0,White,1.75,Intel Core i7,,87442.28,30.45,2.8
Dell,VivoBook,11th Gen,8.0,512.0,White,2.58,AMD Ryzen 3,477.88,151230.75,0.4,4.1
Dell,14,12th Gen,16.0,512.0,Silver,1.33,AMD Ryzen 5,,161552.34,,2.9
Dell,15,11th Gen,12.0,256.0,Black,2.78,AMD Ryzen 5,,197389.65,29.52,4.4
Acer,14,11th Gen,8.0,256.0,Black,2.58,Intel Core i7,,27948.8,,4.9
Asus,Inspiron,13th Gen,4.0,256.0,Grey,1.66,AMD Ryzen 7,948.02,145797.81,35.15,4.1
Asus,14,12th Gen,32.0,256.0,White,1.8,AMD Ryzen 5,907.8,100109.74,,4.3
Dell,16,13th Gen,16.0,256.0,White,2.1,Intel Core i3,,188106.84,,3.9
Acer,14,10th Gen,8.0,512.0,Blue,2.65,AMD Ryzen 7,,181253.41,,4.3
Hp,16,12th Gen,32.0,1024.0,Grey,1.94,Intel Core i3,832.42,70273.41,0.45,2.7
Dell,15,10th Gen,16.0,1024.0,Black,2.74,AMD Ryzen 3,,134153.81,18.65,2.6
Hp,15,11th Gen,8.0,512.0,Black,2.78,AMD Ryzen 5,376.3,169520.64,,3.6
Acer,X1,13th Gen,8.0,1024.0,Silver,1.35,Intel Core i3,,57831.63,,3.6
Lenovo,Inspiron,11th Gen,12.0,1024.0,Silver,1.93,Intel Core i3,,177805.86,6.99,2.6
Hp,Inspiron,12th Gen,8.0,1024.0,White,1.58,Intel Core i3,,37107.95,43.4,4.2
Acer,15,11th Gen,8.0,1024.0,Blue,1.89,Intel Core i5,552.47,184951.15,3.68,4.7
Acer,14,10th Gen,8.0,256.0,Silver,1.25,Intel Core i3,487.98,130334.34,,4.2
Dell,14,12th Gen,8.0,256.0,White,2.41,Intel Core i7,918.46,192647.67,,3.5
Lenovo,15,13th Gen,4.0,256.0,White,1.55,AMD Ryzen 3,,175675.15,,3.9
Dell,15,10th Gen,32.0,512.0,Silver,2.72,Intel Core i5,,74935.32,21.04,4.6
Hp,16,10th Gen,4.0,512.0,Silver,2.31,Intel Core i5,,38368.87,,3.2
Acer,VivoBook,10th Gen,12.0,512.0,Black,2.21,AMD Ryzen 5,,134075.09,,4.6
Dell,15,10th Gen,12.0,1024.0,Black,1.8,AMD Ryzen 5,,170544.66,,4.1
Lenovo,15,12th Gen,8.0,512.0,White,2.81,AMD Ryzen 3,,74551.44,,4.7
Acer,VivoBook,11th Gen,8.0,512.0,Silver,2.57,Intel Core i5,,153922.5,,3.9
Asus,X1,11th Gen,4.0,256.0,Black,2.32,AMD Ryzen 7,,100577.1,,3.8
Hp,15,12th Gen,16.0,256.0,White,1.91,Intel Core i5,,80815.69,10.12,4.2
Acer,Inspiron,13th Gen,32.0,256.0,White,1.38,Intel Core i7,599.07,152004.61,33.64,4.6
Asus,14,12th Gen,8.0,256.0,Black,1.7,AMD Ryzen 7,,145486.73,,3.0
Dell,VivoBook,10th Gen,8.0,1024.0,Grey,1.67,Intel Core i5,,24194.67,4.38,2.9
Dell,14,11th Gen,16.0,256.0,Grey,2.41,Intel Core i7,211.88,144120.56,,3.0
Dell,X1,11th Gen,4.0,1024.0,White,2.54,Intel Core i3,275.99,140353.64,9.61,4.5
Lenovo,Inspiron,12th Gen,32.0,256.0,Blue,1.83,Intel Core i3,,182102.01,,3.0
Acer,14,13th Gen,12.0,1024.0,Black,2.3,AMD Ryzen 5,,169675.16,,3.6
Lenovo,Inspiron,12th Gen,8.0,1024.0,Grey,2.67,AMD Ryzen 5,521.45,111813.3,21.69,4.2
Dell,VivoBook,10th Gen,16.0,512.0,Blue,2.51,AMD Ryzen 3,852.27,169541.2,,4.4
Asus,14,12th Gen,8.0,512.0,Silver,1.38,AMD Ryzen 7,510.2,103698.26,,4.3
Dell,15,11th Gen,16.0,1024.0,Silver,1.47,Intel Core i7,270.36,95778.82,2.02,4.4
Dell,16,13th Gen,4.0,256.0,Black,1.71,Intel Core i7,917.26,32828.6,6.01,4.5
Dell,14,10th Gen,,256.0,Black,2.99,AMD Ryzen 5,,139529.36,,3.3
Acer,VivoBook,13th Gen,12.0,512.0,Black,1.74,Intel Core i3,,91943.36,12.66,2.6
Lenovo,14,10th Gen,8.0,512.0,Blue,2.79,Intel Core i5,,122143.52,,3.3
Asus,15,10th Gen,4.0,256.0,White,1.84,AMD Ryzen 3,,180332.95,0.81,4.9
Hp,Inspiron,12th Gen,16.0,1024.0,White,1.62,AMD Ryzen 7,,90439.4,10.44,2.8
Dell,VivoBook,12th Gen,8.0,512.0,Blue,1.61,Intel Core i7,,95137.41,,2.8
Acer,14,13th Gen,32.0,1024.0,Silver,2.14,Intel Core i3,,171775.26,,4.8
Acer,14,12th Gen,4.0,512.0,Grey,2.54,AMD Ryzen 3,,174201.19,,4.4
Hp,16,11th Gen,16.0,256.0,Blue,1.51,Intel Core i3,854.3,88661.92,,3.1
Dell,VivoBook,11th Gen,16.0,512.0,Black,1.57,AMD Ryzen 7,108.56,53919.73,9.92,3.1
Acer,X1,12th Gen,8.0,512.0,Black,2.68,Intel Core i7,862.47,64227.77,24.08,4.1
Lenovo,14,13th Gen,,1024.0,Black,1.93,AMD Ryzen 7,,122502.63,35.69,2.5
Dell,16,10th Gen,4.0,512.0,Silver,1.81,AMD Ryzen 7,596.36,164093.83,44.08,4.9
Hp,Inspiron,12th Gen,16.0,256.0,Silver,2.68,AMD Ryzen 3,102.35,92514.08,,3.2
Acer,X1,11th Gen,4.0,512.0,White,1.95,Intel Core i3,731.64,121833.3,35.52,4.7
Dell,X1,12th Gen,32.0,256.0,Black,2.99,Intel Core i7,,182058.32,,4.2
Hp,VivoBook,11th Gen,32.0,512.0,Silver,1.35,AMD Ryzen 3,,95300.05,34.62,3.2
Lenovo,14,12th Gen,4.0,256.0,White,2.49,Intel Core i3,,118756.66,,2.5
Dell,15,13th Gen,32.0,256.0,White,1.22,AMD Ryzen 7,896.28,122843.8,26.5,2.5
Acer,16,11th Gen,32.0,1024.0,Blue,1.23,Intel Core i3,,47191.5,30.43,3.7
Dell,16,12th Gen,8.0,256.0,White,1.35,Intel Core i3,,161701.04,,2.5
Lenovo,16,10th Gen,16.0,256.0,Blue,2.94,AMD Ryzen 3,,36956.13,,4.2
Asus,VivoBook,12th Gen,8.0,1024.0,Silver,2.44,AMD Ryzen 3,,183998.58,20.62,4.8
Acer,15,10th Gen,32.0,512.0,Grey,1.9,AMD Ryzen 7,,52239.83,,4.2
Asus,14,11th Gen,32.0,512.0,Blue,2.32,Intel Core i3,,198805.37,,4.8
Acer,16,10th Gen,8.0,512.0,Black,2.91,AMD Ryzen 3,773.84,92289.37,36.74,3.2
Lenovo,16,10th Gen,,256.0,Blue,1.77,AMD Ryzen 5,542.75,79557.14,,3.5
Asus,14,11th Gen,4.0,1024.0,Blue,1.84,Intel Core i3,,49416.86,13.33,3.2
Dell,14,13th Gen,12.0,512.0,White,2.68,Intel Core i7,140.94,185338.61,,3.3
Hp,14,12th Gen,32.0,1024.0,Silver,2.75,Intel Core i3,,61806.53,48.79,2.9
Hp,Inspiron,12th Gen,4.0,256.0,Silver,1.84,AMD Ryzen 3,609.71,137457.59,,3.7
Acer,X1,11th Gen,12.0,512.0,Grey,2.66,Intel Core i7,591.44,164228.05,39.2,3.9
Hp,Inspiron,11th Gen,4.0,512.0,Blue,1.52,Intel Core i5,,195769.36,,4.7
Dell,16,11th Gen,4.0,1024.0,Grey,1.93,Intel Core i7,803.93,55839.8,,3.2
Acer,16,13th Gen,12.0,1024.0,Blue,2.99,Intel Core i7,,121160.57,,3.5
Lenovo,X1,12th Gen,32.0,256.0,Silver,2.41,AMD Ryzen 3,,99930.13,,4.3
Lenovo,X1,11th Gen,4.0,1024.0,Black,2.04,Intel Core i7,,84499.31,22.01,4.5
Asus,X1,12th Gen,12.0,256.0,White,2.5,AMD Ryzen 5,,122345.09,14.85,3.7
Lenovo,14,11th Gen,4.0,512.0,Silver,1.72,AMD Ryzen 3,514.17,28712.74,,4.7
Hp,X1,10th Gen,4.0,256.0,White,2.39,Intel Core i5,,93338.53,,3.0
Asus,15,12th Gen,32.0,512.0,White,2.99,Intel Core i7,,27725.91,,4.6
Hp,VivoBook,10th Gen,4.0,512.0,Silver,1.73,AMD Ryzen 5,,76224.84,,4.6
Asus,X1,11th Gen,12.0,512.0,Grey,2.93,AMD Ryzen 3,,98216.69,23.03,4.5
Asus,Inspiron,13th Gen,32.0,256.0,White,1.35,Intel Core i5,839.35,142253.42,,2.7
Asus,Inspiron,13th Gen,4.0,512.0,Black,1.69,Intel Core i5,,73504.74,,4.4
Dell,14,11th Gen,12.0,512.0,Grey,1.65,AMD Ryzen 5,401.38,60886.23,19.88,3.7
Dell,VivoBook,12th Gen,8.0,512.0,Blue,1.45,Intel Core i3,,39385.14,15.84,3.9
Lenovo,16,12th Gen,4.0,256.0,Silver,2.25,Intel Core i5,723.29,125370.82,40.57,4.7
Asus,16,10th Gen,32.0,256.0,Black,1.87,AMD Ryzen 7,,58949.93,7.48,4.3
Lenovo,16,13th Gen,8.0,1024.0,Blue,2.51,Intel Core i7,,113603.82,,2.8
Asus,Inspiron,10th Gen,4.0,256.0,White,2.59,AMD Ryzen 7,,171312.69,13.86,2.5
Lenovo,15,11th Gen,8.0,1024.0,Silver,2.89,Intel Core i7,,120866.49,,3.5
Asus,X1,12th Gen,8.0,1024.0,Blue,2.26,AMD Ryzen 7,,32955.96,,3.1
Acer,Inspiron,11th Gen,16.0,512.0,Blue,1.65,Intel Core i7,619.26,44983.99,,4.7
Asus,VivoBook,10th Gen,8.0,512.0,Black,2.54,AMD Ryzen 5,,48394.77,,3.7
Asus,Inspiron,10th Gen,12.0,256.0,Silver,1.22,AMD Ryzen 5,540.89,162781.4,,3.5
Asus,15,11th Gen,8.0,256.0,White,1.42,Intel Core i3,,161434.54,,4.5
Dell,14,11th Gen,8.0,1024.0,White,1.6,AMD Ryzen 3,,134262.11,47.2,4.4
Hp,Inspiron,13th Gen,16.0,256.0,Black,1.63,AMD Ryzen 7,,133582.59,35.62,3.3
Asus,16,11th Gen,16.0,1024.0,Silver,2.94,AMD Ryzen 3,976.12,136494.17,,2.9
Lenovo,Inspiron,11th Gen,12.0,1024.0,Grey,1.81,Intel Core i3,,135516.58,,3.4
Acer,15,13th Gen,8.0,512.0,Black,1.26,AMD Ryzen 3,959.75,68783.0,,4.8
Asus,15,12th Gen,12.0,1024.0,Black,2.41,Intel Core i3,,92270.21,33.99,4.2
Hp,14,10th Gen,8.0,256.0,White,2.62,AMD Ryzen 3,,180840.16,,4.9
Hp,Inspiron,10th Gen,8.0,512.0,Black,2.06,Intel Core i3,301.45,152420.45,,4.6
Acer,15,10th Gen,32.0,1024.0,Blue,2.03,AMD Ryzen 5,185.7,139712.4,,3.4
Hp,14,12th Gen,4.0,256.0,Grey,2.09,AMD Ryzen 7,,194451.88,,3.3
Acer,X1,13th Gen,4.0,512.0,Silver,2.38,AMD Ryzen 3,,175448.62,,3.7
Hp,14,12th Gen,32.0,256.0,Blue,2.34,Intel Core i5,,144415.17,,4.1
Dell,16,12th Gen,8.0,1024.0,Grey,2.19,AMD Ryzen 5,628.72,191714.93,20.87,4.3
Acer,X1,11th Gen,12.0,512.0,White,1.99,AMD Ryzen 3,,142157.17,,4.9
Dell,15,12th Gen,12.0,512.0,Silver,2.36,Intel Core i3,,106129.54,40.25,4.9
Acer,X1,13th Gen,32.0,1024.0,Silver,1.61,Intel Core i3,970.91,152529.86,,3.0
Dell,15,12th Gen,4.0,256.0,White,2.57,Intel Core i5,,106075.86,,3.4
Asus,X1,10th Gen,16.0,1024.0,Silver,2.05,AMD Ryzen 5,,133048.7,32.74,2.7
Dell,15,12th Gen,32.0,1024.0,Blue,2.11,AMD Ryzen 3,,146701.47,,4.2
Hp,VivoBook,11th Gen,32.0,256.0,Black,2.19,AMD Ryzen 5,,82572.01,12.89,2.8
Hp,16,12th Gen,32.0,256.0,White,1.26,Intel Core i3,,133423.64,6.74,3.4
Acer,14,10th Gen,16.0,512.0,Black,2.5,Intel Core i3,794.64,169118.45,17.25,5.0
Asus,Inspiron,11th Gen,12.0,512.0,Black,2.86,Intel Core i5,703.01,158472.46,,4.2
Asus,16,13th Gen,32.0,256.0,White,2.77,Intel Core i3,481.49,148427.67,,3.6
Acer,X1,11th Gen,8.0,256.0,Silver,2.77,Intel Core i3,958.34,88987.45,11.61,3.7
Acer,VivoBook,12th Gen,16.0,512.0,White,2.49,AMD Ryzen 7,375.17,21302.22,43.51,2.9
Dell,15,10th Gen,8.0,512.0,Silver,2.99,Intel Core i7,707.4,101649.2,,3.1
Hp,VivoBook,11th Gen,12.0,1024.0,Black,1.82,Intel Core i7,,31418.2,,4.4
Asus,14,13th Gen,8.0,512.0,White,2.9,Intel Core i5,,78939.3,28.17,3.7
Lenovo,15,11th Gen,32.0,1024.0,Silver,1.66,AMD Ryzen 3,,144860.23,,3.1
Asus,Inspiron,11th Gen,8.0,1024.0,White,2.01,AMD Ryzen 3,640.54,150138.38,,3.8
Lenovo,15,11th Gen,4.0,1024.0,Silver,2.61,AMD Ryzen 5,539.23,47948.69,,3.7
Dell,14,12th Gen,8.0,512.0,Black,2.89,Intel Core i5,846.62,23064.3,,2.7
Asus,VivoBook,13th Gen,16.0,512.0,Grey,2.28,AMD Ryzen 7,,162018.02,,4.7
Acer,16,12th Gen,8.0,256.0,Blue,2.73,AMD Ryzen 7,,109317.25,,3.2
Asus,14,12th Gen,32.0,256.0,Black,1.67,Intel Core i5,550.49,163543.78,,3.8
Acer,VivoBook,12th Gen,8.0,256.0,White,2.95,Intel Core i3,,84180.46,,4.7
Dell,15,13th Gen,16.0,512.0,Black,1.99,AMD Ryzen 5,,199541.64,27.33,4.2
Lenovo,14,13th Gen,4.0,1024.0,Grey,1.77,Intel Core i7,,81973.67,15.49,3.6
Hp,16,13th Gen,12.0,1024.0,Black,1.52,Intel Core i7,,117508.58,,4.3
Acer,VivoBook,10th Gen,4.0,512.0,Grey,2.98,AMD Ryzen 5,,37031.09,,4.3
Dell,X1,13th Gen,32.0,512.0,Blue,2.81,AMD Ryzen 5,,51618.57,,4.8
Asus,VivoBook,11th Gen,4.0,256.0,Silver,1.6,AMD Ryzen 3,,98120.68,29.37,4.4
Acer,X1,13th Gen,4.0,1024.0,Grey,2.55,Intel Core i5,343.5,94759.0,,3.1
Hp,14,13th Gen,32.0,256.0,White,1.21,AMD Ryzen 7,,77603.62,41.75,2.9
Acer,VivoBook,12th Gen,16.0,512.0,Silver,2.55,Intel Core i3,425.16,59402.52,5.83,2.5
Hp,15,13th Gen,32.0,512.0,Blue,2.43,AMD Ryzen 7,547.01,39719.68,34.79,3.5
Asus,Inspiron,10th Gen,16.0,1024.0,Blue,2.08,AMD Ryzen 5,,156869.25,8.62,3.2
Dell,15,11th Gen,32.0,256.0,Grey,2.96,Intel Core i3,,163772.61,43.81,3.1
Acer,Inspiron,10th Gen,12.0,1024.0,Blue,2.35,AMD Ryzen 7,382.73,28656.89,,2.8
Hp,X1,11th Gen,32.0,256.0,White,2.18,AMD Ryzen 3,,103626.9,9.08,3.1
Asus,X1,12th Gen,4.0,256.0,Grey,2.66,Intel Core i7,,143780.99,32.41,3.7
Hp,16,13th Gen,8.0,1024.0,White,2.88,,,193611.61,,4.7
Dell,15,11th Gen,32.0,1024.0,Black,1.47,Intel Core i3,,175039.97,,2.8
Hp,16,10th Gen,4.0,256.0,Blue,1.76,AMD Ryzen 3,,36884.51,,4.6
Acer,X1,11th Gen,16.0,256.0,Silver,2.04,AMD Ryzen 5,,81719.95,,4.6
Dell,15,11th Gen,32.0,256.0,White,1.66,AMD Ryzen 5,477.03,58779.78,16.5,3.3
Lenovo,VivoBook,13th Gen,16.0,512.0,White,2.23,Intel Core i5,458.66,32390.78,31.68,3.5
Lenovo,Inspiron,13th Gen,12.0,512.0,Silver,2.86,AMD Ryzen 7,,193282.22,,3.5
Hp,VivoBook,13th Gen,16.0,512.0,White,1.8,Intel Core i7,646.16,179927.38,,3.5
Hp,X1,12th Gen,32.0,512.0,Black,2.42,AMD Ryzen 3,297.69,32304.15,,2.6
Acer,VivoBook,12th Gen,16.0,1024.0,Silver,2.54,Intel Core i7,112.56,174241.62,,4.0
Asus,14,12th Gen,12.0,1024.0,Black,1.58,AMD Ryzen 5,641.59,183409.58,6.19,3.0
Asus,15,10th Gen,32.0,256.0,Black,1.4,Intel Core i5,,109998.43,,2.6
Asus,16,11th Gen,12.0,512.0,Grey,1.73,AMD Ryzen 5,479.12,72209.74,,4.1
Lenovo,16,10th Gen,16.0,256.0,White,1.43,AMD Ryzen 3,928.5,129735.56,34.9,2.5
Hp,15,12th Gen,4.0,256.0,Silver,1.78,AMD Ryzen 3,,49880.65,0.84,3.8
Acer,Inspiron,13th Gen,12.0,1024.0,Silver,2.74,Intel Core i7,,142171.82,,4.2
Dell,16,10th Gen,4.0,256.0,Silver,2.69,AMD Ryzen 7,,195762.86,,3.0
Acer,X1,10th Gen,16.0,256.0,Grey,2.32,Intel Core i5,,106746.92,15.41,4.7
Hp,Inspiron,13th Gen,32.0,256.0,Blue,2.56,Intel Core i5,199.22,87003.08,,4.0
Acer,X1,12th Gen,4.0,256.0,White,2.66,AMD Ryzen 7,,147193.18,28.82,4.8
Asus,Inspiron,12th Gen,4.0,256.0,Grey,1.29,AMD Ryzen 7,,72259.11,48.32,4.7
Dell,X1,13th Gen,16.0,1024.0,Blue,1.39,Intel Core i3,,89162.16,25.19,4.3
Asus,VivoBook,10th Gen,8.0,1024.0,Blue,1.72,AMD Ryzen 5,,137641.37,27.28,3.1
Dell,14,11th Gen,16.0,512.0,Blue,1.26,Intel Core i5,286.97,175936.01,,4.2
Acer,VivoBook,10th Gen,8.0,512.0,White,2.45,Intel Core i3,639.5,76021.55,,4.2
Asus,Inspiron,10th Gen,8.0,512.0,Grey,2.77,AMD Ryzen 5,,80031.52,7.22,2.9
Hp,14,10th Gen,16.0,512.0,Blue,1.35,AMD Ryzen 5,171.47,70560.64,22.34,3.0
Acer,16,11th Gen,16.0,512.0,Blue,2.22,Intel Core i7,953.77,127896.03,8.49,3.3
Hp,Inspiron,13th Gen,8.0,256.0,White,2.87,Intel Core i5,,87418.98,26.4,4.4
Lenovo,14,12th Gen,32.0,256.0,Grey,2.57,Intel Core i7,,164402.84,,3.4
Dell,VivoBook,12th Gen,16.0,512.0,Black,1.66,Intel Core i3,396.21,126421.6,8.91,3.0
Asus,Inspiron,11th Gen,4.0,512.0,Silver,2.61,Intel Core i5,,150007.24,39.93,2.6
Dell,VivoBook,12th Gen,32.0,512.0,Blue,1.65,AMD Ryzen 3,,194303.3,,4.1
Acer,16,10th Gen,16.0,512.0,Silver,2.35,AMD Ryzen 5,,108373.38,,3.7
Acer,X1,11th Gen,4.0,512.0,Black,2.26,Intel Core i7,,84095.81,,3.9
Lenovo,VivoBook,11th Gen,16.0,256.0,Black,2.35,AMD Ryzen 3,,68532.25,,4.2
Lenovo,X1,13th Gen,32.0,1024.0,Black,1.55,Intel Core i3,,79593.71,,2.7
Lenovo,X1,11th Gen,16.0,512.0,Silver,2.74,Intel Core i5,,168624.0,0.93,3.0
Dell,15,12th Gen,32.0,256.0,Black,2.33,AMD Ryzen 3,,184708.51,,3.9
Acer,Inspiron,12th Gen,16.0,512.0,Blue,2.14,Intel Core i3,,193939.84,,4.4
Lenovo,16,10th Gen,4.0,256.0,White,1.29,AMD Ryzen 5,,98946.7,,4.4
Hp,16,10th Gen,32.0,512.0,White,2.72,AMD Ryzen 7,668.11,34298.72,14.46,4.4
Lenovo,14,12th Gen,8.0,256.0,Blue,1.66,AMD Ryzen 7,843.21,67075.43,19.65,4.1
Asus,16,11th Gen,12.0,512.0,Silver,1.62,AMD Ryzen 5,,72580.83,27.07,3.5
Asus,16,11th Gen,16.0,512.0,Silver,2.97,AMD Ryzen 3,,31530.18,16.26,3.0
Asus,15,12th Gen,8.0,1024.0,Grey,1.69,AMD Ryzen 3,,44567.38,18.85,4.1
Lenovo,16,13th Gen,4.0,512.0,Grey,2.0,Intel Core i5,,168975.33,,3.4
Hp,VivoBook,13th Gen,32.0,256.0,Silver,1.55,AMD Ryzen 7,874.52,142913.59,1.03,4.1
Acer,X1,11th Gen,32.0,1024.0,White,2.2,AMD Ryzen 3,,59600.83,,2.9
Lenovo,16,11th Gen,16.0,256.0,Silver,1.48,Intel Core i5,,199335.35,,3.9
Dell,X1,11th Gen,16.0,512.0,White,2.76,AMD Ryzen 7,149.48,153361.99,,4.0
Lenovo,X1,10th Gen,12.0,256.0,Grey,1.23,AMD Ryzen 5,636.47,35209.83,4.65,3.4
Dell,Inspiron,11th Gen,32.0,256.0,Silver,2.78,Intel Core i5,,182676.42,,4.4
Asus,VivoBook,13th Gen,8.0,256.0,White,1.3,Intel Core i3,154.96,100838.06,35.9,3.9
Dell,15,10th Gen,16.0,256.0,Blue,1.49,Intel Core i5,,23954.17,,2.6
Asus,X1,10th Gen,12.0,1024.0,Black,2.77,Intel Core i7,,85744.33,,2.8
Lenovo,VivoBook,13th Gen,12.0,256.0,Blue,1.77,AMD Ryzen 3,189.87,90670.86,25.84,3.9
Hp,15,13th Gen,16.0,1024.0,Grey,2.82,AMD Ryzen 7,954.28,24050.37,,2.9
Hp,Inspiron,11th Gen,32.0,512.0,Black,,Intel Core i5,328.9,162410.17,19.52,4.6
Hp,16,12th Gen,4.0,512.0,Grey,1.49,Intel Core i7,856.51,91739.95,,3.6
Lenovo,Inspiron,10th Gen,12.0,256.0,Grey,2.62,Intel Core i5,,25757.72,19.27,3.4
Hp,Inspiron,11th Gen,8.0,256.0,Grey,2.53,Intel Core i7,105.93,183671.57,,2.6
Asus,X1,11th Gen,,512.0,Blue,2.21,Intel Core i5,,96336.96,,4.2
Hp,Inspiron,13th Gen,16.0,1024.0,Blue,2.19,Intel Core i5,,179874.39,,3.8
Dell,X1,13th Gen,32.0,512.0,Blue,2.14,AMD Ryzen 3,,185093.78,,2.8
Dell,X1,11th Gen,32.0,256.0,Silver,2.68,Intel Core i5,288.65,48922.14,44.43,2.8
Hp,14,11th Gen,8.0,512.0,Silver,2.31,AMD Ryzen 7,632.12,193085.86,23.39,4.9
Lenovo,14,10th Gen,32.0,1024.0,White,2.15,Intel Core i3,918.96,21984.3,49.44,3.7
Lenovo,14,11th Gen,12.0,1024.0,Black,1.67,AMD Ryzen 3,112.69,104533.28,13.39,3.6
Dell,14,12th Gen,32.0,512.0,Blue,2.73,Intel Core i3,640.1,164785.55,14.32,3.9
Acer,X1,13th Gen,8.0,256.0,Grey,1.98,AMD Ryzen 7,346.77,42032.99,2.25,2.6
Dell,15,10th Gen,16.0,512.0,Silver,2.97,AMD Ryzen 7,,99619.27,21.56,3.8
Asus,X1,13th Gen,4.0,256.0,Black,2.66,Intel Core i3,,194895.65,40.43,2.8
Lenovo,Inspiron,11th Gen,32.0,1024.0,Black,2.8,Intel Core i3,,153850.95,,3.9
Lenovo,X1,13th Gen,8.0,1024.0,Silver,2.68,AMD Ryzen 7,,24026.02,,3.7
Lenovo,16,11th Gen,8.0,1024.0,Grey,2.96,Intel Core i3,521.71,58154.18,,4.2
Dell,15,10th Gen,12.0,512.0,Grey,2.48,AMD Ryzen 5,,158287.52,,4.1
Dell,VivoBook,12th Gen,4.0,512.0,White,1.55,Intel Core i7,678.53,125044.4,,4.1
Dell,Inspiron,13th Gen,8.0,256.0,White,2.44,AMD Ryzen 3,794.39,81752.26,3.97,3.3
Asus,X1,10th Gen,8.0,1024.0,Silver,1.71,AMD Ryzen 7,656.73,153590.56,,5.0
Hp,15,11th Gen,4.0,512.0,White,2.64,Intel Core i3,,48733.14,40.85,2.8
Acer,X1,11th Gen,32.0,1024.0,White,1.91,AMD Ryzen 5,702.06,133148.07,,4.7
Acer,15,12th Gen,8.0,512.0,Grey,1.87,Intel Core i3,,97596.44,9.17,3.8
Hp,14,10th Gen,4.0,1024.0,Black,2.79,AMD Ryzen 5,,145354.86,14.11,3.6
Asus,15,12th Gen,16.0,512.0,Silver,2.4,Intel Core i7,323.73,115988.9,,4.1
Acer,VivoBook,10th Gen,4.0,512.0,Silver,1.75,AMD Ryzen 3,387.8,74296.88,2.22,4.6
Dell,16,11th Gen,32.0,512.0,Black,2.94,Intel Core i7,,60713.12,,3.0
Dell,X1,13th Gen,12.0,1024.0,Blue,2.36,AMD Ryzen 7,,28079.39,2.67,3.8
Dell,16,10th Gen,4.0,256.0,White,1.87,Intel Core i3,,24739.97,,3.7
Dell,VivoBook,12th Gen,32.0,256.0,Black,2.53,AMD Ryzen 3,,196240.23,9.89,2.7
Dell,Inspiron,10th Gen,32.0,512.0,Black,2.27,Intel Core i5,,80525.42,,4.1
Lenovo,VivoBook,10th Gen,4.0,256.0,White,1.56,AMD Ryzen 3,,117875.28,32.6,3.5
Acer,15,13th Gen,8.0,1024.0,Blue,1.86,Intel Core i7,,34721.15,39.79,3.0
Asus,14,13th Gen,8.0,256.0,Silver,2.74,AMD Ryzen 5,,121171.05,,2.7
Lenovo,16,12th Gen,4.0,256.0,Grey,2.65,AMD Ryzen 7,,86106.6,,4.7
Hp,X1,13th Gen,8.0,256.0,Silver,2.83,Intel Core i3,559.35,180776.83,,3.3
Dell,15,12th Gen,32.0,1024.0,Silver,1.42,AMD Ryzen 5,218.46,188625.2,,3.2
Acer,VivoBook,12th Gen,8.0,256.0,Grey,1.3,Intel Core i3,341.28,74075.19,,2.6
Lenovo,15,11th Gen,8.0,512.0,Black,2.44,Intel Core i5,693.18,51544.29,,3.9
Hp,16,11th Gen,8.0,256.0,Blue,2.03,AMD Ryzen 7,741.61,34905.82,49.1,2.7
Dell,16,13th Gen,16.0,256.0,White,2.39,Intel Core i7,525.86,94763.75,,4.7
Dell,Inspiron,11th Gen,12.0,512.0,Blue,2.23,Intel Core i3,454.42,83230.13,38.36,4.8
Acer,14,10th Gen,16.0,1024.0,Black,2.1,AMD Ryzen 3,,43181.86,47.24,3.6
Hp,Inspiron,13th Gen,12.0,256.0,Blue,2.38,Intel Core i3,800.15,167324.97,36.37,3.0
Asus,14,12th Gen,4.0,512.0,Silver,1.79,AMD Ryzen 5,184.16,54018.62,,3.5
Hp,14,12th Gen,12.0,1024.0,Blue,1.61,AMD Ryzen 3,,186919.33,9.3,4.7
Dell,VivoBook,11th Gen,4.0,1024.0,Blue,2.82,AMD Ryzen 3,,188637.6,,4.0
Asus,15,13th Gen,32.0,512.0,Blue,2.69,Intel Core i5,831.02,33268.43,49.67,2.6
Hp,X1,13th Gen,8.0,512.0,Black,2.19,AMD Ryzen 3,,67482.42,19.8,2.8
Hp,15,13th Gen,4.0,512.0,Blue,1.41,AMD Ryzen 7,153.65,110696.22,18.29,3.9
Dell,VivoBook,10th Gen,4.0,512.0,White,1.99,Intel Core i7,360.36,65726.83,3.64,2.6
Lenovo,14,11th Gen,12.0,1024.0,Silver,2.01,AMD Ryzen 7,324.38,90998.94,1.58,4.3
Hp,14,13th Gen,4.0,512.0,Blue,2.84,AMD Ryzen 7,398.93,192892.23,,4.0
Hp,14,12th Gen,16.0,256.0,Black,2.49,Intel Core i5,,184360.12,29.4,3.7
Dell,15,11th Gen,8.0,256.0,Black,2.7,Intel Core i7,,174145.79,,3.3
Lenovo,15,11th Gen,4.0,1024.0,White,1.49,Intel Core i7,,39866.63,,2.5
Dell,VivoBook,11th Gen,32.0,1024.0,White,1.27,Intel Core i7,840.65,85495.54,9.6,3.6
Acer,X1,11th Gen,12.0,256.0,Grey,2.48,Intel Core i7,,40386.82,,3.6
Acer,VivoBook,12th Gen,4.0,1024.0,Black,2.98,Intel Core i5,,185092.01,,4.2
Lenovo,14,10th Gen,16.0,512.0,Grey,2.49,Intel Core i7,830.29,21447.54,,3.8
Hp,16,11th Gen,16.0,1024.0,White,2.35,Intel Core i5,,56492.33,36.65,3.2
Dell,X1,11th Gen,32.0,1024.0,Black,2.2,AMD Ryzen 7,,164401.03,,3.2
Acer,15,12th Gen,12.0,1024.0,Black,1.77,AMD Ryzen 7,470.62,185073.71,,4.5
Acer,Inspiron,13th Gen,4.0,512.0,Black,2.49,Intel Core i5,,59433.53,28.37,4.2
Hp,Inspiron,13th Gen,4.0,256.0,White,1.91,Intel Core i7,246.65,46128.5,,3.6
Asus,VivoBook,12th Gen,32.0,256.0,Blue,2.79,Intel Core i5,,166942.42,28.59,3.9
Lenovo,X1,11th Gen,32.0,512.0,Black,2.28,AMD Ryzen 7,,154105.6,,2.5
Acer,15,10th Gen,16.0,512.0,Black,2.86,AMD Ryzen 3,407.07,100247.32,,2.6
Dell,X1,12th Gen,4.0,1024.0,Blue,2.21,AMD Ryzen 3,,141615.83,,3.7
Lenovo,16,13th Gen,8.0,256.0,Silver,2.25,AMD Ryzen 7,,40042.38,24.74,3.6
Asus,14,12th Gen,8.0,1024.0,White,2.9,AMD Ryzen 5,,174865.44,2.35,3.3
Asus,Inspiron,11th Gen,4.0,256.0,Grey,2.32,Intel Core i5,374.4,34200.14,,4.0
Lenovo,X1,10th Gen,32.0,1024.0,Silver,2.59,Intel Core i7,694.78,130562.76,,3.4
Dell,Inspiron,10th Gen,12.0,1024.0,Grey,2.92,,,81408.15,,4.0
Lenovo,VivoBook,10th Gen,4.0,1024.0,Black,1.36,Intel Core i3,,117201.16,,4.3
Asus,VivoBook,10th Gen,16.0,512.0,Black,1.77,AMD Ryzen 3,708.88,179751.24,11.28,4.7
Asus,15,11th Gen,32.0,512.0,Silver,2.36,AMD Ryzen 7,406.22,30082.39,34.79,3.5
Dell,Inspiron,13th Gen,8.0,256.0,Silver,1.98,AMD Ryzen 7,611.41,172228.15,39.98,3.8
Asus,15,12th Gen,12.0,256.0,White,2.86,Intel Core i3,,192564.6,,3.4
Dell,X1,12th Gen,4.0,1024.0,Grey,1.2,Intel Core i5,,194325.09,22.3,3.3
Acer,Inspiron,10th Gen,16.0,512.0,White,1.79,AMD Ryzen 3,,85953.88,,2.8
Asus,16,11th Gen,8.0,1024.0,Grey,2.7,,,196177.23,,2.8
Hp,Inspiron,12th Gen,12.0,256.0,Blue,2.11,Intel Core i5,,190525.53,,4.5
Lenovo,Inspiron,11th Gen,12.0,512.0,Grey,1.99,AMD Ryzen 7,724.4,184404.17,42.45,3.8
Lenovo,VivoBook,13th Gen,8.0,1024.0,Grey,1.4,Intel Core i3,122.13,25413.35,36.1,2.9
Acer,Inspiron,12th Gen,4.0,512.0,Blue,2.51,AMD Ryzen 3,,117042.45,,3.2
Lenovo,15,13th Gen,16.0,256.0,Black,2.15,Intel Core i3,,86184.35,,4.2
Acer,15,10th Gen,8.0,256.0,Silver,2.87,AMD Ryzen 5,397.03,77039.24,,4.7
Hp,15,12th Gen,8.0,1024.0,Grey,1.88,AMD Ryzen 5,316.04,30176.87,48.75,2.7
Lenovo,X1,13th Gen,16.0,512.0,Silver,2.22,Intel Core i3,,78825.58,0.97,4.1
Lenovo,14,10th Gen,4.0,512.0,Black,2.01,AMD Ryzen 5,831.61,179793.77,32.35,3.3
Dell,X1,11th Gen,16.0,1024.0,Silver,1.22,AMD Ryzen 3,609.13,85164.12,38.7,4.4
Acer,14,13th Gen,8.0,256.0,White,1.57,AMD Ryzen 5,737.67,170797.66,,3.9
Acer,X1,11th Gen,4.0,1024.0,Grey,2.16,Intel Core i3,266.29,166789.18,,4.8
Acer,Inspiron,10th Gen,12.0,256.0,Grey,1.9,AMD Ryzen 7,115.72,31968.49,,2.6
Asus,X1,10th Gen,12.0,1024.0,Black,2.97,Intel Core i3,,162653.58,,4.3
Lenovo,Inspiron,11th Gen,8.0,256.0,White,1.24,AMD Ryzen 5,837.61,192000.54,7.2,4.4
Acer,X1,11th Gen,4.0,512.0,Grey,1.59,AMD Ryzen 7,,103217.04,,2.7
Lenovo,14,11th Gen,16.0,256.0,White,1.21,AMD Ryzen 5,759.7,178223.69,10.02,4.4
Acer,X1,10th Gen,12.0,1024.0,White,2.07,AMD Ryzen 3,494.03,59123.49,41.11,4.2
Acer,16,13th Gen,16.0,512.0,Black,1.68,AMD Ryzen 3,579.03,32358.61,18.73,3.6
Lenovo,Inspiron,10th Gen,32.0,512.0,Grey,2.45,AMD Ryzen 5,804.86,121158.69,15.88,2.6
Acer,X1,11th Gen,32.0,512.0,Blue,2.52,Intel Core i5,467.67,92321.28,,3.3
Asus,16,12th Gen,32.0,256.0,White,2.12,AMD Ryzen 7,634.28,48521.03,,5.0
Dell,14,13th Gen,32.0,1024.0,Blue,1.21,AMD Ryzen 5,,30053.68,8.31,2.8
Dell,X1,10th Gen,32.0,1024.0,Grey,1.29,Intel Core i7,110.99,193636.72,,4.1
Hp,X1,13th Gen,16.0,1024.0,Black,2.52,AMD Ryzen 7,,82710.69,22.16,4.8
Asus,VivoBook,11th Gen,4.0,1024.0,White,1.2,AMD Ryzen 7,208.21,181968.51,,5.0
Dell,Inspiron,11th Gen,12.0,256.0,Black,2.81,AMD Ryzen 7,973.28,142157.08,44.66,2.6
Acer,Inspiron,12th Gen,8.0,512.0,Grey,2.99,Intel Core i3,,128494.26,,2.9
Asus,Inspiron,10th Gen,8.0,1024.0,Grey,1.96,Intel Core i5,408.5,25789.85,,4.3
Hp,VivoBook,13th Gen,12.0,512.0,Blue,2.44,Intel Core i7,,61421.1,,4.1
Lenovo,X1,12th Gen,32.0,1024.0,Silver,1.78,Intel Core i5,801.8,147336.04,32.41,4.5
Hp,16,13th Gen,8.0,512.0,Black,2.01,AMD Ryzen 5,267.56,29079.09,28.62,3.4
Hp,X1,13th Gen,12.0,512.0,Silver,1.82,Intel Core i7,,139135.55,31.01,4.5
Acer,VivoBook,13th Gen,8.0,1024.0,Grey,2.41,Intel Core i7,577.96,151138.16,5.45,4.4
Lenovo,15,10th Gen,16.0,1024.0,Black,2.31,AMD Ryzen 3,232.74,100520.79,,4.3
Dell,14,13th Gen,12.0,1024.0,Black,1.75,AMD Ryzen 3,,83249.21,,4.2
Hp,15,13th Gen,32.0,512.0,Silver,1.63,AMD Ryzen 7,472.56,195547.11,,3.8
Lenovo,Inspiron,13th Gen,32.0,256.0,Black,2.6,AMD Ryzen 5,,162436.35,28.76,2.9
Hp,16,13th Gen,16.0,512.0,Black,2.83,AMD Ryzen 5,,134174.76,,3.4
Lenovo,X1,13th Gen,32.0,1024.0,Black,1.38,AMD Ryzen 5,862.52,128356.6,,4.9
Lenovo,15,11th Gen,12.0,256.0,Blue,2.41,Intel Core i3,161.86,86898.48,,4.1
Hp,X1,10th Gen,12.0,256.0,Black,2.66,Intel Core i5,722.7,68059.33,14.77,4.4
Lenovo,VivoBook,12th Gen,8.0,512.0,White,2.49,,,112381.36,36.72,4.9
Hp,16,12th Gen,16.0,256.0,Silver,1.52,Intel Core i5,275.1,92461.07,45.95,3.2
Lenovo,14,13th Gen,4.0,512.0,Black,1.73,AMD Ryzen 5,498.09,51053.3,37.69,3.9
Hp,X1,11th Gen,12.0,512.0,Blue,2.33,Intel Core i3,112.05,162235.38,24.56,4.5
Hp,Inspiron,11th Gen,32.0,512.0,Black,2.33,AMD Ryzen 7,,42009.27,,2.9
Dell,X1,12th Gen,12.0,512.0,Silver,2.79,AMD Ryzen 3,,98278.1,,3.9
Acer,Inspiron,12th Gen,4.0,1024.0,Blue,1.66,Intel Core i3,,158455.47,3.55,3.7
Hp,VivoBook,11th Gen,16.0,256.0,Blue,1.91,Intel Core i7,,99086.33,,4.7
Acer,14,13th Gen,12.0,512.0,Black,2.48,AMD Ryzen 7,794.99,92672.04,47.19,4.6
Dell,14,10th Gen,4.0,1024.0,Blue,1.24,AMD Ryzen 3,397.55,111586.41,,3.4
Dell,VivoBook,10th Gen,32.0,512.0,Grey,2.01,AMD Ryzen 3,341.9,75737.47,16.66,4.1
Asus,X1,12th Gen,16.0,512.0,Silver,2.18,Intel Core i3,,83130.09,,3.9
Acer,16,12th Gen,4.0,256.0,White,2.65,AMD Ryzen 7,372.52,180198.51,46.37,3.2
Lenovo,VivoBook,12th Gen,12.0,1024.0,Blue,1.7,Intel Core i7,,70763.57,30.92,4.4
Lenovo,14,11th Gen,32.0,1024.0,Black,1.91,Intel Core i5,,102152.86,,3.0
Lenovo,X1,11th Gen,8.0,512.0,Grey,2.37,Intel Core i5,340.72,142695.98,,3.7
Asus,16,12th Gen,16.0,256.0,Grey,2.48,Intel Core i3,619.23,72688.2,22.97,3.2
Dell,VivoBook,13th Gen,,256.0,Black,1.58,Intel Core i7,,194019.43,,4.3
Lenovo,14,13th Gen,12.0,256.0,Blue,2.71,Intel Core i3,878.65,163640.18,,4.2
Lenovo,16,10th Gen,12.0,1024.0,Grey,2.39,AMD Ryzen 5,730.01,155441.71,,3.3
Acer,VivoBook,12th Gen,4.0,256.0,Silver,2.96,Intel Core i5,,112442.03,28.6,3.3
Hp,16,10th Gen,4.0,512.0,Blue,2.92,AMD Ryzen 5,,61497.38,,4.8
Hp,VivoBook,11th Gen,4.0,256.0,Silver,1.51,Intel Core i5,,42109.34,10.07,2.7
Asus,15,12th Gen,32.0,256.0,Grey,2.01,Intel Core i3,139.83,124029.95,,2.6
Asus,15,13th Gen,16.0,256.0,Black,2.94,AMD Ryzen 3,973.87,70134.56,38.93,3.6
Dell,X1,13th Gen,12.0,256.0,Silver,2.81,Intel Core i5,,34006.59,,4.0
Dell,Inspiron,13th Gen,8.0,512.0,Black,1.78,AMD Ryzen 7,295.93,186643.04,,3.1
Acer,X1,12th Gen,8.0,512.0,Silver,1.4,AMD Ryzen 7,236.3,121576.58,,4.1
Asus,16,10th Gen,32.0,1024.0,Grey,2.19,Intel Core i3,,151440.13,,3.7
Acer,X1,10th Gen,4.0,1024.0,White,2.59,AMD Ryzen 5,688.44,132396.41,,4.9
Asus,X1,11th Gen,8.0,1024.0,Black,1.37,AMD Ryzen 3,265.1,115528.2,,3.6
Lenovo,15,12th Gen,8.0,512.0,Silver,2.59,Intel Core i5,625.82,138772.97,33.07,4.7
Asus,15,13th Gen,32.0,512.0,Grey,1.91,Intel Core i5,493.24,145158.99,,4.4
Asus,14,12th Gen,16.0,256.0,Silver,2.35,AMD Ryzen 5,600.51,41551.15,,3.0
Dell,Inspiron,10th Gen,8.0,1024.0,Blue,1.36,AMD Ryzen 7,,146339.31,13.61,3.1
Lenovo,16,13th Gen,4.0,256.0,Silver,2.25,Intel Core i7,,189118.89,,3.2
Dell,Inspiron,13th Gen,16.0,1024.0,Grey,1.43,AMD Ryzen 3,,158656.17,26.45,3.4
Acer,VivoBook,13th Gen,8.0,1024.0,Grey,1.26,Intel Core i3,,39352.82,,3.5
Dell,16,11th Gen,12.0,512.0,Blue,1.23,Intel Core i5,805.06,24916.94,23.98,3.3
Lenovo,14,13th Gen,12.0,1024.0,Blue,2.27,AMD Ryzen 5,753.88,167875.13,,3.8
Hp,Inspiron,10th Gen,8.0,512.0,Grey,1.82,Intel Core i3,936.35,152410.6,,4.7
Hp,Inspiron,10th Gen,32.0,1024.0,White,1.84,Intel Core i7,,143835.18,,2.9
Asus,14,13th Gen,4.0,512.0,White,1.9,AMD Ryzen 7,691.61,98660.4,2.27,2.7
Acer,15,12th Gen,16.0,256.0,Black,1.41,AMD Ryzen 3,753.72,101143.83,29.44,2.7
Dell,VivoBook,12th Gen,32.0,512.0,Blue,1.87,Intel Core i5,,33674.63,32.04,4.8
Acer,14,11th Gen,4.0,1024.0,Black,2.11,Intel Core i5,,133601.14,20.97,3.5
Lenovo,X1,11th Gen,16.0,256.0,Blue,1.43,AMD Ryzen 3,,41808.8,,3.3
Acer,14,11th Gen,12.0,512.0,Black,1.36,Intel Core i3,382.6,178497.76,35.55,3.5
Hp,14,11th Gen,16.0,512.0,Blue,1.95,AMD Ryzen 5,,136536.81,42.03,3.1
Hp,15,12th Gen,32.0,512.0,Grey,2.55,AMD Ryzen 5,,129724.57,,4.0
Dell,16,10th Gen,32.0,512.0,Grey,2.98,AMD Ryzen 7,495.87,115705.07,22.53,4.4
Acer,VivoBook,13th Gen,32.0,256.0,Black,2.89,Intel Core i3,360.56,186387.62,43.61,4.6
Dell,14,11th Gen,12.0,1024.0,Black,2.1,AMD Ryzen 7,,96404.55,49.65,4.1
Acer,15,12th Gen,4.0,1024.0,Black,2.74,Intel Core i7,,192872.91,1.47,2.7
Dell,16,11th Gen,4.0,1024.0,Blue,1.91,Intel Core i7,966.81,59792.61,,5.0
Hp,15,12th Gen,8.0,256.0,Grey,2.46,Intel Core i7,246.1,155465.78,38.8,3.6
Asus,VivoBook,10th Gen,8.0,256.0,White,1.33,AMD Ryzen 5,,103099.49,43.74,3.6
Asus,VivoBook,13th Gen,16.0,1024.0,White,1.89,Intel Core i5,,162189.95,11.82,2.7
Hp,X1,10th Gen,4.0,1024.0,Silver,1.93,AMD Ryzen 3,,199883.1,,4.1
Acer,14,11th Gen,4.0,1024.0,Black,2.91,AMD Ryzen 5,547.27,141976.22,,3.9
Dell,Inspiron,12th Gen,4.0,,Silver,2.97,Intel Core i3,753.89,138628.95,,3.0
Asus,X1,10th Gen,12.0,256.0,Black,2.78,Intel Core i5,418.8,124382.35,,3.2
Acer,14,11th Gen,8.0,256.0,Grey,1.76,Intel Core i3,,142338.44,,3.7
Asus,15,12th Gen,16.0,256.0,Black,1.67,Intel Core i3,,120667.25,,4.0
Asus,X1,11th Gen,32.0,256.0,Black,2.31,Intel Core i7,924.18,79119.25,,4.4
Lenovo,X1,12th Gen,8.0,512.0,Blue,1.72,AMD Ryzen 7,719.91,88798.69,,3.6
Acer,16,10th Gen,12.0,512.0,Grey,2.3,Intel Core i3,550.02,32688.44,26.92,2.9
Asus,14,10th Gen,16.0,1024.0,Grey,2.18,Intel Core i3,,144350.48,,3.1
Asus,14,12th Gen,4.0,256.0,Black,2.7,AMD Ryzen 3,805.17,20225.33,,2.9
Acer,14,12th Gen,4.0,256.0,Black,2.23,Intel Core i7,957.34,36045.19,46.43,4.8
Lenovo,X1,13th Gen,8.0,512.0,Blue,1.93,AMD Ryzen 5,,109902.92,,3.8
Hp,X1,11th Gen,4.0,1024.0,White,2.59,Intel Core i3,,81551.01,15.08,3.5
Asus,16,10th Gen,16.0,1024.0,White,1.32,AMD Ryzen 7,526.81,44288.05,41.56,4.7
Hp,16,10th Gen,,1024.0,Blue,1.74,AMD Ryzen 3,,138953.02,,4.1
Dell,14,10th Gen,8.0,256.0,Silver,2.01,Intel Core i7,131.72,57704.37,13.87,3.3
Dell,16,10th Gen,12.0,1024.0,White,1.39,AMD Ryzen 5,,26512.47,46.16,4.6
Dell,X1,12th Gen,12.0,1024.0,Grey,1.3,AMD Ryzen 7,117.62,34509.66,34.73,2.5
Acer,15,12th Gen,8.0,256.0,Blue,1.91,AMD Ryzen 3,115.76,101172.37,20.62,4.9
Asus,X1,10th Gen,16.0,1024.0,Black,1.95,Intel Core i5,411.45,140586.15,,4.4
Acer,Inspiron,12th Gen,4.0,512.0,White,1.62,Intel Core i5,802.63,108631.89,29.59,4.6
Dell,Inspiron,11th Gen,32.0,1024.0,Blue,2.71,AMD Ryzen 3,837.04,63755.65,,3.2
Asus,Inspiron,12th Gen,12.0,512.0,Blue,1.75,AMD Ryzen 7,,82065.41,,4.4
Dell,X1,12th Gen,4.0,512.0,Grey,1.46,Intel Core i3,456.55,151957.67,46.81,2.6
Acer,X1,13th Gen,12.0,1024.0,Black,1.55,Intel Core i7,,91386.3,,3.8
Lenovo,VivoBook,12th Gen,32.0,512.0,Silver,2.06,AMD Ryzen 5,,57632.4,,3.9
Asus,14,12th Gen,32.0,256.0,White,1.51,Intel Core i7,,111881.21,18.47,3.0
Acer,16,13th Gen,12.0,256.0,Blue,1.95,AMD Ryzen 5,218.17,76279.89,,4.7
Lenovo,VivoBook,12th Gen,16.0,512.0,Grey,2.12,AMD Ryzen 5,332.6,143971.03,,4.5
Acer,Inspiron,13th Gen,12.0,256.0,Grey,1.45,Intel Core i3,,22978.91,,3.1
Asus,15,11th Gen,4.0,1024.0,White,2.95,,,147918.75,,4.0
Dell,X1,12th Gen,8.0,1024.0,Black,1.63,Intel Core i7,,196580.21,,4.2
Hp,VivoBook,13th Gen,4.0,1024.0,Blue,2.89,AMD Ryzen 7,,148906.27,,4.2
Hp,15,11th Gen,4.0,512.0,Black,2.75,AMD Ryzen 3,922.41,71974.31,,3.9
Acer,X1,11th Gen,32.0,,Silver,1.39,Intel Core i5,,145228.01,44.74,4.6
Acer,Inspiron,12th Gen,12.0,256.0,Grey,2.87,Intel Core i5,485.9,75862.03,,3.1
Dell,Inspiron,10th Gen,4.0,256.0,Silver,2.67,Intel Core i3,271.42,91829.32,24.52,3.7
Acer,VivoBook,12th Gen,32.0,1024.0,Silver,1.45,AMD Ryzen 3,636.76,98729.12,,2.9
Acer,14,13th Gen,12.0,1024.0,Silver,2.34,Intel Core i3,,145229.62,,3.2
Dell,16,11th Gen,16.0,512.0,Silver,1.88,AMD Ryzen 5,,187474.9,3.35,5.0
Dell,16,13th Gen,16.0,256.0,Silver,2.62,AMD Ryzen 3,,27348.79,30.15,3.5
Hp,Inspiron,12th Gen,12.0,1024.0,Grey,1.77,AMD Ryzen 3,,48427.27,,3.5
Asus,Inspiron,13th Gen,12.0,1024.0,Grey,1.3,Intel Core i3,,38213.2,,3.2
Acer,Inspiron,11th Gen,,512.0,White,2.25,Intel Core i3,288.11,186288.95,,2.6
Asus,VivoBook,13th Gen,16.0,256.0,Blue,2.69,Intel Core i5,871.52,164116.52,,2.7
Lenovo,16,11th Gen,16.0,1024.0,White,2.99,AMD Ryzen 3,510.9,140823.69,45.98,3.5
Lenovo,14,10th Gen,4.0,256.0,Grey,1.93,Intel Core i7,,152396.77,,3.5
Hp,14,13th Gen,4.0,256.0,White,2.84,Intel Core i7,,53236.19,46.01,2.6
Dell,Inspiron,10th Gen,32.0,256.0,Blue,2.66,Intel Core i5,220.19,145114.25,,4.2
Lenovo,Inspiron,12th Gen,16.0,512.0,Black,2.97,Intel Core i3,599.48,99661.41,,4.0
Dell,16,13th Gen,12.0,1024.0,Grey,2.91,AMD Ryzen 3,,37715.38,,3.5
Dell,16,12th Gen,4.0,256.0,Blue,2.08,AMD Ryzen 7,,138742.65,,4.0
Acer,14,13th Gen,32.0,512.0,White,2.78,Intel Core i3,,103239.41,,4.9
Asus,15,13th Gen,32.0,256.0,White,1.32,Intel Core i5,,116319.72,17.67,4.8
Hp,15,11th Gen,8.0,256.0,White,1.77,Intel Core i5,401.35,66292.6,13.71,5.0
Dell,X1,12th Gen,32.0,256.0,Black,2.98,AMD Ryzen 5,176.17,90314.62,9.79,4.6
Acer,X1,10th Gen,16.0,1024.0,Black,2.75,Intel Core i7,738.32,82926.49,,3.4
Asus,15,12th Gen,32.0,256.0,Blue,1.95,AMD Ryzen 7,365.83,40935.55,37.07,3.3
Dell,14,12th Gen,4.0,1024.0,Grey,2.21,Intel Core i3,,75040.63,18.36,4.3
Hp,15,11th Gen,32.0,512.0,Black,2.35,Intel Core i7,,77439.86,,3.7
Dell,X1,11th Gen,16.0,512.0,Grey,1.88,Intel Core i5,,56828.44,,3.9
Asus,X1,11th Gen,12.0,1024.0,Grey,1.41,,889.49,142312.22,,4.1
Dell,15,10th Gen,4.0,1024.0,Black,1.23,AMD Ryzen 3,,67177.28,,3.6
Dell,X1,11th Gen,16.0,512.0,Grey,1.52,AMD Ryzen 3,804.88,42692.41,23.08,3.6
Asus,14,10th Gen,8.0,256.0,Grey,3.0,Intel Core i7,208.19,192592.87,,2.7
Dell,14,11th Gen,16.0,512.0,Silver,2.98,AMD Ryzen 5,495.9,52838.69,15.68,3.4
Asus,14,12th Gen,16.0,256.0,Black,2.57,AMD Ryzen 3,,48751.34,,2.6
Acer,14,12th Gen,12.0,1024.0,Black,2.94,Intel Core i5,542.81,110377.48,,4.8
Dell,14,10th Gen,4.0,1024.0,Grey,1.61,AMD Ryzen 3,,199754.59,,3.2
Acer,15,13th Gen,16.0,1024.0,Blue,1.71,AMD Ryzen 7,102.85,95891.49,,3.9
Asus,VivoBook,12th Gen,4.0,1024.0,Black,1.82,AMD Ryzen 7,331.42,191619.62,,2.7
Dell,15,13th Gen,16.0,,Blue,1.46,AMD Ryzen 5,,155932.77,27.98,4.2
Lenovo,15,10th Gen,12.0,512.0,Grey,1.31,AMD Ryzen 7,,130134.25,5.96,3.5
Lenovo,VivoBook,11th Gen,32.0,512.0,Silver,2.81,Intel Core i3,923.58,66498.59,,4.9
Acer,Inspiron,10th Gen,4.0,1024.0,White,1.8,Intel Core i3,540.53,53200.94,,2.7
Asus,X1,11th Gen,12.0,512.0,Blue,2.34,Intel Core i7,176.67,22768.02,,4.3
Hp,16,10th Gen,32.0,1024.0,Silver,2.95,AMD Ryzen 5,,147633.55,,4.4
Lenovo,16,12th Gen,4.0,512.0,Blue,1.45,AMD Ryzen 3,,157604.8,,3.3
Asus,14,13th Gen,12.0,1024.0,White,2.43,AMD Ryzen 5,,165742.84,29.99,3.8
Hp,X1,13th Gen,16.0,512.0,Grey,2.28,AMD Ryzen 5,,32378.07,2.64,4.2
Acer,15,11th Gen,32.0,256.0,Black,1.93,Intel Core i5,,110744.96,14.03,3.8
Asus,14,10th Gen,32.0,512.0,Grey,1.27,AMD Ryzen 7,989.64,20787.71,,4.2
Acer,16,12th Gen,16.0,1024.0,Grey,2.12,Intel Core i5,234.49,173469.42,,2.9
Hp,15,13th Gen,16.0,256.0,Black,1.51,Intel Core i7,464.02,55308.78,,2.5
Dell,15,12th Gen,4.0,512.0,Blue,1.89,AMD Ryzen 3,745.12,37247.57,,4.3
Dell,VivoBook,11th Gen,8.0,256.0,Blue,2.89,AMD Ryzen 3,344.02,50559.02,21.26,4.3
Hp,Inspiron,13th Gen,4.0,256.0,White,1.85,Intel Core i5,703.95,108718.53,,3.5
Acer,Inspiron,11th Gen,,256.0,Black,1.58,AMD Ryzen 7,377.67,118204.08,15.06,3.7
Dell,VivoBook,12th Gen,12.0,1024.0,Black,1.74,Intel Core i3,,174082.32,35.0,4.1
Lenovo,Inspiron,12th Gen,16.0,1024.0,Blue,2.36,Intel Core i7,,22537.07,1.24,4.3
Dell,Inspiron,13th Gen,12.0,512.0,Blue,2.1,AMD Ryzen 5,,24968.32,,4.2
Asus,15,10th Gen,32.0,1024.0,Silver,1.28,Intel Core i3,,127205.38,48.63,4.4
Hp,Inspiron,13th Gen,12.0,512.0,Grey,2.92,Intel Core i7,465.88,61273.43,12.05,4.2
Lenovo,Inspiron,11th Gen,12.0,256.0,White,1.64,Intel Core i3,,113079.22,,4.4
Dell,X1,10th Gen,32.0,256.0,Silver,2.96,AMD Ryzen 3,594.66,78903.97,,3.5
Lenovo,16,12th Gen,16.0,256.0,Silver,1.45,AMD Ryzen 3,,170135.55,11.41,3.9
Dell,Inspiron,10th Gen,12.0,1024.0,Black,2.45,AMD Ryzen 3,582.49,165337.06,,4.5
Acer,Inspiron,10th Gen,4.0,1024.0,White,2.89,AMD Ryzen 7,,160496.41,33.9,2.6
Dell,16,11th Gen,4.0,512.0,Blue,1.28,AMD Ryzen 7,,72372.55,15.43,4.5
Asus,16,11th Gen,8.0,1024.0,White,1.32,AMD Ryzen 3,,198016.0,,5.0
Asus,X1,13th Gen,32.0,1024.0,White,2.23,Intel Core i3,,177915.05,,4.9
Dell,X1,12th Gen,16.0,1024.0,Black,1.93,Intel Core i7,,26243.42,13.78,2.5
Acer,Inspiron,12th Gen,4.0,256.0,Black,1.64,AMD Ryzen 7,837.81,23066.24,44.18,3.5
Hp,X1,12th Gen,16.0,1024.0,Blue,1.37,Intel Core i3,,193043.75,1.81,3.1
Hp,X1,13th Gen,4.0,1024.0,White,2.62,AMD Ryzen 3,730.71,50356.23,42.45,5.0
Lenovo,15,13th Gen,4.0,256.0,Silver,2.77,Intel Core i3,459.6,28948.01,,4.0
Acer,X1,12th Gen,8.0,1024.0,Grey,2.77,AMD Ryzen 7,210.41,184423.73,0.78,2.9
Dell,X1,11th Gen,16.0,512.0,Silver,2.0,Intel Core i5,112.45,185584.09,,4.5
Lenovo,X1,12th Gen,8.0,1024.0,Grey,2.87,Intel Core i5,512.32,58072.22,40.98,3.0
Dell,16,10th Gen,32.0,256.0,Blue,1.43,AMD Ryzen 7,264.52,199852.76,19.7,2.6
Asus,X1,12th Gen,8.0,512.0,Black,1.44,Intel Core i5,115.89,149227.56,21.97,5.0
Asus,15,12th Gen,4.0,1024.0,White,2.31,AMD Ryzen 5,,75958.53,,4.9
Acer,VivoBook,11th Gen,32.0,256.0,Silver,3.0,AMD Ryzen 3,669.55,124915.97,38.78,3.5
Lenovo,X1,13th Gen,4.0,256.0,Black,2.5,Intel Core i3,,173338.53,17.04,4.6
Asus,Inspiron,11th Gen,16.0,256.0,Grey,2.06,AMD Ryzen 7,984.69,172208.66,27.07,2.9
Dell,14,12th Gen,12.0,512.0,Black,2.38,AMD Ryzen 5,543.41,105989.36,22.35,3.1
Hp,X1,10th Gen,4.0,1024.0,Blue,1.51,Intel Core i5,193.64,27273.79,,3.8
Asus,15,12th Gen,12.0,1024.0,Silver,1.92,AMD Ryzen 5,549.25,167365.26,19.57,2.7
Asus,Inspiron,10th Gen,12.0,1024.0,Silver,2.75,Intel Core i5,965.71,116693.0,,2.6
Acer,14,11th Gen,16.0,512.0,White,2.27,Intel Core i3,219.15,23952.45,35.61,4.6
Dell,16,12th Gen,32.0,512.0,Black,2.05,AMD Ryzen 3,859.07,93076.91,,2.8
Dell,16,13th Gen,32.0,256.0,Grey,1.75,AMD Ryzen 7,,189071.85,16.88,3.7
Asus,Inspiron,10th Gen,4.0,1024.0,Blue,1.88,AMD Ryzen 7,,170141.13,,4.3
Acer,15,13th Gen,12.0,256.0,Silver,2.74,AMD Ryzen 7,604.45,129673.57,,3.1
Acer,Inspiron,12th Gen,16.0,256.0,Grey,2.1,AMD Ryzen 7,945.38,30589.38,,4.7
Lenovo,Inspiron,12th Gen,8.0,512.0,Silver,2.36,Intel Core i7,,94058.77,23.92,3.0
Lenovo,15,11th Gen,8.0,1024.0,Grey,2.82,AMD Ryzen 7,,176225.07,35.48,2.7
Dell,16,11th Gen,8.0,256.0,Grey,2.55,Intel Core i5,,134986.95,8.1,4.2
Asus,Inspiron,11th Gen,16.0,1024.0,Silver,2.73,Intel Core i3,306.32,90787.46,39.48,2.8
Asus,VivoBook,11th Gen,32.0,256.0,Grey,1.66,AMD Ryzen 3,921.37,37516.44,,4.2
Hp,16,12th Gen,8.0,256.0,Black,2.67,AMD Ryzen 7,,147704.8,,3.6
Hp,16,12th Gen,32.0,1024.0,Blue,2.51,Intel Core i7,743.98,142990.89,,4.8
Hp,14,10th Gen,8.0,1024.0,Grey,2.19,Intel Core i3,,151237.98,4.5,4.5
Dell,15,11th Gen,32.0,1024.0,Blue,1.86,Intel Core i3,,109162.34,,4.7
Dell,15,12th Gen,8.0,256.0,Grey,2.37,AMD Ryzen 3,885.1,22159.29,6.27,3.6
Hp,15,12th Gen,12.0,1024.0,Silver,1.98,Intel Core i5,,178353.77,9.96,2.8
Dell,Inspiron,11th Gen,32.0,512.0,White,1.61,Intel Core i5,434.07,38058.97,,4.6
Lenovo,15,10th Gen,16.0,256.0,Black,1.43,Intel Core i7,,79568.69,,4.4
Lenovo,16,10th Gen,16.0,1024.0,Grey,2.54,AMD Ryzen 5,,176853.81,1.61,3.8
Hp,X1,12th Gen,16.0,512.0,Blue,2.41,Intel Core i3,,108518.1,44.4,4.6
Acer,Inspiron,10th Gen,16.0,256.0,White,2.76,AMD Ryzen 5,,157276.48,19.98,3.8
Dell,16,13th Gen,16.0,512.0,Silver,1.92,Intel Core i7,,83348.55,,3.6
Dell,VivoBook,10th Gen,4.0,1024.0,White,2.64,AMD Ryzen 7,637.59,125837.53,,4.5
Acer,VivoBook,11th Gen,8.0,512.0,White,1.98,AMD Ryzen 7,716.84,172273.54,43.97,4.1
Acer,VivoBook,11th Gen,12.0,512.0,White,2.05,AMD Ryzen 5,,64780.85,,4.7
Dell,VivoBook,12th Gen,8.0,1024.0,Blue,2.32,AMD Ryzen 7,370.5,123714.89,,2.6
Acer,14,12th Gen,4.0,256.0,Black,1.32,AMD Ryzen 3,952.89,97535.93,14.75,5.0
Lenovo,15,13th Gen,8.0,1024.0,White,2.93,AMD Ryzen 7,,104315.44,11.72,3.4
Lenovo,Inspiron,11th Gen,12.0,1024.0,White,1.23,Intel Core i7,174.32,123355.15,,4.4
Hp,VivoBook,13th Gen,8.0,1024.0,Black,2.97,Intel Core i3,200.76,185359.87,22.93,2.7
Asus,X1,12th Gen,8.0,1024.0,Grey,2.1,AMD Ryzen 5,825.55,51950.75,,3.8
Acer,14,10th Gen,16.0,256.0,Grey,1.96,Intel Core i5,,157797.15,2.31,4.9
Dell,X1,11th Gen,12.0,1024.0,Grey,2.35,Intel Core i5,409.39,37177.49,,3.1
Hp,14,10th Gen,32.0,512.0,Grey,2.98,Intel Core i3,645.28,43952.46,15.89,4.8
Acer,15,11th Gen,4.0,256.0,Silver,2.29,AMD Ryzen 5,,80941.19,,4.8
Hp,Inspiron,11th Gen,4.0,256.0,Blue,2.13,AMD Ryzen 5,782.46,38733.49,,2.6
Asus,Inspiron,10th Gen,4.0,1024.0,Silver,1.88,Intel Core i5,,93503.96,29.63,2.8
Asus,X1,13th Gen,16.0,1024.0,Silver,1.33,Intel Core i3,714.31,183875.94,,4.0
Dell,X1,12th Gen,32.0,256.0,Black,1.37,AMD Ryzen 5,257.69,128842.46,,2.7
Dell,X1,13th Gen,16.0,512.0,Black,2.26,AMD Ryzen 3,674.7,59826.96,29.91,4.5
Hp,VivoBook,11th Gen,12.0,256.0,Black,1.79,AMD Ryzen 3,,127334.44,,2.7
Acer,14,10th Gen,32.0,256.0,White,1.97,Intel Core i7,,172807.68,,2.7
Dell,VivoBook,10th Gen,16.0,256.0,Black,2.62,Intel Core i3,510.65,187972.09,8.43,3.4
Hp,16,12th Gen,16.0,256.0,Black,2.38,Intel Core i7,,83602.11,34.14,3.6
Asus,16,10th Gen,12.0,256.0,Black,1.56,Intel Core i7,,64719.04,,3.1
Asus,Inspiron,10th Gen,12.0,256.0,Blue,2.78,AMD Ryzen 7,270.21,99501.84,48.1,3.2
Hp,Inspiron,11th Gen,12.0,1024.0,Grey,2.32,AMD Ryzen 5,987.69,159925.11,40.64,4.2
Asus,15,10th Gen,32.0,256.0,White,2.04,Intel Core i3,690.53,81610.21,,5.0
Asus,15,13th Gen,32.0,1024.0,Blue,2.93,Intel Core i5,267.11,138023.39,,3.7
Lenovo,16,12th Gen,12.0,1024.0,Silver,1.25,Intel Core i3,459.39,157820.32,,4.2
Lenovo,Inspiron,12th Gen,12.0,256.0,Grey,1.61,AMD Ryzen 7,398.12,140485.77,43.08,4.6
Acer,X1,13th Gen,4.0,256.0,Black,2.27,Intel Core i7,946.77,49730.81,41.33,4.8
Acer,Inspiron,11th Gen,16.0,1024.0,Blue,2.62,Intel Core i7,,147107.17,,3.3
Dell,VivoBook,13th Gen,16.0,1024.0,Blue,2.11,Intel Core i5,605.16,179813.52,30.11,4.6
Lenovo,16,10th Gen,16.0,512.0,Black,2.82,AMD Ryzen 3,,77167.5,20.49,2.8
Lenovo,14,12th Gen,12.0,1024.0,Black,2.67,Intel Core i3,460.23,79366.29,,4.7
Hp,X1,10th Gen,32.0,512.0,Silver,2.94,Intel Core i3,,120839.61,39.34,4.8
Asus,16,11th Gen,4.0,512.0,Black,2.33,AMD Ryzen 7,,162321.79,,3.2
Hp,Inspiron,12th Gen,4.0,512.0,Blue,2.39,AMD Ryzen 7,,74743.78,,4.6
Hp,Inspiron,13th Gen,32.0,1024.0,Silver,1.72,Intel Core i7,,35103.6,9.74,4.7
Asus,X1,10th Gen,12.0,256.0,White,2.16,AMD Ryzen 7,,31336.25,,2.7
Lenovo,Inspiron,13th Gen,12.0,1024.0,Grey,1.46,Intel Core i5,,153086.92,,3.8
Asus,Inspiron,12th Gen,4.0,1024.0,White,1.48,AMD Ryzen 7,847.54,98837.0,,2.6
Acer,16,10th Gen,8.0,256.0,White,2.54,AMD Ryzen 3,,98513.94,45.92,3.5
Asus,14,12th Gen,4.0,1024.0,Silver,2.5,Intel Core i7,,198557.48,,2.9
Acer,X1,13th Gen,4.0,512.0,Blue,2.78,AMD Ryzen 5,724.98,97222.55,9.38,4.4
Acer,16,10th Gen,8.0,256.0,Blue,2.42,Intel Core i5,375.54,94665.24,,4.8
Lenovo,14,12th Gen,4.0,256.0,Blue,1.79,Intel Core i3,327.02,149856.39,,3.7
Lenovo,X1,10th Gen,16.0,256.0,Grey,2.74,Intel Core i3,,49256.99,24.76,3.0
Asus,15,11th Gen,16.0,256.0,Blue,2.92,Intel Core i5,,198621.25,,2.8
Dell,VivoBook,13th Gen,8.0,512.0,Silver,2.69,AMD Ryzen 7,,175804.88,1.36,3.2
Acer,16,13th Gen,8.0,512.0,Black,,Intel Core i7,,65251.46,29.22,4.4
Dell,VivoBook,13th Gen,12.0,1024.0,White,2.5,AMD Ryzen 5,,85485.7,,2.7
Hp,16,12th Gen,8.0,1024.0,Black,2.34,AMD Ryzen 3,,148284.58,,4.1
Hp,X1,13th Gen,8.0,256.0,Blue,2.74,Intel Core i3,148.36,155035.59,,3.9
Lenovo,X1,11th Gen,8.0,1024.0,Blue,1.61,Intel Core i3,,118922.26,34.87,2.5
Dell,14,10th Gen,32.0,1024.0,Black,1.61,AMD Ryzen 3,791.59,77890.12,47.89,4.6
Dell,15,11th Gen,32.0,256.0,Grey,2.86,AMD Ryzen 7,747.17,194162.58,,3.7
Asus,16,11th Gen,32.0,512.0,Blue,2.42,AMD Ryzen 7,,67959.72,,3.1
Acer,16,13th Gen,8.0,1024.0,Silver,2.04,AMD Ryzen 5,,26074.46,0.93,2.6
Lenovo,16,13th Gen,12.0,1024.0,Silver,1.25,Intel Core i7,306.69,173600.87,46.33,3.7
Lenovo,VivoBook,11th Gen,32.0,512.0,Blue,2.36,Intel Core i3,,149524.72,,3.1
Acer,16,10th Gen,16.0,512.0,White,2.31,Intel Core i3,156.76,160860.13,39.61,4.6
Lenovo,14,13th Gen,12.0,256.0,White,2.02,AMD Ryzen 5,653.42,138549.52,35.85,5.0
Acer,X1,12th Gen,4.0,512.0,Blue,1.57,Intel Core i5,,196879.38,,3.5
Lenovo,VivoBook,13th Gen,16.0,512.0,Blue,1.76,AMD Ryzen 3,932.5,101907.69,13.96,4.5
Asus,15,11th Gen,32.0,256.0,Black,2.65,AMD Ryzen 3,232.6,66318.56,0.93,4.1
Hp,X1,11th Gen,8.0,1024.0,White,1.44,AMD Ryzen 5,,144965.13,,2.9
Asus,16,13th Gen,8.0,256.0,Silver,1.4,Intel Core i7,,88651.47,29.51,4.2
Hp,Inspiron,10th Gen,12.0,512.0,White,1.65,AMD Ryzen 5,929.83,166066.28,22.46,3.5
Acer,Inspiron,13th Gen,12.0,256.0,Grey,2.68,Intel Core i7,134.24,20650.75,,2.7
Lenovo,15,11th Gen,32.0,512.0,Grey,1.92,Intel Core i3,587.9,77080.6,,4.8
Acer,X1,11th Gen,8.0,512.0,Grey,1.28,AMD Ryzen 5,,121251.29,,4.9
Acer,16,10th Gen,4.0,256.0,Blue,1.94,Intel Core i7,,177581.91,,4.3
Acer,14,13th Gen,4.0,1024.0,Blue,2.74,Intel Core i3,353.31,82467.54,48.3,3.4
Lenovo,15,12th Gen,12.0,512.0,Silver,2.11,Intel Core i3,992.51,36543.09,27.96,2.8
Dell,VivoBook,11th Gen,12.0,512.0,Grey,2.72,Intel Core i7,,95380.82,,4.9
Dell,15,13th Gen,8.0,512.0,Black,2.69,Intel Core i5,,82966.61,26.39,2.7
Dell,VivoBook,11th Gen,8.0,512.0,Blue,2.45,AMD Ryzen 5,,54524.85,42.3,3.9
Asus,Inspiron,11th Gen,4.0,256.0,Black,1.46,AMD Ryzen 3,434.99,91393.86,29.87,4.6
Dell,15,10th Gen,8.0,512.0,Blue,2.35,AMD Ryzen 7,744.57,59916.6,40.57,3.5
Dell,Inspiron,11th Gen,32.0,1024.0,Silver,2.88,Intel Core i3,,115442.05,46.85,3.5
Dell,14,10th Gen,12.0,256.0,Silver,1.75,AMD Ryzen 7,455.42,39474.58,,4.3
Dell,VivoBook,11th Gen,16.0,256.0,Blue,1.77,AMD Ryzen 7,,108740.97,8.87,3.4
Acer,VivoBook,10th Gen,12.0,1024.0,Grey,2.52,Intel Core i3,223.11,100076.94,17.5,4.2
Acer,Inspiron,13th Gen,32.0,512.0,Grey,2.7,Intel Core i7,875.09,74971.81,,4.6
Dell,15,12th Gen,16.0,512.0,Silver,,AMD Ryzen 5,,171633.72,,2.8
Hp,Inspiron,12th Gen,4.0,1024.0,Black,1.61,AMD Ryzen 7,256.09,125325.03,22.5,3.5
Acer,X1,10th Gen,12.0,1024.0,White,1.96,AMD Ryzen 7,,20927.1,,3.4
Acer,X1,12th Gen,16.0,512.0,Blue,2.58,Intel Core i3,,139538.93,,2.5
Acer,14,10th Gen,32.0,512.0,White,1.47,Intel Core i3,,95661.48,41.04,4.5
Asus,VivoBook,12th Gen,12.0,256.0,White,2.79,Intel Core i7,,50269.06,40.29,3.4
Asus,16,10th Gen,12.0,256.0,Grey,1.94,Intel Core i5,290.58,35097.5,,3.5
Acer,X1,10th Gen,8.0,512.0,Grey,2.85,AMD Ryzen 3,229.78,125366.8,,4.1
Hp,X1,10th Gen,16.0,1024.0,White,2.64,Intel Core i3,,128384.99,,4.1
Dell,Inspiron,11th Gen,32.0,512.0,White,2.51,AMD Ryzen 7,540.51,45941.47,30.05,5.0
Acer,15,12th Gen,32.0,1024.0,Blue,2.57,Intel Core i7,,39837.43,,4.7
Lenovo,16,13th Gen,32.0,512.0,Grey,1.86,Intel Core i7,685.24,107154.29,22.34,3.7
Asus,16,12th Gen,12.0,512.0,Black,2.28,AMD Ryzen 7,,109007.76,,3.9
Acer,14,10th Gen,8.0,512.0,White,1.6,Intel Core i7,,137937.08,,3.8
Asus,16,13th Gen,16.0,1024.0,Silver,2.45,Intel Core i7,,67021.32,1.02,3.9
Asus,16,12th Gen,16.0,1024.0,Grey,2.33,Intel Core i3,440.42,158474.22,28.46,4.2
Acer,Inspiron,12th Gen,4.0,1024.0,Grey,2.82,Intel Core i5,784.33,90861.9,29.54,3.9
Lenovo,VivoBook,10th Gen,8.0,512.0,Blue,1.59,AMD Ryzen 7,226.53,40178.14,27.51,2.9
Dell,VivoBook,12th Gen,8.0,512.0,Blue,1.58,Intel Core i3,466.47,47210.5,,2.7
Acer,16,13th Gen,12.0,1024.0,Grey,1.36,AMD Ryzen 5,,111657.68,,4.4
Hp,16,11th Gen,8.0,256.0,Blue,2.39,Intel Core i3,638.04,115738.6,,4.3
Asus,14,10th Gen,16.0,1024.0,Black,3.0,Intel Core i7,,171633.56,,3.2
Lenovo,Inspiron,11th Gen,4.0,256.0,Silver,2.99,AMD Ryzen 3,951.98,43776.58,,2.6
Hp,Inspiron,10th Gen,32.0,256.0,White,1.73,AMD Ryzen 7,,119212.88,6.4,4.5
Dell,Inspiron,10th Gen,12.0,256.0,Black,1.85,AMD Ryzen 3,909.86,165259.06,32.36,2.8
Acer,16,11th Gen,8.0,1024.0,Silver,1.84,Intel Core i3,343.77,73193.7,10.73,4.2
Hp,VivoBook,13th Gen,32.0,512.0,Silver,1.31,Intel Core i3,,173588.67,,4.1
Lenovo,15,12th Gen,4.0,256.0,Blue,1.79,Intel Core i5,,182285.14,,4.6
Hp,X1,13th Gen,8.0,512.0,White,2.66,AMD Ryzen 5,786.8,132791.93,,3.9
Lenovo,VivoBook,11th Gen,4.0,512.0,Grey,1.99,AMD Ryzen 5,353.11,99294.73,15.22,4.0
Acer,Inspiron,12th Gen,12.0,256.0,Silver,1.96,AMD Ryzen 3,161.02,54230.8,,3.3
Acer,Inspiron,12th Gen,8.0,1024.0,Blue,1.3,AMD Ryzen 3,990.17,61687.7,28.8,3.1
Hp,14,13th Gen,32.0,512.0,White,2.19,AMD Ryzen 7,687.25,99427.34,27.21,3.1
Lenovo,Inspiron,11th Gen,4.0,1024.0,Black,2.35,Intel Core i7,,41773.48,,2.7
Dell,Inspiron,13th Gen,16.0,1024.0,White,2.96,AMD Ryzen 3,965.04,156826.81,,4.9
Lenovo,VivoBook,11th Gen,32.0,256.0,White,1.94,AMD Ryzen 5,564.59,76939.56,,5.0
Asus,Inspiron,13th Gen,12.0,256.0,White,2.64,Intel Core i7,,46092.8,44.63,4.6
Hp,X1,10th Gen,12.0,512.0,Silver,1.25,Intel Core i7,,137825.67,22.14,2.5
Asus,X1,11th Gen,16.0,256.0,Grey,2.62,Intel Core i3,,176699.74,,3.8
Lenovo,14,12th Gen,16.0,256.0,Blue,2.46,Intel Core i3,496.17,100985.22,,3.4
Asus,16,10th Gen,4.0,512.0,Blue,2.46,AMD Ryzen 3,,176325.99,41.73,4.9
Acer,X1,10th Gen,32.0,512.0,White,2.5,AMD Ryzen 5,,41791.16,,4.6
Dell,X1,12th Gen,4.0,512.0,Grey,2.75,Intel Core i5,,164612.83,,3.2
Acer,Inspiron,13th Gen,32.0,256.0,White,2.24,Intel Core i7,788.55,55877.32,36.7,4.6
Lenovo,14,12th Gen,32.0,1024.0,Silver,2.16,AMD Ryzen 3,,54667.3,30.05,3.4
Asus,14,11th Gen,4.0,512.0,White,1.9,Intel Core i7,646.29,198618.07,44.58,3.2
Dell,X1,10th Gen,12.0,512.0,White,2.4,Intel Core i5,356.76,179139.55,46.42,3.6
Acer,VivoBook,13th Gen,12.0,512.0,Silver,2.87,AMD Ryzen 7,354.76,125700.36,,2.8
Asus,15,13th Gen,32.0,1024.0,Grey,1.7,AMD Ryzen 5,,53675.18,8.11,3.7
Asus,X1,11th Gen,16.0,512.0,Grey,1.75,AMD Ryzen 5,119.36,161420.85,23.07,4.4
Lenovo,16,11th Gen,16.0,1024.0,Black,2.43,AMD Ryzen 7,,75702.61,,3.6
Asus,16,12th Gen,32.0,1024.0,Grey,1.57,Intel Core i5,960.61,81472.45,27.84,4.2
Lenovo,14,11th Gen,8.0,512.0,Grey,2.75,AMD Ryzen 5,207.3,168700.01,,3.5
Hp,X1,12th Gen,32.0,1024.0,Grey,2.33,Intel Core i3,230.0,167235.33,28.74,4.7
Acer,16,12th Gen,32.0,1024.0,Blue,2.41,AMD Ryzen 3,976.87,92744.52,9.99,4.8
Lenovo,VivoBook,13th Gen,12.0,256.0,Black,2.92,Intel Core i7,467.06,177759.85,,3.3
Lenovo,VivoBook,10th Gen,8.0,512.0,Black,2.72,Intel Core i7,,173549.14,32.71,2.5
Asus,X1,10th Gen,16.0,256.0,White,2.2,Intel Core i7,489.88,185133.13,42.79,4.2
Lenovo,14,10th Gen,4.0,256.0,White,2.7,AMD Ryzen 7,769.35,125274.93,29.64,3.4
Asus,15,10th Gen,16.0,512.0,Grey,2.27,Intel Core i7,,148295.02,12.59,3.3
Hp,VivoBook,13th Gen,16.0,256.0,Silver,2.64,Intel Core i7,905.17,137035.32,,4.9
Acer,Inspiron,11th Gen,12.0,1024.0,White,2.45,Intel Core i3,216.44,64794.44,39.6,2.8
Asus,16,13th Gen,32.0,256.0,White,1.78,Intel Core i5,334.67,29096.65,32.29,4.4
Acer,16,13th Gen,4.0,512.0,White,2.85,AMD Ryzen 5,,105805.46,,2.8
Asus,15,13th Gen,4.0,256.0,Grey,1.49,Intel Core i3,779.44,68199.04,,2.6
Asus,X1,13th Gen,8.0,512.0,Grey,2.98,AMD Ryzen 3,637.39,33076.52,,2.6
Dell,Inspiron,11th Gen,32.0,256.0,Blue,1.49,AMD Ryzen 5,,136631.89,9.36,3.6
Dell,16,11th Gen,4.0,512.0,Black,2.87,AMD Ryzen 7,765.02,128893.61,48.9,3.4
Hp,VivoBook,12th Gen,16.0,512.0,Silver,1.59,Intel Core i3,340.01,102082.84,,3.9
Hp,X1,12th Gen,32.0,512.0,Black,1.36,AMD Ryzen 3,,98486.14,,3.1
Hp,15,13th Gen,32.0,1024.0,Grey,1.73,AMD Ryzen 7,675.7,195619.76,,2.5
Lenovo,X1,13th Gen,4.0,1024.0,Black,2.06,AMD Ryzen 3,,165146.11,25.97,2.6
Asus,14,10th Gen,12.0,1024.0,Black,1.91,Intel Core i3,,137551.45,,2.7
Dell,X1,13th Gen,4.0,512.0,Black,1.86,AMD Ryzen 3,,182587.03,,3.8
Acer,15,13th Gen,32.0,1024.0,White,1.66,AMD Ryzen 7,,135441.04,14.08,3.7
Asus,VivoBook,11th Gen,12.0,512.0,Grey,1.99,Intel Core i5,420.09,76866.58,,3.2
Dell,X1,10th Gen,4.0,256.0,Black,1.31,AMD Ryzen 3,598.21,197248.43,,3.6
Acer,14,10th Gen,4.0,256.0,Black,1.97,Intel Core i7,168.77,168181.53,,4.9
Acer,Inspiron,11th Gen,8.0,512.0,Silver,2.96,Intel Core i3,291.9,136849.13,44.83,3.0
Hp,X1,10th Gen,16.0,256.0,Silver,1.49,AMD Ryzen 5,792.22,105962.44,43.08,2.8
Hp,16,13th Gen,12.0,,White,2.97,Intel Core i7,538.08,192169.52,,3.2
Dell,Inspiron,11th Gen,8.0,256.0,Black,1.95,Intel Core i7,825.3,185443.24,,3.3
Dell,X1,11th Gen,4.0,512.0,Silver,1.31,Intel Core i7,,34358.36,35.46,3.4
Asus,X1,11th Gen,8.0,256.0,Grey,2.76,Intel Core i7,744.28,161207.36,46.37,4.0
Lenovo,X1,13th Gen,12.0,256.0,White,2.71,AMD Ryzen 7,,127582.86,,4.3
Hp,14,11th Gen,16.0,256.0,Grey,2.67,AMD Ryzen 7,,109045.24,8.21,3.7
Lenovo,15,10th Gen,12.0,512.0,Silver,2.36,Intel Core i7,,173110.28,34.86,3.4
Asus,16,12th Gen,12.0,512.0,Silver,2.47,Intel Core i5,,153261.2,,3.1
Asus,VivoBook,13th Gen,8.0,1024.0,Grey,1.82,Intel Core i5,260.35,182909.62,4.94,5.0
Lenovo,15,12th Gen,12.0,1024.0,Blue,2.59,Intel Core i7,,118970.21,17.5,2.8
Hp,VivoBook,12th Gen,8.0,512.0,Blue,2.9,Intel Core i7,,94398.22,32.77,3.6
Lenovo,X1,10th Gen,12.0,1024.0,Black,2.36,Intel Core i7,,177737.83,4.8,4.2
Dell,VivoBook,12th Gen,16.0,256.0,Blue,1.61,Intel Core i7,436.1,143377.88,10.23,3.8
Asus,14,13th Gen,12.0,1024.0,Black,1.41,Intel Core i3,402.21,105474.92,21.02,3.7
Dell,16,13th Gen,12.0,256.0,Black,1.69,AMD Ryzen 5,179.31,153504.79,,4.7
Hp,Inspiron,13th Gen,16.0,256.0,Silver,2.87,AMD Ryzen 3,,155435.66,2.58,3.6
Acer,X1,10th Gen,12.0,512.0,Silver,2.95,Intel Core i5,809.85,32195.43,,2.7
Lenovo,Inspiron,12th Gen,32.0,512.0,Blue,1.74,Intel Core i7,777.3,154308.59,38.26,2.7
Acer,VivoBook,13th Gen,12.0,256.0,Silver,1.52,Intel Core i5,433.69,97746.84,2.64,3.5
Lenovo,VivoBook,10th Gen,4.0,1024.0,Black,1.81,Intel Core i7,,95887.14,,4.2
Hp,VivoBook,11th Gen,4.0,256.0,Blue,2.11,Intel Core i3,378.45,189251.8,,3.5
Asus,14,12th Gen,8.0,512.0,Silver,1.84,AMD Ryzen 5,,96233.65,,3.5
Dell,X1,13th Gen,4.0,256.0,White,2.05,Intel Core i5,628.08,165865.48,,4.0
Dell,14,12th Gen,16.0,512.0,Silver,1.27,AMD Ryzen 5,534.19,108082.19,24.57,2.7
Dell,VivoBook,11th Gen,12.0,1024.0,Black,2.94,Intel Core i5,403.99,166389.04,8.2,2.9
Asus,VivoBook,11th Gen,32.0,256.0,White,2.98,AMD Ryzen 5,,153668.34,30.19,3.4
Lenovo,VivoBook,13th Gen,32.0,512.0,Black,2.54,AMD Ryzen 7,900.7,150628.65,3.16,4.5
Lenovo,14,10th Gen,16.0,512.0,Grey,1.73,AMD Ryzen 7,,142375.91,22.56,2.6
Asus,14,11th Gen,8.0,512.0,Blue,1.4,Intel Core i5,,129221.67,14.7,3.5
Asus,14,10th Gen,32.0,512.0,Blue,1.26,AMD Ryzen 5,,197521.84,,4.3
Acer,Inspiron,12th Gen,12.0,512.0,Silver,1.89,AMD Ryzen 3,124.5,156049.9,19.99,3.5
Asus,VivoBook,12th Gen,32.0,1024.0,White,2.05,AMD Ryzen 5,505.71,48575.88,3.02,2.8
Hp,Inspiron,11th Gen,8.0,256.0,Black,2.34,AMD Ryzen 7,,90325.19,,3.5
Acer,15,10th Gen,12.0,1024.0,Blue,1.3,AMD Ryzen 7,,162098.71,,3.7
Hp,16,13th Gen,8.0,1024.0,Silver,2.99,AMD Ryzen 5,,184273.83,46.01,3.0
Dell,Inspiron,12th Gen,4.0,1024.0,Black,1.45,AMD Ryzen 7,,149558.72,40.35,4.8
Dell,X1,10th Gen,32.0,1024.0,Blue,2.15,Intel Core i7,,30771.89,30.01,2.6
Hp,14,12th Gen,16.0,1024.0,Black,2.37,AMD Ryzen 5,559.35,111918.23,14.25,3.4
Acer,16,10th Gen,12.0,512.0,Black,2.92,Intel Core i5,252.84,99666.87,,3.2
Dell,X1,10th Gen,4.0,1024.0,Blue,2.71,Intel Core i3,663.86,148350.06,,3.8
Asus,VivoBook,10th Gen,32.0,1024.0,Silver,2.85,AMD Ryzen 5,229.82,45410.44,,3.1
Asus,VivoBook,11th Gen,4.0,512.0,Silver,2.9,AMD Ryzen 5,309.54,85608.56,,4.4
Dell,15,11th Gen,8.0,1024.0,Silver,2.05,Intel Core i7,699.2,175444.31,30.67,4.0
Asus,14,13th Gen,12.0,1024.0,Silver,1.98,AMD Ryzen 5,,25905.95,17.05,4.2
Asus,14,10th Gen,8.0,1024.0,Silver,2.38,AMD Ryzen 5,,109053.45,,4.8
Hp,X1,10th Gen,8.0,256.0,Silver,1.21,AMD Ryzen 5,699.95,41042.75,,4.0
Asus,X1,11th Gen,16.0,512.0,Silver,2.21,Intel Core i3,,182871.47,38.56,2.6
Acer,14,10th Gen,8.0,512.0,Blue,2.32,Intel Core i7,,175997.08,,3.8
Lenovo,16,11th Gen,32.0,256.0,Black,1.4,Intel Core i3,264.34,46580.1,,3.9
Lenovo,VivoBook,13th Gen,32.0,1024.0,White,1.91,Intel Core i7,,151702.16,,3.8
Hp,16,13th Gen,16.0,256.0,White,2.5,AMD Ryzen 7,,101067.36,,4.3
Lenovo,14,10th Gen,32.0,,White,1.42,Intel Core i3,171.69,193045.2,,2.8
Dell,15,13th Gen,8.0,256.0,Silver,2.0,AMD Ryzen 7,403.41,155761.04,,3.0
Dell,14,13th Gen,,512.0,Silver,2.15,Intel Core i3,,79575.66,38.47,3.9
Dell,15,10th Gen,12.0,256.0,White,2.7,AMD Ryzen 5,,162886.78,,3.3
Acer,X1,12th Gen,16.0,1024.0,Blue,1.74,AMD Ryzen 7,,57429.78,45.81,2.6
Lenovo,VivoBook,10th Gen,32.0,1024.0,Black,2.75,Intel Core i3,180.41,67537.27,19.34,2.7
Acer,VivoBook,11th Gen,4.0,1024.0,White,1.77,AMD Ryzen 5,816.52,146662.88,1.43,4.0
Asus,14,10th Gen,4.0,256.0,Grey,1.79,AMD Ryzen 5,,153544.09,,2.7
Hp,X1,10th Gen,16.0,1024.0,White,1.59,Intel Core i3,,42572.85,19.89,4.7
Hp,Inspiron,11th Gen,16.0,1024.0,Black,1.42,Intel Core i5,,35191.48,42.38,3.5
Hp,VivoBook,12th Gen,12.0,512.0,Blue,2.98,Intel Core i3,,157490.39,44.43,2.7
Hp,VivoBook,12th Gen,16.0,256.0,White,2.1,Intel Core i3,,137052.11,40.11,4.1
Acer,X1,13th Gen,8.0,1024.0,Black,1.27,Intel Core i5,,125506.98,,3.1
Dell,15,12th Gen,8.0,256.0,Grey,1.48,Intel Core i7,,71341.96,43.8,3.7
Acer,14,11th Gen,32.0,1024.0,White,1.65,AMD Ryzen 3,845.68,199897.08,,2.9
Acer,VivoBook,13th Gen,12.0,1024.0,Blue,1.88,Intel Core i7,,124319.88,22.77,4.0
Hp,16,11th Gen,8.0,512.0,Grey,1.48,AMD Ryzen 3,,26167.39,14.16,3.2
Asus,15,10th Gen,4.0,1024.0,Black,1.83,AMD Ryzen 7,,125621.03,43.91,3.4
Acer,VivoBook,11th Gen,12.0,512.0,White,2.24,AMD Ryzen 5,,89536.67,,3.5
Dell,16,13th Gen,32.0,512.0,Silver,1.98,Intel Core i5,,76631.68,,4.6
Acer,VivoBook,13th Gen,8.0,256.0,Silver,1.36,Intel Core i5,747.82,73299.68,,4.2
Asus,15,13th Gen,8.0,1024.0,White,1.88,AMD Ryzen 3,589.89,138231.06,,4.5
Asus,14,12th Gen,16.0,1024.0,Silver,2.75,Intel Core i3,166.41,138849.58,16.76,4.9
Acer,Inspiron,12th Gen,4.0,,Grey,1.89,Intel Core i3,956.85,22191.63,,4.5
Dell,X1,11th Gen,12.0,512.0,Black,1.89,AMD Ryzen 5,499.58,62435.73,,4.0
Hp,16,10th Gen,12.0,1024.0,Grey,1.77,AMD Ryzen 3,673.23,140026.75,,3.7
Dell,16,13th Gen,16.0,256.0,Black,2.4,Intel Core i7,129.91,79494.53,3.95,4.6
Asus,15,10th Gen,32.0,256.0,Silver,2.31,AMD Ryzen 5,,87525.73,,4.6
Hp,14,11th Gen,16.0,256.0,Silver,1.93,AMD Ryzen 5,274.57,105414.87,30.63,4.3
Asus,14,13th Gen,8.0,512.0,Grey,1.65,AMD Ryzen 7,,130018.16,44.26,3.7
Dell,X1,13th Gen,16.0,256.0,Silver,2.44,AMD Ryzen 5,100.34,125154.31,,4.3
Dell,VivoBook,11th Gen,16.0,512.0,White,1.9,Intel Core i3,,161019.81,,4.2
Dell,Inspiron,12th Gen,8.0,256.0,Grey,2.97,Intel Core i5,,190923.32,41.76,2.7
Hp,X1,10th Gen,8.0,1024.0,Silver,1.39,Intel Core i5,659.25,132155.74,14.53,2.6
Dell,16,13th Gen,,512.0,White,1.67,AMD Ryzen 7,959.15,192399.63,20.69,2.8
Hp,X1,11th Gen,32.0,1024.0,Grey,1.26,Intel Core i5,729.2,79569.86,21.17,4.7
Dell,VivoBook,11th Gen,12.0,256.0,Silver,2.17,AMD Ryzen 3,561.8,158852.46,11.03,3.6
Asus,15,12th Gen,4.0,512.0,Black,2.36,Intel Core i3,,30739.28,23.57,4.9
Asus,14,12th Gen,4.0,256.0,White,2.82,AMD Ryzen 7,,197265.31,20.04,4.3
Dell,VivoBook,13th Gen,12.0,512.0,White,2.33,AMD Ryzen 7,124.8,149779.78,1.15,3.3
Dell,16,13th Gen,8.0,256.0,White,1.3,Intel Core i7,,57853.02,43.14,3.5
Lenovo,15,13th Gen,4.0,256.0,Silver,1.72,AMD Ryzen 5,435.89,154081.28,,4.2
Asus,VivoBook,13th Gen,32.0,512.0,Grey,1.79,AMD Ryzen 7,,49546.11,,4.7
Lenovo,Inspiron,13th Gen,12.0,256.0,Blue,,AMD Ryzen 5,,92896.31,19.31,4.4
Acer,14,11th Gen,12.0,256.0,Black,2.79,Intel Core i3,222.04,195161.91,,2.6
Lenovo,Inspiron,10th Gen,4.0,256.0,White,1.55,Intel Core i5,488.83,123897.13,22.02,4.1
Asus,X1,11th Gen,8.0,1024.0,Blue,2.11,AMD Ryzen 7,518.87,101772.41,,2.6
Dell,Inspiron,10th Gen,32.0,256.0,White,1.36,Intel Core i5,383.59,67555.72,,3.9
Hp,VivoBook,11th Gen,,1024.0,Black,1.68,AMD Ryzen 7,,101536.07,1.77,3.7
Acer,X1,11th Gen,4.0,1024.0,Grey,2.37,AMD Ryzen 5,151.95,158312.17,,3.6
Acer,X1,10th Gen,16.0,256.0,Blue,1.32,AMD Ryzen 7,,191433.83,,3.1
Asus,X1,11th Gen,16.0,512.0,Silver,1.73,Intel Core i5,390.2,82043.36,0.08,3.6
Hp,16,13th Gen,8.0,512.0,Black,1.86,Intel Core i5,504.79,188578.16,,3.0
Asus,VivoBook,13th Gen,32.0,256.0,White,1.31,Intel Core i3,,182082.82,,3.0
Asus,X1,10th Gen,4.0,256.0,White,2.9,Intel Core i5,,77240.22,,3.1
Hp,Inspiron,12th Gen,4.0,512.0,Grey,2.54,Intel Core i3,167.33,153725.18,,2.9
Lenovo,16,10th Gen,16.0,256.0,Grey,1.88,Intel Core i3,469.57,188326.28,,3.3
Dell,14,10th Gen,16.0,512.0,Grey,2.63,AMD Ryzen 7,,138990.87,,4.9
Dell,VivoBook,10th Gen,16.0,1024.0,Grey,2.38,Intel Core i3,921.84,129790.77,,4.7
Lenovo,X1,11th Gen,16.0,1024.0,White,1.68,Intel Core i7,,160887.79,44.07,3.2
Asus,Inspiron,12th Gen,8.0,512.0,Grey,2.6,Intel Core i3,,161088.11,30.61,4.1
Acer,VivoBook,11th Gen,8.0,512.0,Grey,1.76,Intel Core i5,,47691.06,,2.9
Hp,Inspiron,11th Gen,12.0,256.0,Grey,1.3,AMD Ryzen 3,600.92,42367.72,3.98,3.8
Dell,X1,11th Gen,32.0,512.0,Grey,2.12,AMD Ryzen 3,489.19,111108.63,49.16,4.5
Asus,X1,11th Gen,4.0,1024.0,Blue,2.55,AMD Ryzen 3,,126045.91,,3.7
Acer,Inspiron,11th Gen,16.0,1024.0,Silver,1.53,AMD Ryzen 7,408.16,45641.89,,4.9
Lenovo,16,11th Gen,4.0,1024.0,Silver,1.61,Intel Core i7,669.83,177956.16,,4.9
Lenovo,X1,11th Gen,16.0,512.0,Black,1.64,AMD Ryzen 3,,195148.3,15.16,4.5
Asus,Inspiron,12th Gen,32.0,512.0,Blue,2.39,AMD Ryzen 7,670.22,114503.1,,4.0
Lenovo,16,13th Gen,12.0,512.0,Black,1.8,Intel Core i7,,196705.21,20.64,4.5
Lenovo,14,13th Gen,16.0,256.0,Silver,1.53,AMD Ryzen 5,214.12,119128.57,,3.8
Hp,15,10th Gen,12.0,512.0,Blue,1.6,Intel Core i7,343.87,83173.41,,4.5
Acer,16,13th Gen,4.0,256.0,Blue,2.73,Intel Core i7,,51162.88,,4.2
Lenovo,VivoBook,11th Gen,8.0,256.0,Grey,2.43,Intel Core i7,,24965.35,,2.8
Asus,14,13th Gen,8.0,256.0,White,1.29,AMD Ryzen 7,240.25,78843.94,7.59,2.7
Acer,Inspiron,13th Gen,8.0,1024.0,Silver,2.25,Intel Core i5,333.84,61813.24,,3.6
Dell,Inspiron,11th Gen,8.0,256.0,White,,AMD Ryzen 3,381.63,96157.18,30.17,3.3
Hp,VivoBook,10th Gen,16.0,256.0,Grey,2.56,Intel Core i7,,194246.35,28.45,4.3
Lenovo,16,12th Gen,32.0,256.0,Grey,1.57,Intel Core i3,,74763.54,8.15,2.7
Asus,14,11th Gen,16.0,1024.0,Black,2.84,AMD Ryzen 5,725.69,131009.77,,2.6
Hp,16,10th Gen,12.0,1024.0,Grey,1.84,AMD Ryzen 3,,104143.1,4.38,4.8
Lenovo,X1,12th Gen,32.0,256.0,Black,1.66,AMD Ryzen 7,,78642.4,18.79,4.1
Acer,X1,10th Gen,8.0,512.0,Silver,1.69,AMD Ryzen 3,,95997.75,,3.3
Hp,Inspiron,12th Gen,32.0,256.0,Black,1.53,Intel Core i5,,184935.8,31.04,2.8
Acer,15,10th Gen,4.0,512.0,White,1.38,Intel Core i7,662.45,191129.29,16.83,2.8
Asus,Inspiron,11th Gen,4.0,1024.0,White,1.87,Intel Core i3,473.13,83657.7,22.33,3.7
Dell,16,11th Gen,8.0,512.0,Silver,1.96,AMD Ryzen 5,,68542.33,,3.9
Acer,Inspiron,10th Gen,4.0,1024.0,Blue,1.79,Intel Core i3,,63180.36,,5.0
Dell,VivoBook,11th Gen,16.0,1024.0,Blue,1.35,Intel Core i3,,26006.95,,2.6
Acer,X1,10th Gen,32.0,1024.0,Black,1.36,Intel Core i3,,68498.98,,4.8
Asus,16,12th Gen,16.0,256.0,Silver,2.03,AMD Ryzen 3,,164291.5,43.34,4.0
Dell,16,10th Gen,12.0,1024.0,Grey,2.76,Intel Core i3,,191150.5,,4.1
Asus,VivoBook,10th Gen,4.0,256.0,Silver,1.23,AMD Ryzen 3,604.07,151007.75,41.21,3.5
Acer,15,13th Gen,32.0,256.0,Black,1.36,Intel Core i3,,89704.22,,3.5
Dell,X1,13th Gen,4.0,1024.0,Grey,2.71,Intel Core i7,,104792.94,30.44,2.6
Hp,Inspiron,12th Gen,8.0,1024.0,Grey,2.38,Intel Core i3,,60606.22,,4.0
Acer,Inspiron,11th Gen,4.0,1024.0,Black,2.59,AMD Ryzen 7,817.01,199890.43,,4.3
Acer,VivoBook,11th Gen,16.0,1024.0,White,1.79,AMD Ryzen 7,752.06,176510.26,23.22,3.8
Acer,16,12th Gen,32.0,512.0,White,1.84,AMD Ryzen 3,,43890.4,,2.9
Lenovo,15,11th Gen,32.0,1024.0,White,1.81,AMD Ryzen 3,484.72,187892.69,27.08,4.2
Asus,VivoBook,12th Gen,16.0,512.0,Black,1.61,Intel Core i3,,152754.55,,3.6
Lenovo,14,13th Gen,8.0,256.0,Grey,2.59,AMD Ryzen 5,291.46,176107.35,20.0,4.9
Dell,16,11th Gen,16.0,1024.0,White,1.48,AMD Ryzen 5,,154272.95,19.56,3.0
Lenovo,Inspiron,12th Gen,4.0,1024.0,Grey,1.28,Intel Core i7,748.46,27501.26,19.58,4.1
Acer,Inspiron,12th Gen,4.0,256.0,Grey,2.7,AMD Ryzen 7,901.66,53479.21,20.41,2.5
Hp,Inspiron,11th Gen,16.0,512.0,Silver,2.93,Intel Core i3,,138934.98,,4.2
Dell,VivoBook,13th Gen,16.0,512.0,White,1.92,Intel Core i7,152.21,46915.73,,3.6
Hp,Inspiron,13th Gen,4.0,256.0,Black,2.34,AMD Ryzen 5,241.51,132985.1,49.36,3.0
Acer,14,12th Gen,4.0,1024.0,White,2.08,AMD Ryzen 7,761.42,66078.94,,2.6
Hp,15,11th Gen,8.0,512.0,Blue,2.43,AMD Ryzen 3,,145877.25,18.24,3.8
Asus,15,11th Gen,4.0,1024.0,Black,2.95,Intel Core i3,,183960.3,,4.8
Asus,X1,13th Gen,16.0,1024.0,Black,2.48,Intel Core i3,394.22,144266.03,4.64,3.1
Asus,16,10th Gen,8.0,1024.0,Black,1.81,Intel Core i3,,69627.9,27.06,2.7
Dell,15,13th Gen,16.0,256.0,White,2.38,AMD Ryzen 3,,168911.02,48.79,3.8
Dell,14,13th Gen,12.0,256.0,Blue,2.31,Intel Core i5,685.15,68240.77,32.32,2.6
Acer,Inspiron,13th Gen,8.0,1024.0,Silver,1.58,Intel Core i7,312.61,116713.22,,4.7
Hp,16,12th Gen,16.0,256.0,Blue,2.47,Intel Core i5,158.43,193587.94,13.49,3.4
Acer,14,11th Gen,8.0,512.0,Grey,1.26,AMD Ryzen 7,,173390.22,43.34,4.4
Lenovo,15,10th Gen,4.0,1024.0,Blue,2.26,AMD Ryzen 3,,161192.25,,3.3
Lenovo,X1,12th Gen,4.0,256.0,Grey,1.82,Intel Core i5,655.29,81989.46,,4.0
Asus,14,11th Gen,16.0,1024.0,Silver,1.97,Intel Core i5,,69843.23,30.38,3.9
Hp,15,13th Gen,12.0,512.0,Blue,1.4,AMD Ryzen 3,617.76,169348.79,22.85,4.8
Asus,16,11th Gen,16.0,256.0,Blue,2.41,Intel Core i5,335.6,164306.64,32.55,2.9
Asus,VivoBook,11th Gen,16.0,256.0,Blue,2.32,AMD Ryzen 5,,43461.87,45.24,3.0
Hp,Inspiron,12th Gen,16.0,256.0,Silver,1.45,Intel Core i7,507.02,164846.54,17.5,3.9
Lenovo,15,13th Gen,16.0,1024.0,Black,2.66,AMD Ryzen 5,,103261.62,,3.6
Lenovo,15,12th Gen,16.0,256.0,Black,2.39,Intel Core i5,415.23,139069.3,41.54,3.2
Lenovo,VivoBook,13th Gen,16.0,256.0,Blue,3.0,AMD Ryzen 7,295.79,69461.73,,4.6
Acer,Inspiron,12th Gen,16.0,1024.0,Blue,1.6,AMD Ryzen 5,197.44,138742.9,45.78,3.9
Hp,14,12th Gen,12.0,512.0,Blue,2.98,AMD Ryzen 5,171.7,72717.0,,3.1
Dell,Inspiron,10th Gen,32.0,512.0,White,2.26,Intel Core i7,981.17,59598.82,,4.6
Dell,Inspiron,12th Gen,8.0,512.0,Silver,2.28,AMD Ryzen 3,,125207.86,,4.8
Acer,14,10th Gen,4.0,1024.0,Silver,2.45,AMD Ryzen 3,666.55,82140.73,,4.9
Acer,VivoBook,10th Gen,32.0,1024.0,Grey,1.21,Intel Core i3,,168846.11,35.77,3.7
Lenovo,16,12th Gen,12.0,256.0,Silver,2.37,Intel Core i3,,164654.63,46.94,4.3
Hp,15,10th Gen,32.0,512.0,Grey,2.92,AMD Ryzen 7,,24239.87,,4.1
Asus,16,13th Gen,8.0,1024.0,Grey,1.77,Intel Core i3,176.47,155256.04,20.25,2.6
Lenovo,VivoBook,11th Gen,4.0,256.0,White,1.73,AMD Ryzen 3,,112553.87,,3.8
Dell,15,13th Gen,8.0,1024.0,Blue,2.98,AMD Ryzen 3,,82874.34,24.97,4.1
Dell,14,13th Gen,12.0,256.0,Silver,2.84,AMD Ryzen 5,,27556.04,38.28,3.1
Acer,Inspiron,11th Gen,32.0,256.0,White,1.26,,867.8,108992.68,,3.0
Lenovo,Inspiron,10th Gen,8.0,256.0,Blue,2.08,AMD Ryzen 7,,40637.55,,3.9
Hp,VivoBook,12th Gen,16.0,256.0,White,1.7,Intel Core i5,224.67,80740.89,1.61,2.6
Acer,16,13th Gen,4.0,512.0,Silver,2.65,AMD Ryzen 7,296.02,165644.68,,3.0
Dell,X1,11th Gen,16.0,512.0,Grey,1.66,AMD Ryzen 3,,138850.85,20.91,4.9
Asus,Inspiron,10th Gen,4.0,512.0,Silver,1.58,Intel Core i7,,29071.02,,4.1
Acer,16,11th Gen,16.0,512.0,White,2.58,Intel Core i3,763.92,56762.5,24.59,4.5
Dell,X1,12th Gen,8.0,512.0,Blue,1.83,Intel Core i5,264.89,86528.15,16.7,4.1
Lenovo,Inspiron,10th Gen,16.0,512.0,White,2.17,AMD Ryzen 5,988.87,132497.07,7.46,3.9
Asus,15,12th Gen,12.0,256.0,White,2.95,AMD Ryzen 5,,96576.37,0.24,4.3
Hp,14,11th Gen,16.0,512.0,White,2.17,AMD Ryzen 5,,84176.18,47.99,2.9
Dell,16,10th Gen,16.0,512.0,White,2.37,Intel Core i7,649.26,68825.25,,2.6
Dell,VivoBook,10th Gen,32.0,512.0,Black,1.44,Intel Core i7,780.23,40456.35,38.27,2.6
Lenovo,Inspiron,12th Gen,16.0,256.0,Black,2.04,AMD Ryzen 3,,118356.95,11.28,4.5
Acer,16,11th Gen,32.0,512.0,Grey,1.85,Intel Core i3,901.16,126330.45,,4.7
Acer,Inspiron,11th Gen,32.0,512.0,Grey,2.08,Intel Core i3,553.72,89814.88,5.43,3.6
Asus,16,12th Gen,12.0,512.0,White,1.89,AMD Ryzen 5,435.8,98280.41,,4.9
Asus,VivoBook,10th Gen,12.0,1024.0,Black,2.4,Intel Core i7,,117491.86,,3.4
Asus,Inspiron,10th Gen,12.0,512.0,Black,2.33,Intel Core i5,,23892.92,40.98,3.6
Asus,15,11th Gen,12.0,1024.0,Black,1.79,Intel Core i3,674.76,178798.52,17.27,2.7
Hp,Inspiron,12th Gen,12.0,256.0,Black,3.0,Intel Core i7,598.78,108000.15,43.08,2.8
Acer,Inspiron,10th Gen,,1024.0,Black,1.27,Intel Core i7,489.83,136044.66,42.27,4.6
Dell,VivoBook,13th Gen,4.0,512.0,Grey,2.31,Intel Core i7,556.9,87694.77,,3.1
Asus,16,12th Gen,4.0,256.0,Black,2.99,Intel Core i5,,38861.22,,4.2
Lenovo,15,13th Gen,8.0,1024.0,Grey,2.26,AMD Ryzen 3,,54975.02,,4.4
Asus,14,10th Gen,8.0,1024.0,Silver,2.22,Intel Core i7,,152164.69,11.98,4.6
Asus,14,10th Gen,12.0,512.0,Grey,1.33,AMD Ryzen 7,,86105.74,23.65,4.8
Lenovo,X1,10th Gen,8.0,1024.0,Blue,1.21,AMD Ryzen 7,703.91,170648.98,,3.8
Hp,X1,11th Gen,8.0,256.0,Silver,1.9,Intel Core i3,,79767.84,,3.2
Dell,15,12th Gen,8.0,256.0,Grey,2.71,Intel Core i5,,47774.97,20.99,5.0
Lenovo,VivoBook,11th Gen,8.0,512.0,Silver,2.88,Intel Core i5,,56344.53,21.07,4.8
Asus,16,10th Gen,12.0,1024.0,Blue,2.93,Intel Core i7,428.29,107860.48,12.44,4.5
Dell,16,13th Gen,4.0,256.0,White,1.67,Intel Core i7,,30011.45,,4.0
Dell,VivoBook,13th Gen,8.0,512.0,White,1.88,Intel Core i3,,34317.8,48.05,3.7
Asus,16,10th Gen,4.0,256.0,Silver,1.61,Intel Core i3,,127092.49,,4.2
Lenovo,16,12th Gen,16.0,256.0,White,2.41,Intel Core i7,,156973.26,,3.3
Acer,16,12th Gen,32.0,1024.0,Grey,1.34,AMD Ryzen 7,,124131.6,,3.1
Lenovo,15,10th Gen,32.0,256.0,Blue,2.99,AMD Ryzen 3,874.29,102409.71,21.84,4.3
Lenovo,Inspiron,10th Gen,16.0,1024.0,Grey,2.29,Intel Core i7,,169327.44,,4.8
Lenovo,14,12th Gen,8.0,256.0,Blue,2.58,AMD Ryzen 7,,108776.67,,2.6
Dell,14,13th Gen,12.0,512.0,Black,2.6,Intel Core i7,,143675.91,33.06,4.0
Hp,VivoBook,11th Gen,12.0,512.0,Black,1.51,AMD Ryzen 5,632.83,42121.37,,2.9
Acer,14,10th Gen,4.0,1024.0,Grey,1.8,Intel Core i3,,157521.4,,3.8
Asus,VivoBook,11th Gen,4.0,256.0,White,2.24,Intel Core i5,,120250.89,49.61,4.7
Acer,X1,12th Gen,32.0,256.0,White,2.68,Intel Core i3,669.49,99256.88,,4.5
Lenovo,VivoBook,13th Gen,16.0,1024.0,Black,2.29,Intel Core i3,,54907.45,43.56,4.1
Lenovo,VivoBook,11th Gen,16.0,1024.0,Black,2.55,AMD Ryzen 7,336.32,94689.81,,3.3
Hp,15,10th Gen,8.0,256.0,Grey,1.59,AMD Ryzen 5,,109808.08,,2.9
Lenovo,16,10th Gen,8.0,256.0,Grey,1.62,Intel Core i5,,101045.95,45.38,2.8
Dell,X1,11th Gen,16.0,512.0,Grey,1.56,AMD Ryzen 5,,180080.0,42.67,3.7
Dell,X1,12th Gen,8.0,1024.0,Grey,2.5,AMD Ryzen 5,,119426.27,,2.9
Hp,X1,12th Gen,8.0,512.0,Silver,2.93,Intel Core i7,,164837.24,,3.1
Asus,X1,13th Gen,16.0,1024.0,Black,2.93,Intel Core i5,465.48,120952.71,38.31,3.6
Dell,VivoBook,11th Gen,32.0,512.0,Blue,1.99,AMD Ryzen 3,536.84,34590.57,0.88,2.7
Dell,14,11th Gen,12.0,1024.0,Blue,2.83,AMD Ryzen 3,981.66,150392.97,,4.5
Hp,Inspiron,11th Gen,4.0,1024.0,White,2.73,AMD Ryzen 3,,178343.93,8.72,3.3
Acer,16,13th Gen,16.0,512.0,White,1.25,AMD Ryzen 7,675.2,20070.51,15.63,3.9
Dell,Inspiron,12th Gen,8.0,1024.0,Black,2.54,AMD Ryzen 3,779.89,83933.94,27.25,3.6
Acer,VivoBook,12th Gen,32.0,512.0,Black,2.71,Intel Core i7,,92816.9,,4.7
Hp,15,11th Gen,32.0,256.0,Silver,1.42,Intel Core i7,414.65,148838.15,,3.3
Hp,VivoBook,11th Gen,16.0,512.0,White,2.17,Intel Core i3,362.57,93099.45,,4.1
Dell,14,12th Gen,4.0,1024.0,Grey,1.39,Intel Core i7,,147733.14,37.77,2.8
Asus,15,10th Gen,12.0,256.0,Black,2.68,AMD Ryzen 3,,136877.14,39.42,5.0
Lenovo,VivoBook,10th Gen,32.0,512.0,Black,1.36,,501.48,182546.22,0.58,4.4
Hp,X1,11th Gen,8.0,1024.0,Blue,2.69,AMD Ryzen 3,378.38,188850.57,11.3,3.8
Acer,X1,12th Gen,32.0,512.0,Black,1.54,Intel Core i3,965.59,86681.56,46.39,4.2
Asus,X1,13th Gen,16.0,512.0,Grey,1.92,Intel Core i3,,47805.8,,2.6
Hp,16,13th Gen,8.0,512.0,White,,AMD Ryzen 3,269.78,159827.91,9.78,4.5
Acer,VivoBook,11th Gen,12.0,1024.0,Grey,1.52,AMD Ryzen 7,,106080.81,31.87,4.8
Lenovo,15,10th Gen,4.0,512.0,Grey,2.83,AMD Ryzen 3,,35173.68,19.32,2.6
Acer,15,11th Gen,32.0,256.0,Silver,1.71,Intel Core i7,968.38,41799.0,,4.1
Acer,15,10th Gen,16.0,1024.0,Blue,1.2,Intel Core i3,,171937.86,,4.8
Acer,VivoBook,13th Gen,8.0,256.0,Grey,2.28,AMD Ryzen 5,248.9,170736.08,15.06,2.7
Asus,16,10th Gen,12.0,512.0,Black,1.55,Intel Core i7,,26956.3,10.72,2.9
Dell,16,11th Gen,32.0,1024.0,Blue,1.42,AMD Ryzen 3,457.59,59776.96,0.8,3.3
Asus,Inspiron,10th Gen,16.0,512.0,White,2.63,AMD Ryzen 7,,33125.46,28.47,4.9
Acer,VivoBook,12th Gen,12.0,512.0,Silver,2.13,AMD Ryzen 7,163.6,136477.06,5.87,3.2
Acer,14,10th Gen,16.0,256.0,Silver,2.36,AMD Ryzen 5,854.82,118675.61,,3.6
Lenovo,15,10th Gen,8.0,512.0,Blue,2.05,Intel Core i3,431.26,112729.43,23.73,4.7
Lenovo,Inspiron,11th Gen,16.0,1024.0,Silver,2.57,AMD Ryzen 3,516.12,85142.77,41.76,4.3
Acer,16,10th Gen,8.0,256.0,Grey,1.49,Intel Core i5,880.26,197846.62,17.47,3.7
Dell,Inspiron,12th Gen,,256.0,Grey,2.88,AMD Ryzen 7,993.92,73536.67,47.13,3.1
Lenovo,VivoBook,11th Gen,12.0,1024.0,Black,2.2,AMD Ryzen 7,,198457.2,41.97,4.5
Hp,15,13th Gen,16.0,512.0,Grey,2.07,Intel Core i7,,61124.4,39.4,4.1
Lenovo,14,12th Gen,12.0,256.0,Black,1.73,Intel Core i7,786.35,120676.55,,2.8
Lenovo,VivoBook,13th Gen,12.0,256.0,Silver,1.71,Intel Core i5,,97106.58,,4.7
Lenovo,Inspiron,11th Gen,32.0,256.0,Silver,1.62,Intel Core i5,626.19,106957.49,47.54,3.3
Dell,15,10th Gen,8.0,256.0,Black,2.27,Intel Core i7,,102550.91,6.11,2.7
Hp,15,11th Gen,16.0,1024.0,Grey,1.85,AMD Ryzen 7,556.84,61578.44,,4.7
Acer,15,13th Gen,4.0,256.0,Silver,1.34,Intel Core i7,,91017.75,,4.0
Acer,X1,10th Gen,4.0,512.0,Silver,2.17,,,130806.43,,3.1
Asus,Inspiron,10th Gen,4.0,512.0,Blue,1.65,Intel Core i5,910.87,64726.97,48.41,3.6
Asus,15,13th Gen,4.0,512.0,Black,2.11,AMD Ryzen 7,133.23,143764.03,,4.1
Hp,VivoBook,10th Gen,12.0,512.0,Black,2.43,AMD Ryzen 7,382.04,192428.16,,2.6
Acer,VivoBook,12th Gen,12.0,1024.0,Black,1.63,Intel Core i3,,192676.34,,4.5
Asus,15,12th Gen,8.0,512.0,Black,2.49,AMD Ryzen 7,998.25,153296.41,,4.5
Asus,Inspiron,13th Gen,4.0,1024.0,Grey,1.91,Intel Core i3,,190610.46,49.77,4.6
Asus,VivoBook,12th Gen,8.0,512.0,Black,1.73,Intel Core i3,437.75,47625.16,6.98,3.7
Asus,16,11th Gen,12.0,1024.0,Silver,2.28,AMD Ryzen 7,812.35,181800.41,,4.6
Acer,VivoBook,10th Gen,12.0,1024.0,Grey,2.6,Intel Core i5,,101138.89,41.05,4.5
Dell,X1,11th Gen,8.0,256.0,White,2.31,AMD Ryzen 3,,156440.39,,3.5
Acer,15,10th Gen,32.0,1024.0,Black,1.93,AMD Ryzen 3,,125369.94,26.9,4.4
Dell,Inspiron,10th Gen,4.0,256.0,Blue,2.49,Intel Core i3,,171080.9,,4.4
Acer,X1,13th Gen,12.0,1024.0,Silver,1.68,AMD Ryzen 5,244.8,108277.64,9.63,4.7
Dell,15,12th Gen,12.0,512.0,Grey,1.73,Intel Core i3,,131082.71,,5.0
Dell,X1,13th Gen,4.0,512.0,Blue,1.97,AMD Ryzen 7,,48301.59,10.31,3.1
Lenovo,14,13th Gen,4.0,256.0,Blue,1.63,Intel Core i7,,150311.76,1.36,3.9
Asus,Inspiron,12th Gen,32.0,512.0,Grey,2.2,Intel Core i3,,134292.8,,4.6
Asus,16,10th Gen,16.0,256.0,White,1.35,AMD Ryzen 7,,83251.2,25.85,3.5
Hp,14,11th Gen,4.0,512.0,Silver,2.52,Intel Core i5,,130537.18,,3.5
Asus,16,11th Gen,16.0,256.0,Black,1.45,Intel Core i3,106.86,186087.21,,4.9
Lenovo,15,12th Gen,4.0,256.0,Silver,2.64,Intel Core i7,,49160.37,49.98,3.1
Dell,VivoBook,11th Gen,4.0,256.0,Black,2.92,AMD Ryzen 3,120.74,101491.34,,3.4
Asus,14,11th Gen,16.0,512.0,Silver,2.25,Intel Core i3,,67427.61,,2.7
Lenovo,VivoBook,13th Gen,16.0,512.0,White,2.58,Intel Core i7,761.01,118304.15,,2.6
Acer,14,11th Gen,32.0,512.0,Blue,2.92,Intel Core i7,659.31,42089.94,47.1,3.2
Hp,Inspiron,11th Gen,12.0,1024.0,Black,1.39,Intel Core i5,,190868.24,44.61,2.8
Hp,X1,12th Gen,32.0,1024.0,Black,2.1,Intel Core i3,142.88,101296.46,,3.8
Lenovo,X1,12th Gen,16.0,1024.0,Silver,1.68,Intel Core i7,,27236.32,24.71,3.7
Asus,16,11th Gen,4.0,512.0,White,1.3,AMD Ryzen 7,121.87,86093.01,39.13,2.9
Acer,14,12th Gen,8.0,512.0,Blue,1.9,Intel Core i5,,145037.8,,3.5
Asus,VivoBook,10th Gen,12.0,1024.0,Black,1.65,Intel Core i3,997.57,146446.33,,3.8
Hp,16,13th Gen,8.0,1024.0,White,1.71,Intel Core i3,777.68,46040.69,29.88,3.3
Asus,16,13th Gen,4.0,1024.0,Blue,2.46,Intel Core i7,230.17,89328.48,34.34,4.8
Hp,15,13th Gen,4.0,512.0,Silver,2.88,AMD Ryzen 7,718.38,27452.97,,4.8
Dell,VivoBook,13th Gen,12.0,1024.0,Grey,1.31,Intel Core i3,,128098.67,13.99,3.3
Asus,14,11th Gen,16.0,256.0,Blue,1.81,Intel Core i3,,169007.68,39.85,4.0
Dell,16,12th Gen,32.0,1024.0,White,2.68,AMD Ryzen 3,469.19,23229.53,33.82,3.3
Lenovo,15,10th Gen,32.0,512.0,Black,1.94,Intel Core i3,,36049.63,,3.4
Acer,Inspiron,10th Gen,16.0,512.0,Blue,1.8,Intel Core i5,950.19,131037.78,13.38,3.3
Acer,15,10th Gen,32.0,1024.0,Blue,2.75,AMD Ryzen 5,230.19,100260.4,33.42,2.7
Acer,VivoBook,12th Gen,4.0,256.0,White,1.56,AMD Ryzen 3,210.51,160120.13,45.95,2.9
Lenovo,16,11th Gen,16.0,256.0,White,1.76,,,142158.47,,3.9
Asus,X1,11th Gen,12.0,1024.0,White,1.3,Intel Core i7,148.43,85042.91,,4.3
Dell,14,13th Gen,12.0,512.0,White,2.02,AMD Ryzen 3,,104369.24,1.04,4.3
Dell,VivoBook,10th Gen,8.0,1024.0,White,2.6,AMD Ryzen 7,629.47,75156.91,,4.5
Lenovo,Inspiron,12th Gen,8.0,256.0,Silver,2.81,AMD Ryzen 3,,107727.64,,4.9
Dell,14,10th Gen,4.0,256.0,Silver,2.26,Intel Core i5,600.66,34216.17,20.12,3.4
Dell,X1,11th Gen,12.0,512.0,White,2.23,AMD Ryzen 5,755.61,142238.44,,3.0
Lenovo,X1,13th Gen,12.0,256.0,Silver,1.63,AMD Ryzen 3,,179624.56,,3.8
Acer,Inspiron,12th Gen,8.0,256.0,Grey,1.79,Intel Core i7,911.81,133787.56,,3.7
Asus,VivoBook,13th Gen,12.0,512.0,Black,2.4,AMD Ryzen 3,223.03,89979.61,,3.9
Hp,VivoBook,10th Gen,12.0,256.0,Silver,2.76,AMD Ryzen 3,,185258.77,42.89,4.5
Dell,VivoBook,10th Gen,12.0,1024.0,Black,1.23,Intel Core i5,118.37,80028.32,36.43,3.7
Lenovo,X1,12th Gen,32.0,1024.0,Silver,2.63,Intel Core i3,122.1,192290.65,19.16,2.5
Lenovo,VivoBook,12th Gen,8.0,1024.0,Silver,,AMD Ryzen 7,986.31,113742.28,,4.7
Acer,Inspiron,12th Gen,4.0,1024.0,Silver,2.29,AMD Ryzen 5,322.72,61811.72,,2.8
Lenovo,Inspiron,10th Gen,4.0,1024.0,Grey,2.13,AMD Ryzen 3,923.29,165771.58,39.55,3.1
Lenovo,16,13th Gen,12.0,256.0,White,2.83,Intel Core i5,398.29,128586.38,28.3,2.8
Dell,Inspiron,13th Gen,32.0,256.0,Blue,2.13,AMD Ryzen 7,,95960.11,4.12,3.1
Hp,VivoBook,12th Gen,4.0,256.0,Grey,2.0,Intel Core i5,835.17,116143.61,43.26,3.9
Lenovo,Inspiron,10th Gen,32.0,1024.0,White,2.82,Intel Core i7,,165851.87,,3.7
Hp,VivoBook,11th Gen,4.0,512.0,Grey,2.05,Intel Core i5,249.86,168223.93,4.12,3.6
Hp,14,12th Gen,32.0,1024.0,White,1.47,AMD Ryzen 3,,49178.9,,4.1
Acer,15,11th Gen,4.0,256.0,Blue,1.4,AMD Ryzen 5,,106188.71,1.63,4.1
Dell,Inspiron,10th Gen,4.0,512.0,Blue,2.87,AMD Ryzen 5,647.85,148791.19,,3.5
Dell,15,13th Gen,12.0,512.0,Black,2.42,AMD Ryzen 5,419.81,140942.25,48.37,4.1
Lenovo,Inspiron,11th Gen,4.0,1024.0,Silver,1.5,Intel Core i3,,35817.69,,4.1
Lenovo,14,12th Gen,32.0,1024.0,Grey,1.98,AMD Ryzen 3,,37565.49,,4.5
Acer,VivoBook,13th Gen,8.0,1024.0,White,2.66,AMD Ryzen 7,200.55,102990.17,2.74,3.4
Asus,14,12th Gen,32.0,256.0,Grey,1.84,AMD Ryzen 3,,142052.08,29.01,4.2
Lenovo,14,12th Gen,12.0,512.0,Grey,2.77,AMD Ryzen 7,,58453.72,,3.7
Dell,VivoBook,11th Gen,12.0,512.0,Silver,2.72,Intel Core i3,773.28,57588.43,,4.3
Acer,Inspiron,10th Gen,4.0,1024.0,White,2.88,AMD Ryzen 5,228.21,31443.54,13.86,2.9
Lenovo,X1,13th Gen,4.0,1024.0,Blue,1.85,Intel Core i3,,95419.58,26.6,3.5
Acer,16,11th Gen,4.0,1024.0,Blue,1.99,Intel Core i5,664.78,76973.01,,4.4
Lenovo,Inspiron,12th Gen,12.0,512.0,Black,2.28,Intel Core i7,,167605.62,,3.0
Acer,VivoBook,13th Gen,12.0,1024.0,White,2.78,Intel Core i3,377.79,69523.43,,3.4
Acer,VivoBook,13th Gen,32.0,1024.0,Silver,1.24,Intel Core i7,576.3,123199.82,,2.6
Acer,15,12th Gen,8.0,1024.0,Blue,1.94,AMD Ryzen 7,343.58,132534.02,,4.5
Acer,16,10th Gen,4.0,512.0,Black,1.74,AMD Ryzen 3,,108043.38,35.23,4.5
Asus,16,10th Gen,32.0,256.0,White,1.59,Intel Core i7,797.85,58480.24,34.9,3.5
Lenovo,15,13th Gen,32.0,512.0,Black,1.84,Intel Core i3,605.24,134327.94,33.62,4.4
Dell,VivoBook,12th Gen,4.0,256.0,Blue,1.6,Intel Core i7,400.11,192097.12,,3.1
Hp,VivoBook,12th Gen,12.0,512.0,Silver,1.43,AMD Ryzen 7,782.08,138298.66,,3.1
Asus,15,11th Gen,4.0,512.0,Black,2.79,AMD Ryzen 5,619.76,52922.9,48.64,3.1
Lenovo,15,13th Gen,32.0,256.0,Silver,1.33,Intel Core i7,,122505.75,,3.6
Acer,14,12th Gen,12.0,1024.0,Grey,2.86,Intel Core i7,,196712.18,,3.3
Acer,15,13th Gen,8.0,256.0,Black,2.97,Intel Core i7,,74419.2,24.68,4.6
Acer,16,11th Gen,4.0,256.0,Silver,1.44,Intel Core i3,539.88,116887.24,18.86,4.6
Lenovo,15,10th Gen,32.0,256.0,Silver,1.83,Intel Core i5,,47792.3,,4.2
Hp,14,13th Gen,32.0,512.0,Black,3.0,Intel Core i7,326.1,98242.51,,2.8
Hp,14,10th Gen,4.0,512.0,Silver,1.21,Intel Core i7,,149260.39,30.36,4.3
Acer,VivoBook,11th Gen,16.0,512.0,Blue,1.68,AMD Ryzen 7,576.91,161143.99,43.01,4.1
Hp,14,11th Gen,16.0,512.0,White,2.08,Intel Core i7,,137731.19,19.99,3.6
Acer,VivoBook,10th Gen,4.0,1024.0,Blue,2.28,AMD Ryzen 7,436.72,143816.27,,4.6
Hp,Inspiron,10th Gen,8.0,1024.0,Silver,2.43,AMD Ryzen 3,319.19,123988.89,,3.0
Dell,X1,13th Gen,32.0,1024.0,White,2.53,AMD Ryzen 7,,91498.51,11.31,4.4
Hp,Inspiron,11th Gen,12.0,1024.0,Silver,2.64,AMD Ryzen 7,280.03,136701.46,36.31,3.1
Lenovo,VivoBook,13th Gen,8.0,1024.0,Silver,1.89,AMD Ryzen 3,,123948.62,,2.8
Acer,14,13th Gen,32.0,1024.0,Black,2.97,Intel Core i3,992.36,65570.5,,3.7
Dell,Inspiron,12th Gen,12.0,1024.0,White,2.56,Intel Core i5,,40381.61,0.26,3.9
Lenovo,VivoBook,10th Gen,,512.0,Silver,2.29,Intel Core i5,,126232.29,,4.5
Dell,16,12th Gen,32.0,256.0,Silver,1.83,Intel Core i3,696.6,160207.91,,3.2
Dell,16,11th Gen,16.0,256.0,Black,1.53,AMD Ryzen 7,673.98,72661.08,35.15,4.9
Acer,15,12th Gen,12.0,1024.0,Black,1.36,AMD Ryzen 7,,177068.11,41.51,3.7
Acer,Inspiron,10th Gen,32.0,1024.0,Silver,2.81,AMD Ryzen 3,,51016.64,21.82,2.8
Asus,Inspiron,10th Gen,8.0,1024.0,White,2.58,Intel Core i7,,92348.35,13.88,3.8
Asus,15,11th Gen,4.0,1024.0,Black,1.8,AMD Ryzen 3,,69911.48,49.32,2.6
Lenovo,15,13th Gen,8.0,256.0,Grey,2.84,AMD Ryzen 3,,106418.66,44.86,3.1
Acer,X1,13th Gen,16.0,512.0,Silver,2.32,Intel Core i7,,71818.43,34.03,2.8
Lenovo,Inspiron,10th Gen,12.0,256.0,Blue,1.82,Intel Core i7,,198578.91,46.67,3.0
Lenovo,16,13th Gen,8.0,512.0,White,1.24,AMD Ryzen 5,284.32,123988.01,,5.0
Asus,X1,13th Gen,4.0,512.0,White,2.59,AMD Ryzen 5,,164931.35,3.49,3.6
Hp,16,12th Gen,8.0,1024.0,Black,1.74,Intel Core i3,814.25,77454.23,29.4,3.8
Dell,X1,11th Gen,8.0,512.0,Black,2.71,Intel Core i7,317.87,161305.58,46.87,2.9
Acer,16,11th Gen,16.0,256.0,Silver,2.57,Intel Core i7,144.64,75015.85,,3.1
Acer,14,10th Gen,32.0,256.0,Grey,2.55,AMD Ryzen 3,269.03,70762.14,,4.5
Asus,15,10th Gen,8.0,1024.0,White,2.58,AMD Ryzen 5,,35494.74,,2.8
Asus,15,13th Gen,12.0,256.0,Blue,1.41,Intel Core i7,682.43,155285.86,,3.8
Hp,X1,11th Gen,16.0,256.0,Silver,1.34,AMD Ryzen 7,,118489.71,9.26,3.1
Acer,16,13th Gen,4.0,256.0,Grey,2.12,AMD Ryzen 7,730.91,112968.1,46.56,3.0
Asus,X1,10th Gen,8.0,512.0,Grey,1.24,AMD Ryzen 3,234.19,166098.32,35.53,5.0
Hp,Inspiron,11th Gen,8.0,256.0,Black,2.66,Intel Core i7,,107144.01,36.52,4.5
Lenovo,16,12th Gen,12.0,512.0,Silver,2.01,Intel Core i7,,100574.15,,2.6
Lenovo,16,12th Gen,12.0,1024.0,Black,1.52,Intel Core i3,,139717.9,39.61,3.5
Hp,16,13th Gen,12.0,1024.0,Grey,2.64,Intel Core i7,,41112.48,,4.1
Dell,16,10th Gen,16.0,512.0,Black,1.7,Intel Core i5,,81962.51,,3.0
Dell,VivoBook,12th Gen,4.0,512.0,Blue,2.9,AMD Ryzen 3,,102905.27,21.81,4.0
Dell,VivoBook,11th Gen,12.0,1024.0,White,2.13,AMD Ryzen 5,838.9,22205.29,,4.2
Hp,Inspiron,11th Gen,16.0,1024.0,White,2.1,AMD Ryzen 5,,99856.58,10.08,3.8
Dell,16,12th Gen,16.0,256.0,Silver,1.57,Intel Core i5,,101346.21,27.74,4.0
Asus,X1,12th Gen,32.0,512.0,Blue,1.43,AMD Ryzen 3,,68751.54,,4.7
Acer,X1,10th Gen,4.0,1024.0,Silver,2.66,Intel Core i7,,163287.91,,3.9
Acer,16,11th Gen,12.0,256.0,White,1.61,Intel Core i7,274.87,128011.42,12.26,4.8
Acer,15,10th Gen,12.0,256.0,Black,1.44,Intel Core i5,,69257.92,,4.2
Lenovo,Inspiron,10th Gen,4.0,1024.0,Silver,1.55,Intel Core i7,725.14,20323.5,,3.0
Dell,VivoBook,10th Gen,8.0,1024.0,Silver,1.67,Intel Core i7,312.81,82636.75,11.69,2.9
Acer,15,13th Gen,8.0,1024.0,White,2.01,AMD Ryzen 5,903.6,154943.75,,3.2
Hp,VivoBook,10th Gen,16.0,512.0,Silver,2.2,AMD Ryzen 5,,199924.91,,3.0
Asus,14,12th Gen,4.0,256.0,Silver,2.24,Intel Core i5,,50168.47,49.4,2.7
Hp,16,10th Gen,16.0,1024.0,Blue,1.89,AMD Ryzen 3,,151422.45,27.49,4.4
Dell,16,11th Gen,8.0,1024.0,Grey,1.98,AMD Ryzen 5,,25484.01,,4.7
Asus,VivoBook,12th Gen,12.0,1024.0,Blue,1.61,Intel Core i7,,107332.33,13.82,3.1
Acer,16,11th Gen,16.0,512.0,White,2.66,AMD Ryzen 7,653.29,99945.45,,4.2
Acer,14,13th Gen,4.0,1024.0,White,2.44,AMD Ryzen 3,,128776.61,43.49,3.7
Acer,16,10th Gen,4.0,1024.0,Silver,1.83,Intel Core i5,296.68,164468.74,11.5,4.6
Asus,15,11th Gen,32.0,512.0,Grey,1.65,AMD Ryzen 7,370.28,97445.2,30.9,2.8
Acer,16,11th Gen,4.0,256.0,Black,2.67,AMD Ryzen 5,,193309.96,20.66,3.3
Lenovo,X1,10th Gen,8.0,256.0,Grey,2.71,AMD Ryzen 5,,118053.45,,4.7
Lenovo,VivoBook,10th Gen,32.0,1024.0,Blue,2.38,Intel Core i5,,62171.06,23.98,3.0
Dell,Inspiron,11th Gen,8.0,256.0,Grey,2.85,Intel Core i7,,132672.78,,2.7
Acer,X1,13th Gen,16.0,1024.0,Black,1.98,Intel Core i3,693.66,199035.91,45.33,4.8
Acer,16,10th Gen,8.0,256.0,Black,1.95,AMD Ryzen 7,,141260.57,36.75,2.7
Acer,14,11th Gen,8.0,1024.0,Black,2.37,Intel Core i3,,85680.27,,4.6
Lenovo,VivoBook,13th Gen,8.0,512.0,Silver,2.74,AMD Ryzen 7,882.9,159552.43,7.76,3.2
Lenovo,14,10th Gen,12.0,1024.0,Blue,1.68,Intel Core i3,,32455.92,,2.7
Hp,14,10th Gen,4.0,1024.0,White,2.14,Intel Core i5,158.53,85614.75,45.06,4.7
Asus,15,12th Gen,32.0,256.0,Blue,2.17,AMD Ryzen 5,592.79,69775.68,49.92,4.7
Lenovo,X1,11th Gen,4.0,512.0,Grey,2.26,Intel Core i5,943.06,163172.86,37.95,4.4
Asus,15,11th Gen,12.0,256.0,Black,1.68,AMD Ryzen 7,,57204.21,,4.3
Acer,Inspiron,11th Gen,32.0,256.0,White,1.31,AMD Ryzen 7,311.68,168496.96,,3.0
Asus,16,10th Gen,4.0,512.0,Blue,1.64,Intel Core i3,270.94,125992.64,43.32,4.9
Lenovo,16,10th Gen,8.0,1024.0,Silver,2.15,Intel Core i3,,41168.83,,3.1
Dell,16,13th Gen,32.0,1024.0,Blue,1.48,AMD Ryzen 5,,33633.9,4.23,4.3
Lenovo,15,12th Gen,16.0,256.0,Silver,1.63,Intel Core i5,,145395.52,,3.4
Dell,Inspiron,12th Gen,12.0,1024.0,White,2.28,AMD Ryzen 7,128.26,177571.21,18.06,4.9
Hp,X1,11th Gen,8.0,512.0,Silver,1.83,Intel Core i7,,147846.48,33.18,3.3
Asus,X1,11th Gen,12.0,256.0,Blue,1.55,Intel Core i3,139.45,124048.64,18.53,4.9
Dell,Inspiron,11th Gen,4.0,1024.0,Grey,1.4,AMD Ryzen 5,309.68,138046.77,35.93,2.9
Asus,Inspiron,11th Gen,8.0,512.0,White,1.42,Intel Core i7,,156584.3,46.27,4.1
Lenovo,14,13th Gen,32.0,1024.0,Blue,1.99,AMD Ryzen 7,,153817.99,31.93,4.4
Lenovo,16,10th Gen,16.0,512.0,Blue,1.83,AMD Ryzen 7,,63881.34,,4.8
Dell,15,12th Gen,32.0,1024.0,Blue,1.32,Intel Core i5,,113176.71,,2.8
Lenovo,16,10th Gen,12.0,512.0,Blue,1.81,Intel Core i3,250.05,195015.01,24.29,4.8
Dell,16,13th Gen,12.0,512.0,Blue,1.35,Intel Core i5,,128433.04,40.25,3.8
Asus,Inspiron,13th Gen,16.0,1024.0,Black,2.94,AMD Ryzen 3,,52553.48,,4.9
Lenovo,Inspiron,10th Gen,12.0,512.0,White,2.77,AMD Ryzen 5,736.92,100969.43,,2.5
Acer,14,10th Gen,16.0,256.0,Silver,2.19,Intel Core i7,,184497.49,30.94,4.8
Dell,X1,10th Gen,16.0,256.0,Black,2.81,AMD Ryzen 7,,78260.47,,3.0
Dell,X1,12th Gen,16.0,1024.0,Silver,2.61,Intel Core i3,929.63,22425.1,32.69,3.3
Hp,X1,11th Gen,8.0,512.0,Black,2.99,Intel Core i5,328.73,58510.12,2.08,2.9
Acer,X1,12th Gen,4.0,256.0,Grey,1.99,Intel Core i7,889.39,85675.32,23.91,4.4
Asus,15,13th Gen,32.0,512.0,White,1.94,Intel Core i3,,135546.47,3.06,2.9
Asus,15,13th Gen,32.0,512.0,Blue,1.75,AMD Ryzen 7,170.76,53128.74,13.29,3.5
Asus,Inspiron,10th Gen,8.0,1024.0,White,1.26,Intel Core i3,314.34,31647.29,,3.5
Hp,X1,10th Gen,12.0,1024.0,White,1.82,AMD Ryzen 7,,47323.21,,4.9
Hp,15,13th Gen,12.0,256.0,White,1.99,AMD Ryzen 5,,25143.8,,3.8
Acer,15,11th Gen,16.0,1024.0,White,2.5,Intel Core i7,,123192.63,4.72,2.5
Hp,VivoBook,12th Gen,16.0,1024.0,White,2.35,Intel Core i3,,29880.27,31.05,3.2
Hp,Inspiron,11th Gen,16.0,1024.0,Silver,2.97,AMD Ryzen 3,198.09,57396.8,,3.0
Dell,14,13th Gen,8.0,,Silver,1.27,AMD Ryzen 7,,135702.75,,2.9
Hp,X1,11th Gen,12.0,256.0,Grey,1.33,AMD Ryzen 3,,160949.56,,3.6
Asus,X1,12th Gen,12.0,1024.0,Grey,1.53,AMD Ryzen 7,417.99,74001.67,,3.6
Dell,VivoBook,11th Gen,32.0,256.0,Black,2.71,AMD Ryzen 3,,52329.97,,2.5
Asus,15,12th Gen,16.0,512.0,Black,1.77,,667.19,126656.98,22.82,4.4
Asus,X1,10th Gen,16.0,1024.0,Silver,2.82,AMD Ryzen 5,758.83,155476.29,39.24,3.9
Acer,VivoBook,12th Gen,32.0,1024.0,Blue,2.3,Intel Core i7,,93011.87,39.81,4.4
Dell,14,12th Gen,4.0,512.0,Grey,1.36,AMD Ryzen 7,660.26,102559.76,,3.2
Asus,16,13th Gen,4.0,1024.0,White,2.1,AMD Ryzen 5,,122776.43,29.46,4.3
Dell,14,10th Gen,8.0,512.0,Black,2.73,AMD Ryzen 5,,87897.75,,2.9
Lenovo,16,12th Gen,32.0,256.0,Black,2.28,Intel Core i5,154.59,26214.74,,4.4
Asus,X1,10th Gen,32.0,256.0,White,2.05,Intel Core i7,549.04,30904.68,16.88,2.7
Asus,15,13th Gen,16.0,256.0,Silver,2.56,AMD Ryzen 7,,112255.02,38.4,3.1
Hp,VivoBook,12th Gen,4.0,256.0,White,2.2,Intel Core i5,,57447.26,,3.1
Lenovo,X1,10th Gen,16.0,256.0,White,2.46,AMD Ryzen 5,,25532.0,24.58,4.2
Hp,14,10th Gen,8.0,512.0,Grey,1.29,AMD Ryzen 3,781.54,159846.68,33.71,4.1
Dell,16,12th Gen,12.0,1024.0,Black,1.78,AMD Ryzen 5,187.7,36809.89,,2.5
Acer,16,12th Gen,12.0,256.0,Blue,1.44,Intel Core i7,153.65,79707.62,,2.7
Acer,14,11th Gen,32.0,512.0,Silver,2.12,Intel Core i5,,65158.66,,4.2
Acer,15,13th Gen,4.0,1024.0,White,2.2,Intel Core i3,595.14,129449.67,,4.7
Hp,15,10th Gen,16.0,512.0,Black,2.96,AMD Ryzen 7,256.66,113652.27,,3.7
Dell,Inspiron,13th Gen,32.0,256.0,Silver,2.34,AMD Ryzen 7,,165212.59,,4.2
Hp,X1,13th Gen,32.0,1024.0,Black,2.24,AMD Ryzen 7,,141418.13,42.45,3.3
Lenovo,Inspiron,12th Gen,8.0,256.0,Silver,2.19,Intel Core i7,,198573.44,,2.9
Hp,16,11th Gen,4.0,1024.0,Silver,2.35,AMD Ryzen 3,,109571.78,14.74,4.4
Asus,16,11th Gen,32.0,1024.0,Grey,2.1,AMD Ryzen 5,,56335.03,1.16,4.9
Acer,16,10th Gen,32.0,512.0,Silver,2.92,AMD Ryzen 3,,183346.24,,3.2
Lenovo,15,10th Gen,4.0,512.0,Silver,1.55,Intel Core i7,,179905.27,,4.9
Hp,14,10th Gen,4.0,1024.0,Black,1.84,Intel Core i7,636.13,68820.63,45.54,4.9
Acer,14,12th Gen,12.0,512.0,Grey,2.31,AMD Ryzen 7,458.2,139746.67,,2.9
Acer,X1,11th Gen,8.0,1024.0,Grey,1.48,Intel Core i3,517.07,113376.42,,3.0
Asus,16,11th Gen,16.0,512.0,White,1.32,Intel Core i3,,134651.23,,3.2
Asus,15,11th Gen,32.0,512.0,Blue,1.41,Intel Core i7,,125928.22,45.39,4.7
Hp,Inspiron,13th Gen,8.0,256.0,Blue,1.33,AMD Ryzen 7,,33173.68,31.78,4.9
Hp,X1,11th Gen,12.0,256.0,Grey,2.46,AMD Ryzen 5,841.02,144048.37,,2.7
Lenovo,VivoBook,10th Gen,8.0,256.0,White,1.8,AMD Ryzen 7,,20190.71,46.21,2.7
Dell,VivoBook,10th Gen,4.0,256.0,Silver,1.63,Intel Core i7,931.72,120978.62,48.39,3.0
Dell,Inspiron,13th Gen,8.0,512.0,White,1.38,Intel Core i5,260.02,71811.61,2.73,3.8
Dell,16,12th Gen,32.0,256.0,Grey,2.99,AMD Ryzen 3,,127079.78,10.13,2.6
Dell,VivoBook,12th Gen,12.0,1024.0,Grey,1.2,AMD Ryzen 7,,78893.03,,2.5
Acer,14,10th Gen,32.0,256.0,Silver,2.56,Intel Core i5,,186266.83,,2.6
Hp,14,11th Gen,32.0,1024.0,Blue,2.92,Intel Core i7,,93516.63,39.22,4.2
Acer,VivoBook,11th Gen,16.0,1024.0,White,2.35,Intel Core i7,,53145.22,39.82,4.4
Dell,X1,13th Gen,8.0,256.0,Grey,2.97,AMD Ryzen 5,431.73,128244.36,,4.5
Asus,14,12th Gen,12.0,256.0,Grey,1.38,AMD Ryzen 7,305.91,181632.23,0.47,2.9
Lenovo,15,10th Gen,4.0,512.0,Black,1.82,Intel Core i5,774.6,107651.68,,3.4
Dell,Inspiron,11th Gen,12.0,256.0,Black,1.87,AMD Ryzen 3,148.42,37178.61,,2.5
Acer,14,12th Gen,12.0,256.0,Grey,2.12,Intel Core i5,,143406.22,22.02,4.9
Dell,15,12th Gen,32.0,256.0,Grey,2.58,Intel Core i5,,72909.88,,4.2
Dell,VivoBook,12th Gen,16.0,1024.0,White,2.29,AMD Ryzen 3,,148642.58,40.42,4.0
Lenovo,16,10th Gen,12.0,256.0,Silver,1.56,AMD Ryzen 7,432.84,65439.85,,3.6
Asus,VivoBook,10th Gen,8.0,1024.0,Black,2.09,Intel Core i5,,72772.97,,4.6
Acer,Inspiron,11th Gen,16.0,1024.0,Silver,2.49,AMD Ryzen 7,832.13,180358.11,12.37,3.6
Hp,VivoBook,13th Gen,4.0,1024.0,Black,1.29,Intel Core i5,,78126.71,,3.9
Asus,14,12th Gen,16.0,512.0,Silver,2.22,AMD Ryzen 7,,176751.23,36.23,4.4
Dell,X1,11th Gen,16.0,256.0,White,2.05,Intel Core i5,915.52,104188.13,27.48,2.8
Hp,14,13th Gen,32.0,256.0,Grey,2.22,AMD Ryzen 3,,170039.25,25.94,3.1
Hp,16,10th Gen,32.0,1024.0,Grey,1.58,AMD Ryzen 7,512.71,50267.95,35.71,4.1
Asus,Inspiron,10th Gen,16.0,256.0,Grey,1.22,Intel Core i7,838.2,98833.81,9.39,2.9
Lenovo,Inspiron,11th Gen,32.0,512.0,White,1.57,Intel Core i3,800.86,190691.85,27.4,3.2
Dell,14,10th Gen,16.0,1024.0,White,1.27,Intel Core i3,,193429.8,37.0,3.4
Lenovo,VivoBook,10th Gen,16.0,512.0,White,2.74,Intel Core i5,537.86,33871.6,30.64,3.3
Dell,X1,12th Gen,4.0,256.0,Silver,2.08,AMD Ryzen 3,,40764.73,,4.6
Lenovo,X1,13th Gen,32.0,1024.0,White,2.8,Intel Core i3,339.38,153674.6,,4.1
Dell,15,11th Gen,4.0,1024.0,Silver,2.5,Intel Core i5,,114308.13,,2.9
Dell,15,12th Gen,16.0,512.0,Black,2.24,AMD Ryzen 3,188.94,126646.19,,4.3
Acer,16,12th Gen,32.0,1024.0,Silver,2.2,AMD Ryzen 7,610.29,148282.7,49.94,2.6
Dell,Inspiron,10th Gen,8.0,256.0,Black,1.81,AMD Ryzen 7,726.81,85532.66,,3.9
Acer,Inspiron,13th Gen,4.0,256.0,Black,1.72,Intel Core i7,,68189.91,44.87,2.8
Lenovo,VivoBook,13th Gen,4.0,512.0,Silver,2.14,Intel Core i7,,113560.8,,2.8
Lenovo,X1,10th Gen,4.0,1024.0,White,1.46,Intel Core i3,657.0,55920.89,26.27,3.1
Asus,15,11th Gen,32.0,256.0,Blue,1.76,AMD Ryzen 7,370.1,152092.75,7.2,3.9
Hp,X1,13th Gen,12.0,512.0,White,2.91,Intel Core i7,998.92,135402.9,,4.5
Hp,15,12th Gen,16.0,1024.0,Blue,2.52,Intel Core i3,960.75,60125.23,,4.1
Asus,X1,13th Gen,32.0,1024.0,Grey,1.98,Intel Core i3,,26063.69,,2.7
Dell,Inspiron,10th Gen,12.0,512.0,Blue,1.39,AMD Ryzen 3,108.22,198944.27,,4.9
Dell,Inspiron,10th Gen,4.0,1024.0,Silver,1.9,AMD Ryzen 7,,43182.48,24.71,3.1
Lenovo,X1,11th Gen,16.0,512.0,Grey,2.83,Intel Core i3,,174429.3,23.82,2.9
Lenovo,X1,12th Gen,4.0,1024.0,Blue,1.83,Intel Core i3,,150445.18,23.79,3.6
Asus,Inspiron,11th Gen,16.0,1024.0,Black,2.88,Intel Core i3,,137541.43,38.57,3.2
Lenovo,Inspiron,12th Gen,8.0,256.0,Black,1.2,Intel Core i7,,74145.47,39.22,2.6
Lenovo,14,13th Gen,16.0,1024.0,Blue,2.14,Intel Core i3,,149770.73,,4.2
Dell,Inspiron,12th Gen,16.0,512.0,Grey,2.07,AMD Ryzen 3,,39525.57,23.89,2.6
Lenovo,Inspiron,13th Gen,16.0,1024.0,Blue,2.39,Intel Core i5,,36776.2,4.76,4.8
Hp,14,11th Gen,32.0,1024.0,Blue,2.14,AMD Ryzen 7,528.06,85759.88,35.82,4.7
Acer,15,13th Gen,12.0,256.0,Silver,1.82,Intel Core i7,506.46,127343.12,20.51,3.5
Acer,Inspiron,12th Gen,32.0,1024.0,Grey,1.6,AMD Ryzen 3,,83646.3,30.06,3.3
Hp,VivoBook,11th Gen,16.0,256.0,Grey,1.21,Intel Core i7,835.6,133827.51,,3.2
Dell,X1,12th Gen,4.0,1024.0,White,1.68,AMD Ryzen 7,,130459.31,,2.9
Asus,Inspiron,10th Gen,16.0,1024.0,Black,2.26,AMD Ryzen 5,,192999.57,,4.9
Lenovo,VivoBook,11th Gen,8.0,256.0,White,2.49,AMD Ryzen 7,986.77,63454.6,47.21,3.3
Acer,16,13th Gen,32.0,512.0,Silver,1.84,,324.88,117497.12,11.71,4.4
Acer,16,10th Gen,16.0,512.0,White,2.58,Intel Core i3,,156356.52,,3.4
Asus,X1,11th Gen,16.0,1024.0,White,1.27,AMD Ryzen 7,756.44,162621.85,17.2,3.3
Lenovo,14,10th Gen,4.0,256.0,Silver,2.69,Intel Core i5,,26673.76,,3.2
Dell,VivoBook,12th Gen,32.0,512.0,Blue,1.35,Intel Core i5,510.65,153186.71,,3.3
Dell,15,13th Gen,12.0,256.0,Grey,2.95,AMD Ryzen 7,,122857.91,34.07,2.7
Lenovo,16,12th Gen,16.0,256.0,Blue,1.46,AMD Ryzen 3,412.91,141912.37,,4.3
Acer,14,12th Gen,16.0,256.0,Silver,2.63,Intel Core i7,,162562.9,18.75,5.0
Hp,Inspiron,10th Gen,32.0,1024.0,Blue,2.36,Intel Core i5,,174958.58,,2.8
Asus,VivoBook,11th Gen,32.0,256.0,Blue,1.69,AMD Ryzen 3,807.18,120530.29,31.5,4.5
Acer,14,13th Gen,32.0,1024.0,Black,1.86,AMD Ryzen 7,978.34,142929.83,12.44,3.4
Lenovo,Inspiron,12th Gen,8.0,256.0,Black,2.33,Intel Core i5,,38911.72,24.7,4.0
Hp,14,12th Gen,4.0,1024.0,Grey,1.29,Intel Core i5,,66670.08,,4.1
Hp,14,12th Gen,4.0,256.0,White,2.38,Intel Core i5,,131819.27,41.74,3.0
Asus,Inspiron,11th Gen,16.0,1024.0,White,1.48,Intel Core i5,,139303.49,45.16,4.7
Dell,15,10th Gen,32.0,1024.0,Black,2.36,Intel Core i7,,109927.06,18.9,3.6
Asus,Inspiron,13th Gen,32.0,256.0,Grey,2.71,Intel Core i7,,30252.88,,2.6
Dell,15,11th Gen,8.0,512.0,Silver,2.39,Intel Core i3,,53192.7,39.07,3.6
Acer,16,10th Gen,32.0,512.0,Blue,1.58,Intel Core i5,,87727.22,3.3,3.6
Dell,VivoBook,10th Gen,12.0,1024.0,Grey,1.76,AMD Ryzen 3,,64530.51,,2.6
Hp,15,12th Gen,32.0,256.0,Silver,2.3,Intel Core i5,,83703.13,23.34,4.7
Asus,X1,13th Gen,12.0,1024.0,Grey,1.78,Intel Core i5,,129089.1,,4.9
Hp,VivoBook,10th Gen,32.0,512.0,Silver,2.29,Intel Core i5,549.56,184831.68,,3.3
Lenovo,X1,13th Gen,16.0,256.0,White,1.49,AMD Ryzen 5,,101662.22,,3.1
Acer,14,11th Gen,32.0,1024.0,White,2.1,AMD Ryzen 5,,84021.27,,4.0
Acer,16,13th Gen,4.0,1024.0,Grey,2.4,AMD Ryzen 3,,175395.09,11.85,3.6
Hp,14,10th Gen,16.0,1024.0,Silver,1.94,AMD Ryzen 7,,85918.24,,4.9
Dell,X1,12th Gen,8.0,1024.0,Grey,1.83,Intel Core i3,,141328.31,3.71,4.8
Acer,VivoBook,11th Gen,32.0,512.0,White,2.66,,883.28,90627.65,,5.0
Lenovo,15,12th Gen,32.0,1024.0,Grey,1.95,AMD Ryzen 5,,98979.04,33.72,3.4
Lenovo,16,12th Gen,16.0,1024.0,Black,2.85,AMD Ryzen 7,673.11,94962.45,,3.5
Acer,16,12th Gen,16.0,512.0,Blue,,AMD Ryzen 5,,177782.0,40.44,3.2
Acer,14,10th Gen,4.0,256.0,Blue,1.87,AMD Ryzen 7,,88912.53,,4.7
Acer,15,11th Gen,16.0,1024.0,Grey,2.21,Intel Core i7,,196667.23,39.88,2.6
Lenovo,16,11th Gen,,256.0,Silver,2.38,AMD Ryzen 5,560.81,64785.31,43.22,3.9
Dell,X1,10th Gen,12.0,512.0,Grey,2.18,Intel Core i5,594.05,63319.73,8.7,4.2
Lenovo,14,11th Gen,12.0,1024.0,Grey,2.96,Intel Core i5,,170632.13,,3.5
Dell,Inspiron,12th Gen,12.0,512.0,Silver,2.81,AMD Ryzen 7,173.76,58964.83,25.66,3.3
Asus,14,11th Gen,32.0,512.0,Grey,2.2,AMD Ryzen 7,339.76,100217.16,,4.4
Hp,14,12th Gen,16.0,512.0,Grey,1.59,AMD Ryzen 5,,77710.48,,4.3
Hp,16,11th Gen,16.0,256.0,White,1.63,AMD Ryzen 5,395.49,130237.31,10.02,3.4
Asus,14,10th Gen,4.0,1024.0,Blue,1.74,AMD Ryzen 7,,96713.43,25.76,3.8
Acer,VivoBook,13th Gen,8.0,1024.0,Black,2.5,AMD Ryzen 5,,127810.33,39.66,2.7
Acer,15,10th Gen,4.0,1024.0,Grey,2.91,AMD Ryzen 5,,161104.01,35.93,4.8
Asus,X1,11th Gen,16.0,256.0,Grey,2.57,AMD Ryzen 7,612.94,61226.43,4.53,3.2
Dell,16,12th Gen,16.0,512.0,Blue,1.22,AMD Ryzen 7,479.31,90208.46,,2.5
Hp,X1,13th Gen,12.0,1024.0,Blue,1.76,Intel Core i7,364.13,149770.99,,4.9
Acer,15,11th Gen,12.0,512.0,Grey,1.94,AMD Ryzen 3,841.82,68425.35,,4.4
Dell,14,11th Gen,16.0,512.0,Black,2.97,Intel Core i7,,178511.84,,2.5
Lenovo,X1,13th Gen,16.0,512.0,Black,1.77,AMD Ryzen 3,,56874.28,,4.8
Dell,VivoBook,10th Gen,8.0,1024.0,White,1.52,AMD Ryzen 5,,187999.04,,3.7
Hp,X1,12th Gen,32.0,512.0,White,2.93,AMD Ryzen 7,639.94,31749.72,33.18,4.1
Lenovo,VivoBook,10th Gen,4.0,512.0,Black,2.08,Intel Core i5,,33211.2,,2.9
Hp,14,10th Gen,16.0,1024.0,White,2.24,AMD Ryzen 5,,181437.24,,2.8
Hp,16,10th Gen,12.0,256.0,Grey,2.33,AMD Ryzen 5,344.52,112893.59,,2.9
Acer,16,13th Gen,32.0,512.0,Blue,2.05,Intel Core i5,599.09,159552.71,30.88,3.0
Lenovo,VivoBook,10th Gen,12.0,1024.0,Black,1.21,Intel Core i3,743.17,156861.63,33.22,3.6
Hp,X1,12th Gen,16.0,512.0,White,1.25,AMD Ryzen 7,,32903.68,34.48,3.9
Asus,14,12th Gen,12.0,512.0,Blue,2.6,AMD Ryzen 7,,64720.46,27.46,3.7
Dell,14,13th Gen,4.0,512.0,Silver,2.06,AMD Ryzen 5,864.42,82723.33,18.75,3.4
Asus,Inspiron,11th Gen,16.0,256.0,Blue,2.65,Intel Core i5,,127177.91,13.9,3.7
Hp,Inspiron,11th Gen,4.0,512.0,Black,1.26,Intel Core i7,874.28,101083.42,42.71,3.7
Asus,VivoBook,11th Gen,4.0,1024.0,Blue,1.92,Intel Core i3,516.74,136079.08,,4.0
Hp,Inspiron,10th Gen,8.0,1024.0,Silver,1.67,AMD Ryzen 3,678.64,51633.1,,4.0
Hp,15,10th Gen,16.0,512.0,Black,1.53,Intel Core i7,807.63,145819.9,,2.9
Hp,14,13th Gen,12.0,512.0,White,2.16,AMD Ryzen 5,799.51,138274.42,,4.0
Dell,VivoBook,10th Gen,8.0,1024.0,White,1.81,Intel Core i7,634.66,121326.44,14.23,3.6
Asus,16,12th Gen,8.0,512.0,Grey,2.6,AMD Ryzen 5,,176778.73,,4.7
Hp,VivoBook,10th Gen,8.0,512.0,Silver,1.98,Intel Core i3,,105821.55,,5.0
Lenovo,X1,13th Gen,16.0,256.0,Blue,1.73,AMD Ryzen 5,,115003.89,48.89,3.0
Asus,16,12th Gen,4.0,256.0,Black,2.43,AMD Ryzen 7,266.08,153831.03,32.54,4.2
Hp,15,12th Gen,16.0,512.0,Blue,1.5,Intel Core i3,429.06,166181.95,8.36,4.0
Acer,15,13th Gen,4.0,256.0,White,2.43,Intel Core i3,320.03,66976.61,,3.2
Hp,14,10th Gen,32.0,256.0,White,1.61,Intel Core i5,,92326.43,5.83,4.5
Hp,Inspiron,11th Gen,32.0,512.0,White,1.92,AMD Ryzen 5,,125557.39,31.15,4.2
Acer,Inspiron,13th Gen,32.0,512.0,Black,1.37,Intel Core i5,734.04,142474.26,4.44,4.8
Acer,VivoBook,13th Gen,16.0,256.0,White,1.66,AMD Ryzen 7,919.85,93521.74,,4.2
Dell,16,12th Gen,8.0,512.0,Grey,,Intel Core i7,366.76,21028.54,29.87,2.8
Hp,15,10th Gen,12.0,1024.0,Blue,1.48,AMD Ryzen 7,865.28,23649.76,32.03,2.7
Asus,16,11th Gen,8.0,512.0,Grey,1.96,Intel Core i7,,36817.41,45.35,3.1
Acer,VivoBook,12th Gen,12.0,512.0,Black,1.82,Intel Core i3,818.02,165750.76,,3.1
Dell,14,13th Gen,8.0,256.0,Grey,2.31,Intel Core i7,260.04,153562.48,,2.9
Dell,16,13th Gen,8.0,256.0,Blue,2.51,Intel Core i7,,199841.57,39.25,3.7
Hp,Inspiron,10th Gen,4.0,512.0,White,2.33,Intel Core i3,,146404.06,5.71,2.7
Lenovo,15,10th Gen,32.0,1024.0,Black,2.24,Intel Core i5,962.27,191449.28,1.13,3.2
Dell,16,13th Gen,16.0,1024.0,Blue,1.63,AMD Ryzen 7,,109020.07,,3.5
Acer,14,13th Gen,16.0,1024.0,Blue,1.64,Intel Core i7,,188821.58,,2.5
Hp,15,13th Gen,16.0,256.0,Blue,1.33,AMD Ryzen 3,,192985.74,,5.0
Acer,15,11th Gen,16.0,256.0,Silver,2.38,Intel Core i5,,181209.74,,3.2
Dell,Inspiron,13th Gen,8.0,1024.0,Blue,1.35,AMD Ryzen 3,825.43,37661.25,47.71,2.7
Asus,15,11th Gen,,1024.0,Silver,1.73,Intel Core i3,204.92,46184.93,36.65,4.0
Acer,Inspiron,12th Gen,16.0,1024.0,Grey,2.67,AMD Ryzen 5,396.98,118159.4,32.42,4.5
Hp,16,11th Gen,4.0,256.0,Blue,1.37,Intel Core i3,180.4,90972.0,,4.7
Hp,X1,13th Gen,8.0,256.0,Silver,1.36,Intel Core i3,445.07,195666.82,45.52,2.7
Acer,X1,12th Gen,32.0,512.0,Blue,1.31,Intel Core i3,,184242.57,39.73,4.7
Lenovo,14,10th Gen,4.0,512.0,Grey,2.78,Intel Core i3,350.35,183833.17,,2.8
Dell,15,12th Gen,4.0,1024.0,White,2.77,AMD Ryzen 5,480.62,79181.65,,3.1
Acer,15,13th Gen,4.0,1024.0,Silver,2.45,Intel Core i3,907.61,136576.21,22.82,2.8
Asus,14,12th Gen,12.0,512.0,Blue,2.15,AMD Ryzen 5,,30177.83,24.77,3.3
Asus,Inspiron,10th Gen,32.0,512.0,Black,2.34,Intel Core i7,661.1,117433.13,13.37,4.7
Acer,14,11th Gen,12.0,256.0,Black,2.81,AMD Ryzen 5,,141892.61,,4.1
Hp,X1,13th Gen,16.0,1024.0,Blue,1.83,Intel Core i3,,125081.35,48.49,3.2
Dell,15,12th Gen,32.0,256.0,Grey,2.49,Intel Core i3,,61385.58,,4.1
Lenovo,16,10th Gen,32.0,1024.0,Grey,2.27,AMD Ryzen 5,981.51,98728.14,46.2,3.4
Lenovo,16,10th Gen,16.0,1024.0,White,2.63,AMD Ryzen 5,972.81,180538.73,,2.7
Dell,VivoBook,10th Gen,32.0,512.0,Grey,2.04,Intel Core i3,459.1,37728.72,,3.5
Hp,X1,12th Gen,16.0,256.0,Blue,2.62,AMD Ryzen 7,,95048.88,40.87,4.9
Dell,16,12th Gen,16.0,1024.0,Blue,2.33,AMD Ryzen 5,,178886.92,,3.8
Acer,VivoBook,13th Gen,8.0,512.0,Grey,2.29,AMD Ryzen 7,,175147.43,,4.6
Asus,15,10th Gen,32.0,1024.0,Silver,1.5,AMD Ryzen 7,464.82,115542.01,26.64,3.0
Hp,14,12th Gen,8.0,256.0,Silver,1.98,AMD Ryzen 7,545.2,186273.35,,4.5
Lenovo,Inspiron,12th Gen,12.0,512.0,White,2.33,Intel Core i3,,60287.24,7.41,2.9
Dell,VivoBook,10th Gen,12.0,256.0,Grey,2.32,Intel Core i7,181.53,68685.78,,4.3
Lenovo,15,13th Gen,12.0,1024.0,Grey,2.81,AMD Ryzen 7,660.12,146402.23,,3.3
Lenovo,X1,13th Gen,4.0,1024.0,Grey,2.21,AMD Ryzen 5,,171294.98,,3.3
Acer,15,13th Gen,4.0,512.0,Silver,2.3,Intel Core i5,741.16,28825.74,44.03,4.9
Acer,14,13th Gen,4.0,1024.0,Black,2.45,AMD Ryzen 3,461.49,161085.05,22.91,3.9
Lenovo,15,13th Gen,32.0,512.0,Blue,1.58,AMD Ryzen 7,,148485.99,20.58,4.5
Acer,X1,10th Gen,,1024.0,Blue,2.02,AMD Ryzen 3,,98353.4,,4.5
Hp,VivoBook,12th Gen,16.0,512.0,Grey,2.57,AMD Ryzen 7,111.45,110097.75,,2.6
Dell,15,11th Gen,16.0,256.0,White,1.89,Intel Core i5,,134982.7,,3.6
Asus,16,13th Gen,8.0,256.0,Blue,1.92,Intel Core i3,,133995.25,,4.9
Lenovo,X1,11th Gen,16.0,512.0,Blue,2.56,Intel Core i5,664.17,123737.37,,3.9
Acer,Inspiron,12th Gen,8.0,512.0,Black,2.61,AMD Ryzen 3,,22039.5,28.05,3.2
Acer,VivoBook,10th Gen,32.0,512.0,Grey,1.72,AMD Ryzen 5,937.67,119573.25,,4.0
Acer,14,13th Gen,32.0,512.0,Grey,2.53,AMD Ryzen 7,358.22,138177.92,,4.8
Asus,15,13th Gen,8.0,512.0,White,1.81,AMD Ryzen 5,,113210.07,49.12,4.7
Lenovo,Inspiron,12th Gen,12.0,256.0,Blue,1.85,Intel Core i7,,89179.45,44.28,4.7
Asus,14,13th Gen,12.0,512.0,Blue,1.44,Intel Core i3,,140675.64,38.23,4.7
Dell,16,10th Gen,4.0,256.0,Blue,1.32,AMD Ryzen 3,,193946.21,,4.8
Asus,X1,13th Gen,8.0,1024.0,Grey,2.57,AMD Ryzen 7,,184847.2,32.67,4.1
Dell,X1,10th Gen,4.0,256.0,Silver,2.67,,815.94,95795.48,48.19,4.0
Lenovo,16,10th Gen,16.0,512.0,Grey,1.89,AMD Ryzen 7,,139991.29,,2.6
Asus,15,12th Gen,12.0,256.0,Grey,2.01,Intel Core i5,,52870.23,,4.8
Lenovo,15,10th Gen,32.0,256.0,Grey,1.51,AMD Ryzen 7,639.64,173859.74,,4.8
Asus,15,12th Gen,4.0,,Silver,1.66,AMD Ryzen 3,,123757.71,8.02,4.2
Lenovo,Inspiron,13th Gen,16.0,512.0,Blue,2.2,Intel Core i5,,23487.39,,3.9
Dell,16,10th Gen,16.0,256.0,Black,2.44,AMD Ryzen 3,282.53,93312.62,,3.2
Asus,14,12th Gen,4.0,1024.0,Blue,2.32,Intel Core i5,467.63,196763.19,,2.9
Asus,VivoBook,10th Gen,32.0,1024.0,Blue,2.22,AMD Ryzen 5,,139705.94,14.52,3.0
Hp,14,12th Gen,8.0,256.0,Silver,1.46,Intel Core i5,967.7,157420.75,13.39,3.6
Asus,VivoBook,13th Gen,16.0,1024.0,Grey,1.86,Intel Core i7,481.35,90976.55,,3.0
Asus,14,11th Gen,12.0,512.0,Silver,2.38,AMD Ryzen 5,694.99,27104.61,,2.7
Acer,16,12th Gen,8.0,256.0,Black,1.9,Intel Core i7,,66736.0,,4.3
Acer,15,13th Gen,32.0,256.0,Black,2.34,Intel Core i3,812.61,80045.25,,2.7
Asus,X1,12th Gen,12.0,512.0,Grey,2.99,AMD Ryzen 5,,66890.51,,2.9
Asus,15,12th Gen,16.0,1024.0,Silver,2.54,Intel Core i5,852.41,194974.54,16.65,4.8
Lenovo,16,12th Gen,32.0,512.0,Black,2.16,Intel Core i5,,189071.2,,2.7
Hp,VivoBook,11th Gen,16.0,256.0,Grey,2.11,Intel Core i7,619.33,110133.73,,3.4
Dell,16,12th Gen,4.0,256.0,Grey,1.26,AMD Ryzen 5,,96355.43,,2.8
Hp,X1,10th Gen,,1024.0,Grey,2.98,Intel Core i5,372.42,88835.78,8.92,4.1
Dell,15,12th Gen,8.0,256.0,Black,2.84,Intel Core i5,,124569.93,49.11,2.7
Hp,16,10th Gen,12.0,1024.0,White,2.02,AMD Ryzen 5,,171475.89,,4.4
Hp,VivoBook,11th Gen,32.0,512.0,Grey,2.74,Intel Core i3,,26550.48,44.21,3.8
Hp,Inspiron,13th Gen,,512.0,Black,2.47,AMD Ryzen 3,551.22,198377.55,30.08,3.0
Acer,14,10th Gen,12.0,1024.0,Black,1.24,AMD Ryzen 5,,111520.31,,3.8
Hp,VivoBook,10th Gen,8.0,512.0,Black,1.97,Intel Core i7,,144431.66,,4.9
Dell,Inspiron,12th Gen,4.0,256.0,Blue,1.3,Intel Core i3,875.53,66975.51,,3.1
Dell,15,12th Gen,16.0,512.0,Silver,2.14,Intel Core i5,,44239.29,,4.5
Acer,VivoBook,12th Gen,8.0,1024.0,Black,2.79,AMD Ryzen 5,,83378.5,49.65,4.0
Asus,X1,12th Gen,8.0,256.0,White,2.6,Intel Core i7,479.88,131156.87,14.22,2.9
Dell,VivoBook,11th Gen,32.0,256.0,White,2.66,AMD Ryzen 3,249.07,63206.26,25.72,3.3
Lenovo,15,13th Gen,16.0,256.0,Black,1.77,AMD Ryzen 7,373.73,131396.06,,2.8
Lenovo,14,10th Gen,8.0,512.0,White,2.68,AMD Ryzen 7,240.15,190676.79,,3.7
Acer,X1,10th Gen,16.0,512.0,Grey,2.51,AMD Ryzen 5,145.14,67024.82,,4.9
Hp,14,10th Gen,4.0,1024.0,White,2.78,Intel Core i3,380.66,23073.99,,4.5
Hp,VivoBook,12th Gen,12.0,1024.0,Blue,1.94,AMD Ryzen 3,382.07,84747.33,,5.0
Asus,15,10th Gen,16.0,256.0,White,1.57,AMD Ryzen 7,,66710.33,35.43,3.9
Acer,X1,10th Gen,12.0,512.0,Silver,2.61,Intel Core i5,456.81,150090.33,,4.7
Asus,X1,13th Gen,8.0,256.0,Black,2.09,Intel Core i3,809.04,135701.38,22.48,4.7
Lenovo,15,13th Gen,32.0,256.0,Grey,1.43,Intel Core i3,,102145.55,42.78,4.9
Acer,VivoBook,10th Gen,16.0,1024.0,Grey,2.57,Intel Core i3,406.97,135149.46,31.63,4.4
Dell,VivoBook,13th Gen,,512.0,Black,1.79,AMD Ryzen 7,,85593.74,11.31,3.7
Hp,VivoBook,11th Gen,4.0,256.0,Black,1.81,AMD Ryzen 7,,113960.97,,3.2
Lenovo,16,12th Gen,4.0,256.0,Blue,2.8,Intel Core i7,,47784.72,,3.8
Lenovo,15,13th Gen,4.0,1024.0,White,2.05,Intel Core i3,230.64,71380.64,,3.2
Asus,X1,13th Gen,12.0,512.0,Silver,2.17,Intel Core i7,,138154.73,14.43,4.9
Hp,14,11th Gen,32.0,256.0,Grey,1.38,Intel Core i7,,50898.92,15.58,3.0
Acer,X1,13th Gen,4.0,256.0,Black,2.03,AMD Ryzen 3,,62891.33,,2.6
Asus,VivoBook,12th Gen,12.0,256.0,White,1.86,Intel Core i7,523.73,32183.77,,2.6
Lenovo,Inspiron,10th Gen,4.0,1024.0,White,1.63,AMD Ryzen 7,763.21,144060.78,,2.5
Hp,Inspiron,11th Gen,4.0,256.0,Silver,2.72,Intel Core i7,,83057.41,27.31,3.0
Acer,14,11th Gen,12.0,512.0,Black,1.48,Intel Core i3,,96552.51,20.54,3.4
Hp,14,12th Gen,16.0,256.0,White,1.25,Intel Core i3,509.74,75951.01,17.14,4.5
Asus,X1,11th Gen,12.0,256.0,Grey,1.74,AMD Ryzen 5,,176423.86,,3.3
Hp,14,11th Gen,4.0,512.0,Black,2.48,AMD Ryzen 3,183.87,60452.66,29.26,4.2
Asus,14,13th Gen,16.0,512.0,Grey,2.19,AMD Ryzen 3,,142495.25,16.14,4.4
Dell,16,11th Gen,16.0,1024.0,Black,2.53,Intel Core i5,,91957.17,,3.7
Dell,VivoBook,13th Gen,32.0,1024.0,Blue,2.62,Intel Core i5,815.99,50184.49,45.25,4.4
Acer,16,11th Gen,4.0,512.0,White,1.84,AMD Ryzen 3,747.12,81706.95,34.82,4.6
Acer,14,11th Gen,32.0,256.0,Blue,2.03,AMD Ryzen 5,193.69,83214.27,,3.3
Asus,14,11th Gen,32.0,256.0,Blue,1.52,AMD Ryzen 3,825.21,131733.66,25.44,2.8
Acer,15,13th Gen,4.0,512.0,Blue,2.86,Intel Core i7,113.28,61854.71,,4.5
Lenovo,16,10th Gen,12.0,1024.0,Grey,2.36,AMD Ryzen 3,671.45,67143.32,41.49,4.9
Lenovo,14,10th Gen,12.0,256.0,Silver,1.3,Intel Core i3,,125330.39,38.89,3.9
Acer,Inspiron,12th Gen,12.0,256.0,Grey,2.79,Intel Core i3,456.68,89460.84,,2.8
Dell,14,13th Gen,8.0,256.0,Grey,1.48,,956.76,53406.69,,4.5
Dell,VivoBook,10th Gen,4.0,512.0,Grey,2.8,AMD Ryzen 7,838.34,147202.7,,4.1
Dell,16,11th Gen,4.0,256.0,Grey,2.38,AMD Ryzen 3,,42982.77,,3.7
Lenovo,16,11th Gen,12.0,512.0,Grey,1.93,AMD Ryzen 7,,106335.18,15.94,3.4
Acer,15,11th Gen,12.0,1024.0,Grey,2.76,Intel Core i3,475.91,42851.16,,2.7
Hp,16,12th Gen,12.0,512.0,Silver,2.57,Intel Core i3,339.48,128243.25,,3.0
Hp,VivoBook,10th Gen,4.0,1024.0,Grey,1.84,AMD Ryzen 7,602.25,52909.27,9.41,2.9
Lenovo,Inspiron,10th Gen,4.0,512.0,White,1.84,Intel Core i7,,46471.94,7.01,4.0
Lenovo,15,13th Gen,16.0,512.0,White,2.92,AMD Ryzen 5,796.31,158121.53,,4.9
Hp,X1,13th Gen,32.0,512.0,Silver,1.75,Intel Core i3,,115514.42,,2.5
Dell,VivoBook,13th Gen,4.0,256.0,Grey,1.73,AMD Ryzen 5,365.1,34475.55,,4.1
Lenovo,VivoBook,13th Gen,8.0,256.0,White,2.86,AMD Ryzen 5,226.25,25710.79,7.43,3.7
Lenovo,VivoBook,11th Gen,4.0,1024.0,Silver,2.47,AMD Ryzen 5,429.57,126007.78,17.81,2.7
Hp,Inspiron,12th Gen,8.0,1024.0,Blue,1.24,Intel Core i7,,184118.52,,4.4
Acer,VivoBook,11th Gen,4.0,256.0,Grey,2.47,Intel Core i7,793.99,132693.44,25.53,4.9
Dell,VivoBook,10th Gen,8.0,512.0,Black,2.06,AMD Ryzen 7,,169631.56,48.75,2.6
Lenovo,16,12th Gen,12.0,1024.0,Black,1.79,AMD Ryzen 5,,172492.95,33.43,2.8
Dell,14,12th Gen,4.0,512.0,Grey,1.72,AMD Ryzen 7,955.28,110555.27,,4.7
Lenovo,Inspiron,12th Gen,8.0,1024.0,Black,1.33,AMD Ryzen 7,327.77,175110.06,,3.6
Dell,X1,13th Gen,12.0,1024.0,Grey,2.92,Intel Core i7,,140276.26,28.23,2.6
Acer,14,11th Gen,8.0,512.0,White,2.89,Intel Core i5,747.9,173813.17,5.82,3.9
Lenovo,VivoBook,12th Gen,8.0,256.0,White,2.41,AMD Ryzen 7,,134663.14,,3.7
Acer,VivoBook,11th Gen,32.0,512.0,Grey,2.09,AMD Ryzen 5,275.08,146670.18,43.38,4.3
Hp,14,10th Gen,32.0,256.0,Black,1.97,AMD Ryzen 5,970.86,123079.75,,5.0
Acer,X1,13th Gen,16.0,1024.0,Grey,1.39,Intel Core i5,671.52,24395.6,,3.6
Dell,14,10th Gen,16.0,512.0,Silver,1.87,AMD Ryzen 7,510.61,73197.19,40.67,3.6
Hp,Inspiron,13th Gen,8.0,512.0,Black,2.94,Intel Core i3,,137588.3,10.19,2.9
Lenovo,15,11th Gen,32.0,256.0,Grey,2.03,Intel Core i5,543.99,143658.48,,3.4
Asus,14,12th Gen,32.0,1024.0,White,2.19,AMD Ryzen 3,141.66,37522.71,31.18,4.1
Lenovo,15,12th Gen,8.0,512.0,Black,2.6,Intel Core i3,997.47,79763.74,,2.7
Hp,VivoBook,12th Gen,32.0,1024.0,Blue,1.67,AMD Ryzen 7,,65020.91,,4.4
Acer,16,10th Gen,8.0,256.0,Black,2.75,AMD Ryzen 3,,162743.06,3.29,4.5
Lenovo,Inspiron,12th Gen,8.0,512.0,Grey,1.47,Intel Core i3,728.27,196961.53,,4.3
Asus,14,11th Gen,8.0,512.0,Silver,2.93,AMD Ryzen 5,,75233.73,,2.9
Lenovo,14,13th Gen,8.0,1024.0,Black,1.99,Intel Core i7,,74913.42,,4.4
Lenovo,VivoBook,10th Gen,8.0,256.0,Black,2.14,Intel Core i7,513.27,118360.74,12.92,4.5
Asus,X1,10th Gen,32.0,256.0,Blue,,Intel Core i5,798.38,69681.08,,2.6
Dell,14,10th Gen,8.0,1024.0,Silver,1.77,Intel Core i5,,47015.49,,3.2
Acer,14,13th Gen,16.0,256.0,Silver,1.62,AMD Ryzen 3,,50759.56,,4.8
Lenovo,VivoBook,12th Gen,16.0,512.0,Black,2.24,AMD Ryzen 7,588.25,171022.45,,2.5
Lenovo,14,11th Gen,16.0,1024.0,Grey,,AMD Ryzen 7,352.6,188489.01,,4.8
Asus,VivoBook,12th Gen,4.0,256.0,Silver,1.42,Intel Core i5,,77377.97,39.55,4.7
Acer,Inspiron,11th Gen,16.0,512.0,Grey,2.33,AMD Ryzen 7,,52168.6,28.47,4.1
Lenovo,VivoBook,12th Gen,8.0,256.0,Blue,1.5,AMD Ryzen 7,,141242.48,,2.9
Hp,VivoBook,11th Gen,12.0,512.0,White,2.31,AMD Ryzen 7,337.73,128692.73,,2.9
Hp,VivoBook,12th Gen,32.0,256.0,Black,2.7,Intel Core i3,,50141.46,49.35,2.7
Hp,X1,13th Gen,4.0,512.0,Silver,1.22,Intel Core i7,,168208.45,,4.8
Acer,14,11th Gen,8.0,256.0,Grey,2.72,Intel Core i3,705.2,26636.27,42.46,4.8
Lenovo,15,12th Gen,32.0,1024.0,Silver,1.77,AMD Ryzen 3,,98079.54,25.15,3.7
Dell,15,10th Gen,16.0,512.0,Grey,2.32,AMD Ryzen 5,,139707.68,44.39,4.8
Asus,Inspiron,11th Gen,12.0,512.0,Blue,1.82,AMD Ryzen 5,670.49,24721.86,,4.1
Asus,14,13th Gen,8.0,256.0,Blue,1.57,Intel Core i5,757.91,183283.62,,4.0
Acer,16,11th Gen,16.0,512.0,White,2.75,Intel Core i7,,36421.87,35.82,4.8
Dell,14,10th Gen,16.0,256.0,Grey,2.86,Intel Core i7,172.11,46083.17,7.42,4.5
Hp,15,12th Gen,16.0,1024.0,Blue,2.02,Intel Core i5,,56753.27,13.36,2.9
Lenovo,VivoBook,12th Gen,8.0,512.0,Black,1.79,AMD Ryzen 7,224.86,83451.73,,4.4
Acer,15,12th Gen,16.0,512.0,Black,2.99,Intel Core i7,,173302.07,,3.0
Lenovo,X1,10th Gen,4.0,512.0,Silver,2.86,,252.39,137527.23,,2.6
Hp,Inspiron,10th Gen,16.0,512.0,Blue,1.99,Intel Core i5,906.8,116571.33,48.15,4.7
Lenovo,Inspiron,13th Gen,8.0,1024.0,White,2.25,Intel Core i3,,157058.8,49.48,4.9
Asus,VivoBook,11th Gen,12.0,,Grey,2.07,Intel Core i5,576.46,64298.15,,3.9
Acer,14,10th Gen,12.0,1024.0,Black,2.32,Intel Core i7,891.1,25342.65,26.93,4.0
Acer,16,12th Gen,8.0,256.0,Black,1.76,Intel Core i7,,120945.33,24.98,3.6
Acer,14,11th Gen,8.0,256.0,Black,1.62,Intel Core i5,762.9,196867.02,,2.7
Lenovo,15,12th Gen,8.0,1024.0,Grey,2.76,AMD Ryzen 3,537.44,51756.27,36.71,4.5
Asus,16,13th Gen,8.0,512.0,Silver,1.48,Intel Core i3,228.18,97398.71,,3.4
Hp,VivoBook,10th Gen,8.0,512.0,Blue,2.21,Intel Core i3,336.79,122915.89,23.14,3.9
Lenovo,16,13th Gen,16.0,1024.0,White,2.81,Intel Core i7,,167822.85,,3.3
Asus,15,10th Gen,12.0,512.0,Grey,1.53,AMD Ryzen 3,,189218.05,24.2,4.6
Lenovo,X1,11th Gen,8.0,256.0,Grey,2.94,Intel Core i5,513.56,144378.43,,2.5
Asus,14,12th Gen,12.0,256.0,Black,1.25,,161.6,193448.35,,2.9
Acer,15,12th Gen,8.0,1024.0,Grey,2.57,Intel Core i3,,40011.22,,4.3
Dell,X1,11th Gen,16.0,256.0,Blue,1.6,AMD Ryzen 3,806.53,132835.35,,3.6
Hp,16,10th Gen,32.0,256.0,White,1.63,Intel Core i7,,115699.0,,3.1
Lenovo,Inspiron,11th Gen,4.0,512.0,Black,2.27,AMD Ryzen 7,,83147.17,,2.7
Hp,14,13th Gen,,512.0,White,2.77,AMD Ryzen 7,457.14,134718.73,,3.9
Acer,16,12th Gen,4.0,1024.0,Blue,1.43,Intel Core i3,,42740.22,26.71,3.0
Acer,14,13th Gen,12.0,256.0,Black,2.77,Intel Core i3,,34186.59,34.31,3.6
Acer,16,10th Gen,12.0,1024.0,Silver,1.59,AMD Ryzen 7,495.34,184132.22,33.76,4.0
Hp,VivoBook,11th Gen,8.0,1024.0,Black,2.41,AMD Ryzen 3,317.53,138133.31,,4.2
Hp,16,10th Gen,8.0,1024.0,Grey,2.09,AMD Ryzen 5,964.11,143781.49,39.17,2.5
Lenovo,15,10th Gen,4.0,512.0,White,1.76,,,87899.57,,3.9
Asus,15,11th Gen,12.0,256.0,White,2.49,AMD Ryzen 3,534.8,85663.56,1.03,3.4
Asus,Inspiron,12th Gen,32.0,1024.0,Black,2.86,Intel Core i3,,22153.12,22.51,3.3
Hp,15,10th Gen,32.0,512.0,Blue,1.45,AMD Ryzen 3,894.61,116677.84,48.11,2.7
Lenovo,VivoBook,11th Gen,16.0,256.0,Grey,1.25,AMD Ryzen 3,386.54,117288.32,,3.1
Dell,14,10th Gen,4.0,256.0,Grey,1.55,Intel Core i5,,187308.67,13.96,2.7
Hp,X1,13th Gen,4.0,512.0,Grey,1.99,AMD Ryzen 3,757.94,103503.61,,4.2
Dell,15,11th Gen,8.0,256.0,Silver,2.56,Intel Core i5,694.2,102248.12,,3.5
Dell,14,10th Gen,8.0,512.0,White,1.55,Intel Core i5,,86526.99,10.05,3.5
Acer,16,10th Gen,8.0,512.0,Silver,1.4,AMD Ryzen 7,,170508.08,6.43,3.7
Acer,16,10th Gen,12.0,512.0,Silver,1.5,Intel Core i3,713.07,91011.93,,4.4
Hp,Inspiron,10th Gen,8.0,1024.0,White,2.74,Intel Core i7,,192745.14,,4.9
Acer,X1,12th Gen,12.0,512.0,White,2.85,AMD Ryzen 3,,33377.87,,4.3
Asus,VivoBook,11th Gen,16.0,256.0,Black,2.86,AMD Ryzen 7,361.39,71410.74,39.39,3.2
Acer,Inspiron,12th Gen,32.0,256.0,Grey,1.59,AMD Ryzen 5,899.61,142971.13,28.08,3.0
Dell,15,10th Gen,4.0,256.0,Black,1.24,Intel Core i7,886.31,110843.06,,3.2
Asus,16,12th Gen,32.0,1024.0,Grey,2.0,Intel Core i7,,116584.0,24.15,4.6
Hp,X1,10th Gen,16.0,1024.0,Grey,1.76,AMD Ryzen 7,,126252.82,,4.3
Lenovo,Inspiron,12th Gen,12.0,256.0,Blue,2.63,AMD Ryzen 5,,51483.55,,4.1
Acer,Inspiron,13th Gen,4.0,1024.0,White,1.86,AMD Ryzen 3,773.89,183595.84,10.2,4.1
Lenovo,14,10th Gen,12.0,512.0,Black,1.63,Intel Core i7,,100176.05,,3.1
Lenovo,15,13th Gen,4.0,1024.0,Black,2.75,AMD Ryzen 5,,153094.04,,4.3
Hp,15,11th Gen,32.0,1024.0,White,2.97,AMD Ryzen 7,523.72,137724.8,20.62,3.0
Lenovo,16,10th Gen,16.0,512.0,Blue,1.94,Intel Core i7,,48613.3,,3.5
Lenovo,X1,10th Gen,8.0,256.0,Blue,1.27,AMD Ryzen 7,899.83,98464.11,,2.7
Lenovo,Inspiron,13th Gen,32.0,1024.0,White,1.34,Intel Core i5,248.6,148871.7,,3.5
Dell,16,13th Gen,4.0,512.0,White,2.85,Intel Core i7,,121182.4,,3.6
Acer,16,12th Gen,12.0,1024.0,Black,2.49,AMD Ryzen 3,594.94,118862.52,27.82,3.9
Lenovo,15,11th Gen,16.0,1024.0,Silver,1.7,Intel Core i3,776.67,86061.91,47.57,4.8
Hp,VivoBook,11th Gen,16.0,1024.0,Black,2.5,AMD Ryzen 3,,23237.43,,4.0
Acer,VivoBook,13th Gen,4.0,256.0,Blue,2.02,AMD Ryzen 3,,169587.22,,3.1
Hp,Inspiron,10th Gen,16.0,256.0,Black,2.63,Intel Core i5,209.98,179710.73,,3.6
Asus,VivoBook,10th Gen,12.0,1024.0,Silver,2.85,Intel Core i5,756.27,160122.47,,3.9
Asus,X1,11th Gen,12.0,1024.0,Blue,1.56,AMD Ryzen 3,583.78,92283.1,,4.0
Lenovo,VivoBook,10th Gen,4.0,512.0,Blue,1.96,AMD Ryzen 3,364.18,117776.77,35.13,4.5
Hp,16,10th Gen,4.0,512.0,Grey,1.3,AMD Ryzen 3,730.85,103586.96,35.48,2.7
Lenovo,Inspiron,10th Gen,16.0,1024.0,Grey,2.53,Intel Core i3,,79097.74,,4.7
Lenovo,16,12th Gen,4.0,512.0,Silver,2.24,AMD Ryzen 7,,128350.17,,4.6
Lenovo,14,11th Gen,4.0,,Blue,2.5,Intel Core i3,,194436.0,,2.6
Asus,VivoBook,10th Gen,32.0,1024.0,Black,1.91,AMD Ryzen 3,,84951.24,29.28,2.9
Acer,16,13th Gen,12.0,512.0,White,1.59,Intel Core i3,612.96,119203.45,,2.6
Lenovo,15,12th Gen,12.0,256.0,Silver,1.73,Intel Core i5,891.65,101463.52,38.64,2.5
Asus,Inspiron,11th Gen,8.0,512.0,Blue,1.44,Intel Core i7,,190568.43,,4.2
Lenovo,Inspiron,12th Gen,4.0,1024.0,Black,1.28,AMD Ryzen 7,826.35,79687.6,3.26,3.4
Lenovo,Inspiron,11th Gen,8.0,1024.0,Black,2.38,AMD Ryzen 3,,137082.69,,4.6
Dell,16,13th Gen,4.0,1024.0,Blue,1.58,Intel Core i5,,183481.92,,3.1
Asus,15,10th Gen,12.0,1024.0,Silver,2.83,Intel Core i5,478.39,68064.41,,4.2
Asus,VivoBook,10th Gen,8.0,1024.0,White,2.43,AMD Ryzen 3,,95381.18,15.27,2.7
Asus,16,12th Gen,32.0,1024.0,Black,1.82,Intel Core i5,,135987.01,,3.9
Dell,14,10th Gen,8.0,256.0,Black,1.62,AMD Ryzen 3,918.31,143507.83,17.81,4.7
Hp,15,10th Gen,32.0,256.0,Black,1.43,Intel Core i3,234.96,135317.93,,5.0
Asus,14,12th Gen,4.0,1024.0,Silver,2.36,Intel Core i7,,136863.45,,2.9
Asus,16,11th Gen,32.0,256.0,Silver,1.86,,,56152.66,35.36,3.1
Dell,16,13th Gen,4.0,256.0,Silver,2.3,Intel Core i3,490.85,44794.41,,3.8
Lenovo,14,13th Gen,32.0,256.0,White,1.96,Intel Core i5,,50184.93,,3.8
Lenovo,16,11th Gen,16.0,256.0,White,1.96,AMD Ryzen 3,451.23,105654.65,49.06,3.0
Lenovo,Inspiron,11th Gen,12.0,,Grey,1.23,AMD Ryzen 7,284.8,114207.85,42.99,3.4
Hp,15,10th Gen,32.0,256.0,Black,2.3,Intel Core i7,,164054.76,,4.9
Acer,VivoBook,11th Gen,16.0,256.0,Blue,2.61,Intel Core i7,,116055.19,,3.3
Hp,VivoBook,11th Gen,32.0,1024.0,Silver,2.36,Intel Core i7,161.37,40491.02,28.19,3.7
Dell,14,13th Gen,16.0,256.0,Blue,2.21,Intel Core i3,456.35,124815.61,,4.7
Hp,14,11th Gen,32.0,1024.0,Black,1.42,Intel Core i3,298.94,83514.82,,3.6
Asus,14,11th Gen,4.0,256.0,Blue,2.9,AMD Ryzen 5,,53965.41,41.1,4.7
Lenovo,16,11th Gen,16.0,1024.0,Silver,1.67,AMD Ryzen 5,,29786.0,,3.0
Hp,14,11th Gen,4.0,256.0,Blue,2.93,AMD Ryzen 3,549.93,169789.56,,2.6
Hp,16,13th Gen,16.0,256.0,Black,1.64,AMD Ryzen 7,,171582.72,,4.1
Dell,16,13th Gen,32.0,256.0,Grey,2.97,AMD Ryzen 7,191.58,132458.79,39.42,4.9
Lenovo,14,12th Gen,16.0,512.0,Silver,2.84,Intel Core i5,523.75,199991.38,25.7,4.8
Acer,VivoBook,13th Gen,8.0,1024.0,Black,1.5,AMD Ryzen 3,559.92,44936.76,14.27,4.0
Dell,15,12th Gen,4.0,1024.0,Blue,2.52,Intel Core i3,,89590.25,20.99,3.9
Asus,Inspiron,10th Gen,12.0,256.0,Black,1.28,Intel Core i7,108.21,46321.68,,3.4
Hp,16,10th Gen,16.0,1024.0,White,2.95,AMD Ryzen 3,443.21,99991.79,25.89,3.3
Asus,VivoBook,10th Gen,8.0,1024.0,Blue,2.07,AMD Ryzen 5,,128115.24,,3.8
Hp,X1,11th Gen,16.0,256.0,Black,1.4,AMD Ryzen 7,,58455.39,,2.5
Dell,15,13th Gen,8.0,512.0,White,2.66,Intel Core i3,762.29,44626.45,35.04,4.6
Asus,X1,11th Gen,12.0,512.0,Blue,2.94,Intel Core i7,,87400.5,,3.6
Acer,14,12th Gen,16.0,512.0,Silver,1.31,Intel Core i5,118.24,40040.69,,3.4
Dell,14,11th Gen,32.0,1024.0,Grey,1.25,AMD Ryzen 7,520.89,199414.24,,3.2
Dell,16,13th Gen,,256.0,White,2.67,AMD Ryzen 7,881.16,73250.07,,5.0
Asus,VivoBook,13th Gen,32.0,512.0,Silver,2.09,Intel Core i3,333.45,179333.71,22.26,4.1
Hp,X1,13th Gen,12.0,1024.0,Grey,2.02,Intel Core i5,,193586.87,,4.6
Hp,Inspiron,10th Gen,32.0,1024.0,Silver,2.54,AMD Ryzen 7,,36928.87,,3.2
Lenovo,VivoBook,11th Gen,4.0,1024.0,Grey,2.53,Intel Core i5,264.2,49922.48,23.14,3.0
Dell,14,13th Gen,16.0,1024.0,Grey,2.87,Intel Core i3,431.93,181955.13,4.6,3.6
Asus,X1,10th Gen,12.0,512.0,Black,1.65,AMD Ryzen 3,,117610.14,10.03,3.6
Asus,14,12th Gen,4.0,256.0,Silver,2.18,AMD Ryzen 3,,188572.65,,2.8
Acer,VivoBook,13th Gen,4.0,256.0,White,1.44,Intel Core i5,,150767.6,33.69,4.0
Acer,VivoBook,11th Gen,32.0,1024.0,White,1.71,AMD Ryzen 3,690.5,42413.59,40.69,3.1
Asus,VivoBook,10th Gen,4.0,1024.0,Silver,2.61,Intel Core i5,,131447.3,36.49,4.7
Acer,16,10th Gen,32.0,512.0,Silver,2.29,Intel Core i5,975.76,142062.12,,4.4
Dell,16,11th Gen,32.0,256.0,Silver,1.99,Intel Core i3,,21876.13,,2.9
Dell,14,13th Gen,8.0,512.0,Black,1.57,AMD Ryzen 5,,113063.9,,4.7
Acer,X1,13th Gen,4.0,512.0,Silver,1.72,Intel Core i3,,191987.7,,3.0
Dell,16,11th Gen,4.0,512.0,Blue,2.81,AMD Ryzen 3,637.62,86630.5,,2.6
Dell,14,11th Gen,16.0,256.0,Silver,2.42,AMD Ryzen 3,845.47,94202.64,,4.6
Lenovo,X1,13th Gen,8.0,256.0,Black,2.29,AMD Ryzen 5,,176314.83,33.94,3.1
Lenovo,16,12th Gen,12.0,512.0,Silver,1.69,Intel Core i7,,156322.87,,2.8
Lenovo,15,12th Gen,32.0,256.0,Silver,2.97,Intel Core i5,,153821.14,,4.1
Lenovo,VivoBook,11th Gen,32.0,512.0,Silver,1.3,Intel Core i5,502.32,177981.47,,2.9
Asus,X1,13th Gen,32.0,1024.0,Grey,2.73,AMD Ryzen 5,,139394.5,,3.7
Asus,Inspiron,11th Gen,8.0,256.0,White,1.52,AMD Ryzen 3,,172792.94,47.6,4.6
Acer,16,11th Gen,4.0,256.0,Silver,1.82,Intel Core i5,,137569.01,10.57,3.4
Dell,VivoBook,10th Gen,4.0,512.0,White,2.98,AMD Ryzen 7,152.13,128496.19,,3.2
Asus,VivoBook,10th Gen,16.0,1024.0,White,1.62,Intel Core i5,254.39,139795.68,,3.5
Acer,X1,11th Gen,4.0,512.0,Black,1.31,AMD Ryzen 5,314.53,125420.67,,4.2
Hp,VivoBook,11th Gen,4.0,256.0,Silver,1.41,Intel Core i3,737.97,107396.68,22.65,3.3
Dell,15,10th Gen,8.0,512.0,Blue,2.81,AMD Ryzen 3,494.68,77897.33,36.73,3.9
Asus,15,10th Gen,32.0,1024.0,White,2.96,Intel Core i3,408.32,137907.8,40.99,3.2
Lenovo,Inspiron,10th Gen,4.0,512.0,Silver,2.13,AMD Ryzen 3,577.32,104765.9,2.06,4.5
Acer,16,13th Gen,4.0,256.0,Black,2.56,AMD Ryzen 3,823.55,126260.24,46.4,3.3
Lenovo,VivoBook,13th Gen,12.0,512.0,Black,2.51,AMD Ryzen 5,,177613.05,37.05,2.5
Lenovo,VivoBook,10th Gen,16.0,512.0,Black,1.9,AMD Ryzen 7,,57061.69,26.88,3.1
Hp,X1,13th Gen,16.0,512.0,Grey,1.54,Intel Core i7,,150512.89,39.81,4.3
Asus,Inspiron,13th Gen,16.0,512.0,Silver,2.7,Intel Core i7,478.57,141885.94,34.3,2.5
Dell,Inspiron,10th Gen,4.0,1024.0,Grey,1.72,AMD Ryzen 3,205.35,82044.26,,4.1
Dell,14,12th Gen,32.0,256.0,Blue,2.12,Intel Core i7,,47210.01,22.51,3.2
Acer,14,11th Gen,12.0,256.0,Black,1.32,Intel Core i5,911.5,33596.23,,3.4
Lenovo,VivoBook,10th Gen,4.0,512.0,White,2.19,Intel Core i3,,102427.33,,2.7
Dell,16,10th Gen,32.0,1024.0,Grey,1.92,AMD Ryzen 5,,101164.36,36.07,4.7
Asus,16,12th Gen,8.0,256.0,Blue,2.94,AMD Ryzen 5,159.1,58914.77,,4.3
Acer,X1,11th Gen,16.0,1024.0,Grey,2.38,AMD Ryzen 5,,37717.51,33.83,3.9
Dell,15,13th Gen,16.0,256.0,Blue,2.01,AMD Ryzen 3,,62495.58,18.0,3.0
Lenovo,Inspiron,13th Gen,32.0,1024.0,Black,1.49,AMD Ryzen 5,393.52,85556.4,,4.8
Acer,Inspiron,10th Gen,12.0,256.0,Grey,2.51,AMD Ryzen 5,,73113.48,44.58,4.3
Asus,X1,13th Gen,16.0,512.0,Silver,2.12,Intel Core i5,404.63,25016.33,,2.6
Hp,16,11th Gen,32.0,1024.0,Blue,2.47,Intel Core i3,,149760.25,,4.7
Dell,VivoBook,13th Gen,4.0,1024.0,White,2.86,AMD Ryzen 7,,197665.29,,4.8
Acer,14,10th Gen,16.0,1024.0,Black,1.41,Intel Core i5,,33079.59,,3.0
Lenovo,15,10th Gen,16.0,512.0,White,1.65,Intel Core i7,,37553.52,,2.9
Dell,Inspiron,11th Gen,12.0,1024.0,Grey,1.28,AMD Ryzen 5,657.35,111420.13,3.29,2.6
Hp,15,10th Gen,12.0,256.0,Silver,2.86,Intel Core i7,,108569.82,,2.7
Dell,Inspiron,10th Gen,12.0,256.0,Grey,2.62,Intel Core i7,290.5,94402.01,10.02,4.8
Dell,VivoBook,13th Gen,8.0,256.0,White,1.64,AMD Ryzen 5,715.29,119249.49,,4.4
Asus,X1,12th Gen,16.0,1024.0,Grey,2.23,AMD Ryzen 7,758.77,121974.45,29.86,4.5
Dell,X1,13th Gen,12.0,1024.0,Blue,2.08,AMD Ryzen 3,388.3,80062.24,,3.2
Dell,Inspiron,12th Gen,16.0,256.0,Grey,1.36,Intel Core i7,,71659.3,,4.1
Asus,X1,12th Gen,8.0,256.0,Blue,2.46,,147.13,112461.19,,3.4
Acer,Inspiron,12th Gen,32.0,256.0,White,2.0,AMD Ryzen 7,587.07,100937.29,39.05,3.2
Acer,X1,13th Gen,4.0,1024.0,Blue,2.17,Intel Core i5,,78154.52,,3.6
Acer,X1,12th Gen,8.0,1024.0,Black,2.12,Intel Core i5,298.91,183556.25,,3.9
Lenovo,14,13th Gen,16.0,256.0,Silver,2.02,AMD Ryzen 3,181.59,90467.28,,3.0
Lenovo,Inspiron,12th Gen,16.0,512.0,Silver,2.04,Intel Core i5,,141369.76,,4.4
Asus,Inspiron,13th Gen,32.0,256.0,Silver,2.97,AMD Ryzen 3,620.54,40373.71,,4.0
Hp,X1,11th Gen,12.0,256.0,Silver,1.51,Intel Core i5,,199321.77,,3.5
Asus,15,12th Gen,12.0,512.0,Silver,2.55,AMD Ryzen 5,182.41,90611.69,24.78,3.5
Dell,15,10th Gen,32.0,1024.0,White,1.37,AMD Ryzen 3,503.06,165120.37,23.81,3.9
Lenovo,15,13th Gen,4.0,1024.0,Blue,1.61,Intel Core i3,601.22,183559.48,,4.8
Lenovo,VivoBook,12th Gen,32.0,512.0,Grey,1.2,AMD Ryzen 5,,197344.51,,3.1
Acer,15,10th Gen,8.0,512.0,Grey,2.53,AMD Ryzen 7,527.35,62938.11,,2.9
Hp,16,13th Gen,16.0,1024.0,Blue,1.94,Intel Core i7,,92788.4,,4.1
Lenovo,14,11th Gen,12.0,1024.0,Blue,2.59,Intel Core i3,,42518.8,,4.5
Hp,Inspiron,11th Gen,8.0,1024.0,Black,1.82,AMD Ryzen 7,364.15,116528.02,,4.7
Lenovo,VivoBook,11th Gen,8.0,1024.0,White,1.54,AMD Ryzen 7,328.24,177859.46,,4.9
Acer,16,12th Gen,8.0,512.0,Silver,2.62,Intel Core i3,,33125.38,,4.3
Hp,VivoBook,11th Gen,8.0,512.0,Blue,1.45,Intel Core i7,,106758.29,,4.5
Asus,16,13th Gen,12.0,1024.0,Silver,1.36,Intel Core i5,,124593.84,,2.6
Lenovo,Inspiron,11th Gen,12.0,256.0,Black,1.97,Intel Core i5,,196895.27,11.72,3.2
Lenovo,X1,10th Gen,4.0,256.0,Silver,1.69,Intel Core i3,720.4,84383.62,35.85,3.9
Asus,X1,10th Gen,8.0,1024.0,Blue,1.56,AMD Ryzen 7,321.56,70504.02,43.84,3.5
Dell,VivoBook,12th Gen,12.0,256.0,Blue,2.79,Intel Core i5,351.87,163529.75,43.35,3.9
Lenovo,14,11th Gen,8.0,256.0,White,2.7,AMD Ryzen 5,211.9,35078.89,,3.6
Acer,16,10th Gen,16.0,256.0,Silver,2.04,AMD Ryzen 3,,182066.66,41.58,2.8
Acer,VivoBook,12th Gen,32.0,1024.0,Black,2.11,Intel Core i3,244.92,152789.02,22.14,3.6
Acer,VivoBook,13th Gen,16.0,256.0,Grey,1.88,Intel Core i7,,60059.76,27.24,4.7
Lenovo,Inspiron,13th Gen,32.0,1024.0,Grey,2.2,AMD Ryzen 3,733.74,22248.97,48.92,4.5
Lenovo,VivoBook,11th Gen,32.0,1024.0,White,2.06,AMD Ryzen 7,,24124.01,,2.9
Lenovo,16,12th Gen,32.0,256.0,Silver,2.28,Intel Core i5,,31726.43,19.04,3.2
Hp,14,13th Gen,8.0,1024.0,Black,1.52,AMD Ryzen 7,,148499.27,45.9,3.0
Acer,15,10th Gen,16.0,256.0,Silver,1.56,AMD Ryzen 3,,155611.03,16.5,3.8
Acer,Inspiron,12th Gen,8.0,1024.0,Blue,1.21,AMD Ryzen 7,335.37,22695.06,,2.9
Asus,16,11th Gen,12.0,1024.0,Blue,1.62,AMD Ryzen 5,,96526.28,39.37,4.5
Asus,14,12th Gen,8.0,256.0,Silver,2.08,AMD Ryzen 5,,131092.66,30.84,3.0
Hp,Inspiron,10th Gen,32.0,256.0,Silver,1.7,Intel Core i3,,20703.32,35.83,4.9
Lenovo,VivoBook,12th Gen,12.0,256.0,Blue,2.8,Intel Core i5,923.12,59316.37,,2.5
Lenovo,X1,13th Gen,32.0,256.0,Silver,1.23,Intel Core i5,801.53,125646.15,,3.1
Dell,15,11th Gen,4.0,256.0,White,2.18,Intel Core i3,321.69,136896.04,,4.4
Acer,14,11th Gen,32.0,256.0,Silver,2.09,AMD Ryzen 3,960.19,88005.38,43.0,3.7
Lenovo,X1,10th Gen,32.0,1024.0,Blue,2.36,Intel Core i7,832.85,63422.92,28.36,2.9
Asus,Inspiron,12th Gen,12.0,512.0,Grey,2.95,Intel Core i7,828.87,182064.27,25.6,3.6
Dell,15,11th Gen,12.0,256.0,Black,,AMD Ryzen 5,,179806.53,33.28,4.6
Hp,Inspiron,10th Gen,12.0,256.0,White,1.52,Intel Core i5,935.82,54742.87,15.41,2.5
Lenovo,X1,11th Gen,12.0,1024.0,Grey,2.42,Intel Core i5,,48207.36,43.67,2.5
Dell,15,10th Gen,8.0,1024.0,Grey,2.71,Intel Core i3,,75781.0,4.1,3.4
Acer,14,12th Gen,16.0,256.0,Grey,2.04,AMD Ryzen 3,778.85,143379.44,,2.5
Acer,Inspiron,11th Gen,12.0,1024.0,Blue,2.94,AMD Ryzen 5,,189189.31,43.91,4.8
Hp,Inspiron,10th Gen,16.0,256.0,White,2.19,Intel Core i3,418.1,163628.86,37.17,4.5
Acer,X1,10th Gen,32.0,256.0,Silver,1.67,AMD Ryzen 3,,194074.89,6.6,4.0
Asus,X1,13th Gen,32.0,512.0,Black,1.44,AMD Ryzen 5,,139762.55,49.93,3.8
Lenovo,16,13th Gen,32.0,512.0,Grey,2.29,Intel Core i3,168.71,92783.56,27.87,3.6
Hp,16,12th Gen,8.0,1024.0,Black,1.69,Intel Core i5,603.55,116243.07,14.19,4.5
Lenovo,Inspiron,11th Gen,12.0,512.0,White,1.88,Intel Core i7,271.6,158304.84,9.36,4.9
Lenovo,15,10th Gen,8.0,256.0,Black,2.49,Intel Core i3,244.72,93683.06,,3.1
Lenovo,X1,12th Gen,8.0,1024.0,White,1.44,Intel Core i7,,155964.36,,4.5
Dell,VivoBook,11th Gen,4.0,256.0,Blue,1.77,Intel Core i5,260.9,170415.19,14.61,4.9
Dell,16,12th Gen,4.0,256.0,White,2.75,AMD Ryzen 3,670.84,113884.66,28.56,3.4
Dell,X1,12th Gen,32.0,512.0,Silver,1.24,AMD Ryzen 3,,24415.56,,4.7
Asus,VivoBook,13th Gen,12.0,512.0,White,1.38,Intel Core i3,,46134.18,34.42,4.2
Acer,Inspiron,13th Gen,16.0,512.0,Silver,2.0,AMD Ryzen 5,307.89,68500.93,16.58,4.3
Dell,X1,10th Gen,4.0,,Black,1.67,AMD Ryzen 5,913.65,71529.4,,4.3
Asus,15,12th Gen,,512.0,Black,1.58,AMD Ryzen 5,,23050.61,,4.5
Dell,14,12th Gen,4.0,1024.0,Blue,2.94,Intel Core i5,,188968.67,49.68,3.9
Dell,15,12th Gen,32.0,1024.0,Black,2.9,Intel Core i5,,63643.76,17.64,2.7
Lenovo,VivoBook,10th Gen,12.0,256.0,Blue,2.66,AMD Ryzen 5,,167140.79,,3.0
Acer,15,13th Gen,4.0,512.0,White,2.88,AMD Ryzen 5,,139333.62,,4.1
Asus,X1,11th Gen,16.0,1024.0,Silver,1.75,AMD Ryzen 5,366.59,72704.6,,2.7
Asus,VivoBook,12th Gen,16.0,256.0,Silver,2.34,Intel Core i3,,35007.61,,3.1
Hp,Inspiron,12th Gen,12.0,1024.0,White,2.07,AMD Ryzen 5,482.31,38059.91,39.2,3.1
Dell,VivoBook,11th Gen,12.0,1024.0,Blue,1.47,Intel Core i7,593.24,111129.48,2.03,4.3
Asus,Inspiron,12th Gen,12.0,512.0,Silver,1.77,AMD Ryzen 7,,86879.61,25.94,4.5
Dell,X1,11th Gen,8.0,256.0,Silver,2.64,Intel Core i7,332.49,100541.41,1.03,4.3
Hp,Inspiron,11th Gen,16.0,1024.0,Silver,1.34,Intel Core i5,,51804.44,,3.2
Acer,14,11th Gen,8.0,256.0,Silver,2.32,Intel Core i5,,130948.6,,4.7
Asus,15,10th Gen,8.0,512.0,Black,2.51,Intel Core i3,341.46,101547.14,,4.7
Dell,X1,13th Gen,12.0,256.0,Blue,1.21,AMD Ryzen 5,,187837.45,,2.5
Lenovo,15,11th Gen,4.0,512.0,Blue,2.38,AMD Ryzen 7,,126018.63,,4.8
Lenovo,15,10th Gen,32.0,256.0,Grey,2.01,Intel Core i5,924.59,111942.18,,4.5
Asus,15,11th Gen,16.0,256.0,Silver,1.64,Intel Core i5,,180939.78,45.62,3.9
Hp,X1,13th Gen,12.0,512.0,Black,2.04,Intel Core i7,,32658.02,,4.7
Acer,Inspiron,10th Gen,12.0,256.0,Black,1.23,Intel Core i3,,52838.63,,3.4
Asus,X1,13th Gen,12.0,1024.0,Black,1.94,Intel Core i7,868.54,107611.68,,4.4
Acer,Inspiron,11th Gen,8.0,1024.0,Blue,1.73,Intel Core i7,651.45,71798.87,,4.7
Asus,X1,13th Gen,32.0,256.0,White,1.65,Intel Core i3,,166042.1,,4.2
Dell,15,12th Gen,8.0,256.0,Black,1.66,Intel Core i5,,32178.92,20.92,3.3
Acer,VivoBook,12th Gen,32.0,512.0,White,2.87,Intel Core i5,852.64,48911.96,,3.6
Dell,Inspiron,10th Gen,4.0,1024.0,Silver,2.78,AMD Ryzen 5,595.54,111528.13,23.22,3.6
Dell,X1,12th Gen,16.0,1024.0,Silver,1.84,AMD Ryzen 5,,160311.28,9.59,3.2
Hp,15,10th Gen,8.0,1024.0,Blue,1.92,AMD Ryzen 7,,138632.26,1.67,3.4
Asus,16,13th Gen,8.0,256.0,Silver,2.33,AMD Ryzen 5,213.57,178665.81,16.89,3.0
Hp,X1,11th Gen,8.0,256.0,Silver,1.24,AMD Ryzen 5,,155992.66,11.19,3.8
Dell,15,13th Gen,32.0,1024.0,Silver,1.67,AMD Ryzen 5,,28390.79,22.25,3.2
Acer,X1,12th Gen,4.0,256.0,Silver,2.38,Intel Core i5,588.32,104943.89,40.08,3.3
Dell,Inspiron,12th Gen,32.0,1024.0,Grey,1.53,AMD Ryzen 5,,196923.27,,3.5
Hp,X1,11th Gen,8.0,512.0,Black,2.78,AMD Ryzen 3,,22770.86,46.82,2.8
Dell,X1,10th Gen,32.0,1024.0,Blue,2.63,AMD Ryzen 5,539.65,42058.14,,2.6
Acer,Inspiron,10th Gen,16.0,1024.0,Silver,2.04,AMD Ryzen 5,,46819.47,,4.3
Acer,X1,11th Gen,12.0,256.0,Blue,1.4,AMD Ryzen 5,,36900.71,27.3,4.0
Hp,16,13th Gen,16.0,1024.0,White,2.85,AMD Ryzen 7,332.71,129150.71,,5.0
Dell,VivoBook,11th Gen,16.0,512.0,Black,1.35,Intel Core i3,,135717.36,,3.1
Dell,16,12th Gen,12.0,512.0,Grey,1.74,AMD Ryzen 3,514.15,183905.22,43.34,4.4
Acer,VivoBook,10th Gen,4.0,1024.0,Blue,2.96,AMD Ryzen 3,259.72,46511.23,46.02,4.1
Dell,Inspiron,10th Gen,32.0,256.0,Black,1.59,AMD Ryzen 5,601.42,152449.05,4.52,4.0
Hp,14,13th Gen,16.0,256.0,Black,1.41,Intel Core i5,,31580.93,35.75,3.9
Dell,VivoBook,11th Gen,12.0,512.0,Silver,1.21,AMD Ryzen 3,973.3,106077.26,,5.0
Hp,VivoBook,11th Gen,32.0,1024.0,Grey,2.99,Intel Core i5,269.23,184666.88,1.71,4.7
Lenovo,14,13th Gen,4.0,512.0,Silver,2.75,AMD Ryzen 3,163.85,198926.28,41.17,4.1
Lenovo,14,13th Gen,4.0,512.0,Silver,1.99,AMD Ryzen 7,,27827.42,,4.2
Acer,VivoBook,12th Gen,32.0,1024.0,Silver,1.33,Intel Core i7,,70884.43,,3.5
Dell,VivoBook,12th Gen,32.0,1024.0,Silver,2.85,Intel Core i7,,125714.21,31.91,3.0
Hp,14,11th Gen,12.0,256.0,White,1.85,Intel Core i5,,65796.0,,4.5
Lenovo,VivoBook,13th Gen,4.0,256.0,Silver,2.44,Intel Core i7,,152780.84,22.76,3.6
Hp,15,13th Gen,12.0,512.0,White,2.58,AMD Ryzen 7,920.76,107034.85,,4.6
Asus,15,12th Gen,32.0,1024.0,Black,2.25,Intel Core i5,,76261.04,,4.2
Lenovo,Inspiron,10th Gen,4.0,512.0,Grey,2.85,Intel Core i3,,144267.03,27.15,3.3
Dell,X1,10th Gen,12.0,256.0,Blue,2.64,AMD Ryzen 7,775.26,199919.34,34.88,3.0
Acer,14,12th Gen,32.0,512.0,Blue,2.38,AMD Ryzen 5,737.8,159842.89,26.51,3.0
Asus,15,11th Gen,16.0,1024.0,White,2.92,Intel Core i7,,83360.18,34.27,4.3
Lenovo,X1,12th Gen,8.0,512.0,Silver,2.48,AMD Ryzen 3,895.27,54231.62,25.15,2.5
Hp,16,13th Gen,8.0,1024.0,White,1.26,AMD Ryzen 5,993.17,197522.32,,4.1
Asus,Inspiron,10th Gen,32.0,512.0,Silver,2.69,AMD Ryzen 7,716.93,162403.38,,3.1
Asus,16,13th Gen,4.0,256.0,Silver,1.44,AMD Ryzen 5,208.25,183434.07,,2.5
Lenovo,Inspiron,11th Gen,32.0,256.0,Silver,2.06,Intel Core i5,,39934.06,16.39,3.5
Lenovo,16,13th Gen,4.0,512.0,White,1.85,AMD Ryzen 5,,68137.62,,3.8
Asus,16,10th Gen,4.0,512.0,White,1.78,AMD Ryzen 5,,32230.81,,4.6
Dell,X1,13th Gen,16.0,256.0,Blue,2.64,Intel Core i5,,177658.32,36.12,4.4
Hp,X1,10th Gen,4.0,1024.0,White,1.74,Intel Core i5,605.42,54681.64,,4.7
Asus,VivoBook,12th Gen,8.0,1024.0,White,2.76,AMD Ryzen 7,869.98,76592.71,25.56,2.9
Asus,16,10th Gen,32.0,512.0,Black,2.82,AMD Ryzen 7,,65348.27,48.37,4.4
Lenovo,Inspiron,13th Gen,16.0,256.0,White,2.81,AMD Ryzen 5,314.8,41155.69,,3.4
Lenovo,Inspiron,13th Gen,4.0,1024.0,Silver,2.92,AMD Ryzen 7,,35682.35,22.95,4.6
Asus,15,11th Gen,12.0,1024.0,White,2.85,AMD Ryzen 3,310.56,64624.61,22.4,2.6
Acer,14,11th Gen,32.0,512.0,Grey,3.0,Intel Core i3,,139907.36,27.63,2.5
Lenovo,14,12th Gen,4.0,512.0,Blue,1.39,AMD Ryzen 7,818.71,33611.57,6.72,3.9
Acer,Inspiron,13th Gen,8.0,256.0,Blue,2.03,Intel Core i7,,138743.79,,4.5
Lenovo,16,10th Gen,8.0,512.0,Black,1.71,AMD Ryzen 7,954.57,139722.91,,3.2
Dell,15,12th Gen,8.0,256.0,White,1.67,AMD Ryzen 7,226.85,57537.78,27.33,3.0
Dell,X1,12th Gen,12.0,256.0,Blue,2.25,Intel Core i7,,137685.03,5.64,3.6
Hp,14,13th Gen,4.0,1024.0,Black,2.75,AMD Ryzen 7,,82780.62,,3.1
Lenovo,15,13th Gen,4.0,512.0,Grey,2.94,Intel Core i5,,82176.12,,5.0
Hp,X1,12th Gen,4.0,1024.0,Blue,2.67,AMD Ryzen 3,,191691.18,22.23,4.7
Acer,X1,12th Gen,8.0,512.0,White,2.1,Intel Core i3,322.85,149197.76,,4.6
Asus,14,12th Gen,12.0,256.0,White,2.06,Intel Core i3,788.43,173778.81,,4.3
Hp,X1,11th Gen,12.0,256.0,White,1.82,AMD Ryzen 5,150.79,176245.66,,4.0
Dell,X1,13th Gen,12.0,512.0,Silver,2.61,Intel Core i7,254.5,119773.15,,3.8
Dell,X1,12th Gen,8.0,256.0,Black,2.84,AMD Ryzen 3,563.06,185221.01,,4.4
Asus,Inspiron,12th Gen,32.0,512.0,White,2.21,Intel Core i7,562.53,156406.26,,2.7
Lenovo,Inspiron,11th Gen,32.0,256.0,White,1.51,Intel Core i7,,86512.13,34.03,3.7
Hp,15,13th Gen,12.0,512.0,Silver,1.63,Intel Core i7,924.53,172997.05,,2.8
Lenovo,15,11th Gen,4.0,256.0,Blue,2.25,AMD Ryzen 7,,175879.72,30.26,3.8
Asus,X1,12th Gen,12.0,1024.0,Grey,2.0,Intel Core i7,159.18,186791.63,,4.3
Acer,VivoBook,13th Gen,16.0,1024.0,Blue,1.57,Intel Core i5,424.15,195495.97,,2.9
Asus,14,12th Gen,4.0,256.0,Blue,1.37,AMD Ryzen 5,,56354.52,,3.2
Lenovo,VivoBook,13th Gen,8.0,256.0,Grey,2.09,Intel Core i5,,86447.76,,2.7
Acer,VivoBook,13th Gen,8.0,256.0,Blue,1.36,AMD Ryzen 5,662.49,30664.3,,2.8
Lenovo,16,13th Gen,4.0,256.0,White,2.51,AMD Ryzen 7,,32171.3,21.51,2.6
Hp,15,12th Gen,32.0,1024.0,White,2.14,Intel Core i5,877.16,55354.69,,3.5
Acer,14,11th Gen,4.0,512.0,White,1.87,Intel Core i3,,57497.64,,4.6
Acer,14,12th Gen,12.0,1024.0,Grey,1.98,AMD Ryzen 5,609.49,125724.78,,3.8
Dell,X1,10th Gen,12.0,512.0,Grey,2.85,AMD Ryzen 5,,46060.04,,4.9
Hp,15,10th Gen,12.0,1024.0,Black,2.59,Intel Core i3,633.21,34425.82,,3.8
Acer,Inspiron,10th Gen,8.0,256.0,Black,2.47,Intel Core i3,,71225.7,,2.7
Lenovo,VivoBook,13th Gen,12.0,1024.0,Blue,2.81,Intel Core i5,,151156.54,,4.1
Dell,VivoBook,11th Gen,4.0,512.0,Silver,1.6,Intel Core i7,,146341.26,17.64,3.4
Dell,15,13th Gen,8.0,512.0,Blue,1.91,AMD Ryzen 5,,177970.33,49.79,4.2
Asus,16,10th Gen,4.0,256.0,Grey,2.58,AMD Ryzen 7,800.16,95123.58,,3.7
Hp,14,10th Gen,4.0,256.0,Black,2.74,Intel Core i7,652.54,198479.65,49.46,2.9
Hp,16,10th Gen,8.0,256.0,Silver,2.88,Intel Core i5,,149103.5,,2.8
Asus,14,12th Gen,32.0,1024.0,Grey,1.63,Intel Core i3,,54199.62,49.93,4.1
Asus,16,13th Gen,16.0,1024.0,Black,1.96,Intel Core i7,,152068.65,,2.9
Asus,16,13th Gen,16.0,256.0,Black,2.54,Intel Core i5,,106093.67,35.75,3.9
Dell,14,11th Gen,8.0,1024.0,Black,2.3,AMD Ryzen 5,959.75,74698.24,,2.6
Hp,15,10th Gen,8.0,1024.0,Grey,2.83,Intel Core i3,316.32,28818.29,,3.2
Hp,Inspiron,13th Gen,16.0,1024.0,Silver,2.9,Intel Core i7,218.51,181196.93,,4.3
Dell,16,10th Gen,32.0,256.0,Blue,2.79,AMD Ryzen 7,,139379.6,30.68,3.3
Dell,15,10th Gen,32.0,512.0,White,1.33,AMD Ryzen 7,944.27,42018.57,,3.0
Hp,15,12th Gen,8.0,512.0,White,1.96,AMD Ryzen 7,,77100.77,22.48,3.7
Dell,VivoBook,10th Gen,32.0,1024.0,Grey,1.22,AMD Ryzen 3,972.26,185718.82,,3.6
Dell,VivoBook,10th Gen,12.0,512.0,Silver,1.46,Intel Core i7,299.83,130022.34,,3.1
Lenovo,X1,10th Gen,16.0,512.0,White,2.94,Intel Core i3,,76059.39,,3.5
Lenovo,14,10th Gen,16.0,1024.0,Silver,1.91,Intel Core i3,,114543.86,31.31,4.0
Acer,VivoBook,12th Gen,12.0,256.0,Black,1.59,Intel Core i3,182.96,82505.14,0.93,3.4
Hp,14,12th Gen,4.0,256.0,White,1.39,Intel Core i3,,161765.95,,4.9
Lenovo,Inspiron,10th Gen,12.0,256.0,Black,1.36,AMD Ryzen 5,367.55,31412.5,33.29,3.4
Asus,14,13th Gen,32.0,256.0,Blue,1.69,AMD Ryzen 5,,134433.87,,3.8
Lenovo,14,13th Gen,16.0,1024.0,Silver,1.85,Intel Core i7,992.79,107689.8,,3.1
Asus,14,13th Gen,8.0,1024.0,Black,2.21,Intel Core i7,,42093.64,,4.0
Asus,15,10th Gen,16.0,1024.0,Blue,1.74,AMD Ryzen 3,,144783.43,,3.8
Lenovo,X1,11th Gen,4.0,256.0,Black,2.91,Intel Core i3,,85198.33,,3.3
Lenovo,16,13th Gen,16.0,1024.0,Black,1.67,Intel Core i5,,98803.13,5.94,3.2
Lenovo,X1,10th Gen,16.0,256.0,Black,1.76,AMD Ryzen 7,,181286.47,49.51,3.4
Lenovo,14,10th Gen,32.0,512.0,Black,1.36,Intel Core i7,901.46,40093.78,45.5,3.8
Hp,Inspiron,12th Gen,4.0,1024.0,Silver,2.88,AMD Ryzen 5,197.09,156778.64,,4.0
Dell,14,13th Gen,8.0,512.0,Blue,2.28,Intel Core i5,,65321.98,,4.0
Hp,X1,12th Gen,8.0,512.0,Black,1.23,Intel Core i5,,191006.98,4.5,4.8
Asus,VivoBook,11th Gen,16.0,512.0,Grey,2.67,Intel Core i3,,24775.33,,4.9
Dell,X1,12th Gen,32.0,256.0,White,2.89,Intel Core i5,,181281.53,,2.8
Asus,15,12th Gen,4.0,1024.0,Silver,2.47,Intel Core i5,,69716.99,49.01,4.1
Lenovo,X1,13th Gen,4.0,1024.0,White,1.56,AMD Ryzen 5,,187413.89,9.73,3.5
Lenovo,X1,10th Gen,32.0,256.0,Blue,2.82,AMD Ryzen 5,,181756.8,,4.9
Hp,14,13th Gen,12.0,256.0,White,2.08,Intel Core i5,,89359.4,,2.6
Acer,15,11th Gen,32.0,512.0,Silver,1.72,AMD Ryzen 3,,159707.41,,3.6
Asus,X1,12th Gen,8.0,256.0,Blue,1.66,AMD Ryzen 3,,119124.36,1.9,3.9
Asus,Inspiron,12th Gen,4.0,1024.0,Silver,2.65,AMD Ryzen 3,,171422.18,,2.7
Asus,X1,11th Gen,4.0,512.0,Black,2.4,AMD Ryzen 3,,193321.36,,4.8
Lenovo,X1,12th Gen,4.0,1024.0,Blue,2.42,AMD Ryzen 5,941.57,151361.19,0.59,2.9
Hp,15,12th Gen,32.0,1024.0,White,2.59,Intel Core i3,,20451.66,40.7,4.0
Asus,16,10th Gen,32.0,256.0,Grey,2.59,Intel Core i3,,89051.94,18.28,3.4
Lenovo,14,13th Gen,4.0,512.0,White,1.89,AMD Ryzen 5,,185556.75,34.18,4.2
Dell,VivoBook,13th Gen,32.0,512.0,Blue,1.75,AMD Ryzen 5,904.66,168651.55,,4.4
Acer,VivoBook,11th Gen,12.0,512.0,White,2.31,AMD Ryzen 3,352.75,79604.01,,2.7
Dell,X1,12th Gen,12.0,1024.0,Grey,2.78,Intel Core i7,502.39,82649.83,,2.9
Asus,VivoBook,10th Gen,4.0,512.0,Black,2.03,AMD Ryzen 5,,58337.8,0.53,4.6
Hp,X1,13th Gen,32.0,512.0,White,2.96,AMD Ryzen 7,927.74,61385.1,28.07,4.9
Acer,VivoBook,10th Gen,8.0,1024.0,Black,2.82,AMD Ryzen 7,,150650.54,26.47,4.1
Acer,16,12th Gen,16.0,1024.0,Silver,1.95,AMD Ryzen 5,,73294.97,15.02,4.1
Asus,Inspiron,10th Gen,16.0,1024.0,White,2.71,AMD Ryzen 3,650.46,50624.24,3.79,2.6
Acer,15,11th Gen,32.0,512.0,Blue,1.4,AMD Ryzen 5,,61428.29,,2.6
Acer,15,12th Gen,32.0,512.0,White,2.37,Intel Core i5,,97228.97,42.31,3.3
Acer,16,12th Gen,32.0,512.0,Grey,2.08,AMD Ryzen 7,,123543.32,1.4,3.6
Acer,14,11th Gen,12.0,256.0,White,2.56,AMD Ryzen 7,,41724.22,,4.9
Lenovo,Inspiron,11th Gen,8.0,1024.0,Black,2.15,AMD Ryzen 5,,133877.57,,3.9
Dell,16,13th Gen,12.0,256.0,Silver,1.35,Intel Core i3,352.74,84042.5,,3.9
Lenovo,15,12th Gen,4.0,1024.0,Silver,1.28,Intel Core i7,935.52,71290.31,,4.1
Acer,Inspiron,10th Gen,4.0,256.0,Black,2.13,AMD Ryzen 3,319.43,59428.46,43.2,3.9
Dell,X1,10th Gen,16.0,512.0,Black,1.25,Intel Core i7,,164030.95,,4.6
Acer,14,10th Gen,16.0,256.0,Blue,2.8,AMD Ryzen 5,,24521.29,,4.8
Dell,Inspiron,13th Gen,8.0,512.0,Blue,1.56,Intel Core i7,154.25,170225.0,,2.9
Lenovo,VivoBook,12th Gen,32.0,256.0,White,2.82,Intel Core i7,497.01,141182.08,2.72,3.8
Lenovo,X1,10th Gen,4.0,256.0,White,1.5,Intel Core i5,340.12,143742.22,42.1,4.9
Asus,Inspiron,12th Gen,12.0,1024.0,White,1.88,AMD Ryzen 5,,101910.39,,3.2
Hp,X1,10th Gen,8.0,1024.0,Silver,2.55,Intel Core i7,,26606.34,40.46,3.1
Acer,16,10th Gen,4.0,512.0,Black,2.52,Intel Core i3,878.87,113737.51,,4.7
Lenovo,X1,10th Gen,16.0,512.0,Grey,2.95,Intel Core i5,358.98,184313.68,,4.4
Dell,15,13th Gen,16.0,512.0,White,2.95,Intel Core i7,,78291.8,17.29,4.8
Dell,VivoBook,10th Gen,8.0,1024.0,Grey,1.6,AMD Ryzen 3,757.75,176239.98,16.11,3.5
Hp,Inspiron,11th Gen,4.0,1024.0,Blue,2.16,AMD Ryzen 7,,179076.2,43.01,3.9
Lenovo,15,13th Gen,12.0,512.0,Blue,1.94,AMD Ryzen 5,,133444.22,,4.2
Hp,14,12th Gen,8.0,512.0,Black,1.65,AMD Ryzen 3,399.69,148689.38,12.87,3.3
Hp,16,11th Gen,16.0,512.0,Blue,1.27,AMD Ryzen 3,,94230.16,38.61,4.4
Lenovo,16,11th Gen,8.0,256.0,Blue,1.77,AMD Ryzen 5,,67445.55,,4.3
Dell,X1,10th Gen,8.0,1024.0,Grey,2.7,Intel Core i3,,104335.25,31.57,3.5
Asus,Inspiron,12th Gen,4.0,256.0,Silver,2.99,AMD Ryzen 3,154.75,98550.29,8.87,4.8
Asus,Inspiron,10th Gen,8.0,256.0,Grey,1.35,Intel Core i7,837.1,192184.7,,3.0
Lenovo,X1,10th Gen,16.0,256.0,Silver,1.35,AMD Ryzen 3,,30286.99,,4.0
Hp,Inspiron,11th Gen,12.0,1024.0,Silver,2.64,Intel Core i7,,130660.41,,4.1
Asus,Inspiron,12th Gen,16.0,1024.0,White,1.42,AMD Ryzen 3,,195769.61,,2.6
Lenovo,VivoBook,12th Gen,8.0,1024.0,Silver,2.33,Intel Core i7,,23338.9,,3.1
Hp,16,13th Gen,4.0,256.0,Silver,2.63,Intel Core i5,618.76,133791.56,24.81,2.7
Acer,16,11th Gen,32.0,512.0,Blue,1.98,Intel Core i7,212.48,91138.73,,2.8
Dell,14,10th Gen,32.0,512.0,White,2.04,AMD Ryzen 7,,113521.36,17.22,3.7
Lenovo,X1,11th Gen,12.0,1024.0,Grey,2.94,Intel Core i5,,58217.79,48.53,3.1
Hp,Inspiron,13th Gen,4.0,512.0,White,2.1,Intel Core i5,,193482.07,36.65,3.9
Asus,16,13th Gen,4.0,512.0,Silver,1.4,AMD Ryzen 5,333.16,136158.46,47.92,3.0
Asus,Inspiron,11th Gen,16.0,1024.0,White,1.58,AMD Ryzen 7,220.31,42094.54,27.51,5.0
Acer,Inspiron,10th Gen,32.0,1024.0,White,1.41,AMD Ryzen 7,,38859.74,,3.4
Lenovo,X1,13th Gen,16.0,256.0,Silver,1.64,Intel Core i5,851.23,83616.39,5.59,4.3
Lenovo,15,11th Gen,12.0,512.0,Black,1.62,AMD Ryzen 7,,142394.7,26.26,3.5
Lenovo,X1,11th Gen,4.0,256.0,Silver,1.97,Intel Core i5,248.1,103365.35,,4.4
Lenovo,Inspiron,12th Gen,4.0,512.0,Grey,2.57,AMD Ryzen 5,,22689.83,39.51,3.6
Acer,15,13th Gen,16.0,1024.0,White,2.71,Intel Core i7,,22316.5,22.73,4.2
Dell,14,12th Gen,,512.0,Blue,1.27,Intel Core i3,,199474.92,,3.1
Acer,X1,12th Gen,4.0,1024.0,Blue,2.4,AMD Ryzen 5,,91464.52,,3.3
Hp,VivoBook,13th Gen,32.0,256.0,Black,1.41,AMD Ryzen 7,,137783.46,,2.5
Dell,VivoBook,13th Gen,12.0,512.0,Blue,2.2,Intel Core i3,,191448.02,25.84,3.6
Hp,14,11th Gen,4.0,512.0,Blue,2.51,Intel Core i5,,78635.34,,3.1
Acer,15,13th Gen,12.0,256.0,White,2.84,Intel Core i7,948.67,169496.07,,2.7
Hp,14,13th Gen,16.0,512.0,Grey,2.24,AMD Ryzen 7,,42932.78,,3.8
Acer,16,11th Gen,8.0,512.0,Blue,1.6,AMD Ryzen 5,,122010.44,,2.6
Hp,14,13th Gen,32.0,256.0,Silver,1.6,AMD Ryzen 7,,186217.15,34.04,3.0
Hp,VivoBook,11th Gen,32.0,1024.0,Silver,1.91,AMD Ryzen 3,634.31,172431.61,,4.5
Hp,14,12th Gen,32.0,512.0,Blue,2.53,AMD Ryzen 3,892.78,39033.03,,3.9
Acer,15,11th Gen,16.0,1024.0,White,1.79,Intel Core i7,835.54,41973.32,8.26,4.1
Acer,Inspiron,10th Gen,32.0,256.0,Black,1.82,Intel Core i5,,30590.84,,4.6
Lenovo,VivoBook,13th Gen,12.0,256.0,Black,2.24,Intel Core i3,711.91,69884.46,,4.1
Acer,VivoBook,10th Gen,32.0,1024.0,Grey,1.88,AMD Ryzen 5,,43194.45,0.07,3.0
Acer,14,12th Gen,16.0,512.0,Silver,1.89,AMD Ryzen 3,,143954.21,,2.9
Acer,X1,13th Gen,12.0,512.0,Black,1.51,AMD Ryzen 3,,194575.51,,4.6
Asus,14,10th Gen,8.0,512.0,Blue,1.68,AMD Ryzen 5,,126314.6,34.38,2.6
Lenovo,15,12th Gen,32.0,256.0,Black,2.34,Intel Core i3,,118031.48,37.48,2.7
Asus,VivoBook,12th Gen,12.0,512.0,White,1.5,AMD Ryzen 5,,20071.3,,4.8
Lenovo,Inspiron,13th Gen,12.0,256.0,Grey,2.97,Intel Core i5,,185021.53,,2.9
Hp,Inspiron,13th Gen,4.0,1024.0,Grey,1.63,Intel Core i5,546.36,92400.68,,3.8
Acer,15,13th Gen,32.0,512.0,Silver,1.96,,344.81,133150.67,23.16,2.7
Lenovo,16,11th Gen,,256.0,Black,2.96,Intel Core i5,,185328.68,,2.9
Lenovo,VivoBook,12th Gen,32.0,512.0,Silver,1.23,AMD Ryzen 3,,146386.23,,4.2
Dell,14,13th Gen,16.0,512.0,Grey,1.96,Intel Core i3,181.42,43510.83,,4.5
Acer,X1,13th Gen,12.0,1024.0,Grey,1.9,Intel Core i3,,90754.41,35.23,3.8
Hp,Inspiron,10th Gen,16.0,1024.0,Grey,2.11,Intel Core i7,931.89,115954.15,,3.6
Hp,Inspiron,12th Gen,16.0,512.0,Blue,1.32,Intel Core i5,171.64,168635.29,16.75,4.4
Lenovo,Inspiron,11th Gen,12.0,1024.0,White,2.46,Intel Core i7,710.01,154227.79,43.93,3.0
Dell,16,12th Gen,4.0,512.0,Grey,1.91,Intel Core i5,,150603.43,,3.8
Dell,X1,10th Gen,32.0,256.0,White,2.36,Intel Core i5,456.33,73470.69,19.93,2.8
Asus,14,13th Gen,4.0,512.0,White,1.49,AMD Ryzen 7,,120360.67,31.42,4.3
Dell,15,10th Gen,16.0,256.0,Silver,2.32,AMD Ryzen 5,471.6,83969.87,,3.6
Acer,15,11th Gen,4.0,256.0,Black,2.11,AMD Ryzen 7,,70110.81,,2.7
Lenovo,X1,13th Gen,12.0,256.0,White,1.88,Intel Core i5,,29733.41,32.98,4.3
Asus,VivoBook,10th Gen,12.0,256.0,Black,1.43,AMD Ryzen 7,,54120.6,,2.5
Asus,16,13th Gen,4.0,1024.0,White,2.32,Intel Core i7,,161555.86,33.22,3.6
Dell,Inspiron,12th Gen,16.0,256.0,Black,2.08,Intel Core i7,280.22,193598.54,,3.1
Acer,16,13th Gen,4.0,512.0,Blue,2.7,Intel Core i7,,56023.81,,4.2
Acer,VivoBook,11th Gen,12.0,1024.0,Silver,2.87,AMD Ryzen 3,,27334.45,25.05,3.4
Acer,15,13th Gen,16.0,1024.0,Blue,2.41,Intel Core i3,460.29,29614.96,10.9,3.3
Asus,Inspiron,10th Gen,16.0,512.0,White,2.17,Intel Core i7,431.26,178840.11,,3.5
Asus,X1,11th Gen,8.0,256.0,Black,1.54,Intel Core i5,764.51,64660.61,,3.6
Hp,16,13th Gen,32.0,512.0,Black,2.82,Intel Core i3,,87349.4,,3.8
Dell,14,13th Gen,16.0,1024.0,Silver,1.3,Intel Core i5,,178724.03,19.18,4.0
Hp,14,10th Gen,12.0,512.0,White,1.33,AMD Ryzen 5,365.0,83635.74,,3.3
Asus,VivoBook,10th Gen,4.0,1024.0,White,2.43,AMD Ryzen 7,,199804.05,,4.4
Lenovo,X1,13th Gen,4.0,256.0,White,1.7,AMD Ryzen 3,,47550.44,,3.6
Lenovo,15,10th Gen,32.0,512.0,Blue,2.69,AMD Ryzen 7,,170120.17,47.75,4.4
Dell,14,13th Gen,4.0,256.0,Grey,1.29,Intel Core i3,,194141.15,18.94,3.4
Lenovo,X1,13th Gen,4.0,1024.0,White,2.34,Intel Core i7,378.99,50233.69,,4.2
Lenovo,X1,12th Gen,8.0,512.0,White,1.5,AMD Ryzen 5,,163871.17,,2.6
Dell,15,10th Gen,12.0,256.0,White,2.7,AMD Ryzen 3,333.44,148620.19,38.12,2.6
Asus,Inspiron,12th Gen,4.0,1024.0,Blue,2.78,AMD Ryzen 5,940.47,196928.39,,2.7
Hp,16,10th Gen,8.0,256.0,Black,2.24,Intel Core i3,,45425.12,49.8,3.8
Dell,VivoBook,10th Gen,16.0,1024.0,Black,2.61,AMD Ryzen 7,440.32,120338.94,7.45,4.6
Acer,14,12th Gen,8.0,512.0,Grey,1.85,Intel Core i7,456.33,73042.39,,3.8
Lenovo,14,12th Gen,4.0,512.0,Grey,1.29,Intel Core i5,,61731.28,,4.4
Acer,Inspiron,13th Gen,16.0,512.0,Grey,2.32,AMD Ryzen 5,,23396.48,,2.6
Acer,VivoBook,10th Gen,8.0,1024.0,Silver,2.58,Intel Core i5,,145478.82,4.79,4.9
Acer,X1,11th Gen,16.0,512.0,White,2.63,Intel Core i3,,118149.14,33.47,3.7
Dell,16,10th Gen,32.0,256.0,Black,1.34,Intel Core i3,,60112.31,11.67,3.9
Acer,X1,10th Gen,8.0,512.0,White,1.27,Intel Core i5,156.96,147693.78,28.95,2.6
Acer,14,12th Gen,12.0,512.0,Blue,1.8,AMD Ryzen 7,,170010.65,19.03,3.7
Lenovo,16,12th Gen,32.0,256.0,Black,1.39,AMD Ryzen 7,988.62,130732.96,,4.4
Dell,15,11th Gen,4.0,1024.0,Blue,2.7,Intel Core i7,,95039.3,25.57,4.0
Acer,15,10th Gen,12.0,1024.0,Black,2.45,Intel Core i3,278.28,75941.34,12.86,4.8
Dell,14,10th Gen,8.0,512.0,Grey,2.53,AMD Ryzen 3,990.3,111189.14,17.76,3.0
Hp,15,13th Gen,12.0,256.0,Grey,2.35,Intel Core i3,239.19,166487.89,,3.5
Acer,14,13th Gen,4.0,1024.0,Blue,2.39,Intel Core i5,,103771.6,12.12,4.3
Lenovo,Inspiron,10th Gen,32.0,256.0,Blue,1.68,Intel Core i5,,20935.92,27.57,3.7
Acer,X1,13th Gen,4.0,256.0,Silver,2.32,AMD Ryzen 3,100.93,63322.03,4.65,3.7
Dell,Inspiron,10th Gen,16.0,512.0,White,2.34,Intel Core i7,957.39,40924.72,44.74,2.6
Hp,X1,13th Gen,16.0,256.0,White,1.48,Intel Core i5,138.79,41458.41,26.06,4.6
Asus,Inspiron,12th Gen,4.0,1024.0,Blue,1.37,AMD Ryzen 5,,31703.37,15.07,2.6
Hp,14,12th Gen,8.0,512.0,Silver,1.97,AMD Ryzen 5,464.79,108173.68,41.16,4.7
Dell,16,12th Gen,4.0,256.0,Black,2.1,AMD Ryzen 7,158.37,84055.09,39.24,2.8
Asus,VivoBook,12th Gen,32.0,512.0,Blue,,Intel Core i5,,183895.44,,3.6
Dell,Inspiron,12th Gen,16.0,256.0,Blue,1.81,Intel Core i5,110.98,80705.5,14.19,4.5
Lenovo,15,13th Gen,32.0,512.0,Grey,2.14,AMD Ryzen 3,,22479.04,23.92,3.6
Lenovo,X1,12th Gen,12.0,512.0,Grey,2.14,Intel Core i5,,143094.83,,4.8
Asus,15,11th Gen,4.0,1024.0,Black,2.59,AMD Ryzen 5,423.14,178571.09,,3.0
Lenovo,16,10th Gen,32.0,512.0,Black,2.99,Intel Core i3,,122731.07,,3.8
Asus,15,12th Gen,12.0,512.0,Silver,1.21,AMD Ryzen 7,,193105.01,20.9,4.6
Asus,16,11th Gen,8.0,1024.0,Blue,2.12,AMD Ryzen 5,,181838.2,43.23,4.3
Lenovo,Inspiron,13th Gen,12.0,512.0,Grey,1.58,Intel Core i3,,64075.02,,4.4
Asus,16,11th Gen,4.0,512.0,White,2.85,Intel Core i5,,94079.98,3.3,3.4
Hp,VivoBook,10th Gen,32.0,256.0,White,2.56,AMD Ryzen 5,,75450.32,,3.1
Hp,15,13th Gen,16.0,1024.0,Grey,2.97,,922.75,195282.87,,4.7
Dell,16,10th Gen,32.0,256.0,Silver,1.45,Intel Core i7,659.85,132865.62,,3.0
Acer,14,13th Gen,16.0,1024.0,Blue,2.03,Intel Core i5,678.28,162768.22,,3.3
Lenovo,16,13th Gen,4.0,1024.0,Silver,1.48,AMD Ryzen 3,218.93,70221.33,,3.2
Dell,15,10th Gen,12.0,512.0,Black,1.83,Intel Core i5,369.33,198205.38,,3.8
Dell,Inspiron,13th Gen,4.0,512.0,White,1.88,Intel Core i5,,157574.63,,3.1
Acer,Inspiron,12th Gen,16.0,1024.0,Blue,2.26,AMD Ryzen 5,285.02,55376.35,,4.5
Lenovo,16,12th Gen,4.0,512.0,Grey,1.79,AMD Ryzen 7,,71776.09,20.51,2.6
Hp,VivoBook,13th Gen,8.0,1024.0,White,1.6,Intel Core i5,975.49,21692.64,,3.7
Dell,16,13th Gen,16.0,256.0,Blue,2.41,Intel Core i5,,106324.05,35.89,3.9
Hp,VivoBook,10th Gen,4.0,512.0,Grey,2.27,AMD Ryzen 5,222.63,29807.36,,3.7
Asus,X1,10th Gen,4.0,512.0,Blue,2.5,AMD Ryzen 5,800.43,190788.39,,2.9
Lenovo,X1,12th Gen,12.0,256.0,Silver,2.15,Intel Core i7,,88106.61,,4.0
Dell,VivoBook,10th Gen,16.0,256.0,Silver,1.75,Intel Core i5,177.04,138758.28,13.48,3.3
Acer,X1,11th Gen,16.0,256.0,White,1.27,Intel Core i3,,145092.67,35.77,2.9
Dell,16,12th Gen,4.0,512.0,White,1.43,AMD Ryzen 7,,59404.3,27.5,4.2
Hp,Inspiron,12th Gen,12.0,256.0,Blue,2.89,AMD Ryzen 7,,67191.9,,2.7
Hp,14,11th Gen,12.0,512.0,Blue,2.02,AMD Ryzen 5,,102667.89,10.83,3.9
Lenovo,VivoBook,12th Gen,16.0,512.0,Blue,2.33,AMD Ryzen 3,304.48,149378.41,,5.0
Hp,Inspiron,11th Gen,12.0,512.0,White,1.35,Intel Core i5,661.45,139099.82,8.96,2.9
Asus,15,12th Gen,8.0,1024.0,Grey,2.77,Intel Core i5,,124761.58,34.38,2.8
Dell,X1,11th Gen,8.0,1024.0,Blue,1.64,AMD Ryzen 5,,181051.31,6.29,3.8
Hp,X1,10th Gen,12.0,256.0,Silver,1.7,Intel Core i7,,150083.75,,3.9
Asus,14,11th Gen,16.0,1024.0,Black,2.54,Intel Core i5,637.22,181999.9,,3.2
Acer,Inspiron,13th Gen,12.0,256.0,Blue,1.39,Intel Core i5,,107484.4,37.86,2.5
Dell,16,10th Gen,32.0,512.0,Silver,1.91,Intel Core i5,238.69,48817.46,10.52,3.8
Hp,14,13th Gen,32.0,512.0,White,2.13,Intel Core i7,798.62,197446.56,36.28,3.2
Hp,Inspiron,12th Gen,12.0,512.0,Grey,2.53,AMD Ryzen 5,,127690.02,,4.5
Lenovo,15,13th Gen,32.0,256.0,Black,2.59,Intel Core i5,994.59,23226.03,,3.0
Hp,15,13th Gen,8.0,1024.0,Blue,1.87,AMD Ryzen 5,374.03,114648.59,,4.3
Hp,VivoBook,13th Gen,4.0,1024.0,White,2.16,AMD Ryzen 5,,105168.14,30.76,3.7
Hp,Inspiron,11th Gen,16.0,256.0,Blue,1.28,AMD Ryzen 3,,62960.88,21.04,4.5
Dell,14,13th Gen,32.0,512.0,White,1.47,Intel Core i7,418.54,47594.6,,4.3
Hp,VivoBook,12th Gen,16.0,512.0,White,2.18,Intel Core i5,,179461.18,,4.5
Dell,Inspiron,12th Gen,12.0,256.0,Blue,2.1,AMD Ryzen 3,216.37,50908.21,,3.5
Lenovo,VivoBook,12th Gen,32.0,256.0,Blue,1.31,Intel Core i3,214.95,47390.35,,2.5
Hp,15,11th Gen,8.0,512.0,Black,2.64,Intel Core i3,,96042.78,,3.7
Acer,Inspiron,10th Gen,12.0,512.0,Grey,2.36,AMD Ryzen 3,,106319.78,3.9,4.9
Asus,VivoBook,12th Gen,32.0,1024.0,White,2.28,Intel Core i7,,170849.3,49.04,3.9
Dell,16,11th Gen,16.0,256.0,Grey,1.58,Intel Core i7,,148924.14,35.68,3.7
Asus,Inspiron,11th Gen,8.0,256.0,Silver,1.6,AMD Ryzen 5,,149605.47,,3.5
Hp,VivoBook,13th Gen,16.0,256.0,White,1.42,Intel Core i7,,95330.74,,4.0
Hp,16,13th Gen,32.0,1024.0,Blue,2.33,AMD Ryzen 7,493.74,156682.62,48.62,5.0
Asus,VivoBook,12th Gen,4.0,1024.0,Silver,2.31,AMD Ryzen 7,279.79,21216.48,39.6,4.9
Lenovo,15,12th Gen,4.0,256.0,Silver,1.73,Intel Core i7,,147902.37,,3.4
Lenovo,X1,12th Gen,8.0,1024.0,Blue,,AMD Ryzen 3,,151357.91,37.49,4.9
Dell,VivoBook,12th Gen,32.0,512.0,White,1.76,Intel Core i7,,178075.88,,3.3
Lenovo,VivoBook,10th Gen,8.0,512.0,Silver,2.97,Intel Core i7,383.88,30199.69,,3.9
Acer,VivoBook,12th Gen,16.0,512.0,Grey,1.26,Intel Core i5,336.59,114404.25,,3.1
Asus,X1,12th Gen,16.0,256.0,Black,2.45,AMD Ryzen 7,492.49,156629.16,,4.9
Dell,Inspiron,12th Gen,12.0,256.0,Black,1.93,AMD Ryzen 5,565.11,173025.4,,3.4
Acer,15,11th Gen,12.0,256.0,Blue,1.6,AMD Ryzen 5,,197657.49,16.41,4.7
Dell,Inspiron,12th Gen,4.0,1024.0,Black,1.45,AMD Ryzen 5,441.23,120073.69,39.96,4.8
Asus,VivoBook,10th Gen,16.0,1024.0,White,2.2,Intel Core i5,128.88,30761.92,12.71,2.8
Lenovo,VivoBook,12th Gen,12.0,,Blue,1.98,Intel Core i3,,47495.48,10.81,3.4
Hp,X1,13th Gen,12.0,1024.0,Black,2.57,AMD Ryzen 7,702.31,96054.5,29.34,5.0
Asus,16,10th Gen,16.0,256.0,Grey,2.72,AMD Ryzen 5,159.86,155238.97,1.31,3.2
Lenovo,16,10th Gen,12.0,256.0,Blue,2.14,AMD Ryzen 7,983.47,183590.18,39.54,3.2
Asus,15,10th Gen,4.0,1024.0,Grey,2.58,AMD Ryzen 7,344.58,112323.4,33.23,3.6
Acer,VivoBook,13th Gen,16.0,512.0,White,2.91,AMD Ryzen 3,,152834.16,,5.0
Acer,X1,13th Gen,16.0,1024.0,Black,1.84,AMD Ryzen 5,760.46,167835.97,12.13,3.5
Hp,15,13th Gen,16.0,256.0,White,2.9,Intel Core i5,359.52,116480.71,6.6,2.7
Lenovo,X1,13th Gen,12.0,512.0,Blue,1.71,AMD Ryzen 7,,120501.26,5.61,2.9
Dell,16,10th Gen,16.0,256.0,Black,1.71,Intel Core i5,351.5,175149.21,,4.4
Lenovo,16,13th Gen,8.0,1024.0,Silver,1.77,Intel Core i3,350.55,65987.31,,5.0
Hp,16,13th Gen,4.0,256.0,Black,2.03,AMD Ryzen 3,,103525.26,,4.8
Asus,14,12th Gen,4.0,256.0,Blue,2.31,AMD Ryzen 5,288.74,93701.11,29.92,4.7
Dell,X1,10th Gen,32.0,512.0,Black,2.75,Intel Core i7,,137904.72,25.39,4.0
Hp,15,13th Gen,8.0,512.0,Grey,1.97,Intel Core i5,,75763.33,39.28,2.6
Dell,16,13th Gen,32.0,256.0,Black,1.48,AMD Ryzen 7,892.34,29479.97,,3.8
Hp,Inspiron,12th Gen,32.0,1024.0,Blue,2.45,AMD Ryzen 5,,158605.09,14.78,4.7
Acer,VivoBook,13th Gen,12.0,1024.0,Black,1.3,Intel Core i7,,180812.36,40.34,4.7
Lenovo,X1,12th Gen,32.0,512.0,Black,2.37,AMD Ryzen 3,538.15,142681.53,8.48,3.4
Dell,Inspiron,10th Gen,32.0,1024.0,Silver,1.65,AMD Ryzen 7,506.78,79324.55,20.34,3.9
Hp,15,13th Gen,16.0,512.0,White,2.24,AMD Ryzen 5,520.79,129390.96,,3.4
Dell,15,13th Gen,4.0,1024.0,Grey,2.38,Intel Core i7,289.34,182387.34,,2.6
Lenovo,Inspiron,12th Gen,4.0,256.0,Blue,1.65,AMD Ryzen 3,436.9,43141.79,,2.9
Asus,X1,10th Gen,32.0,256.0,Grey,2.29,AMD Ryzen 7,,29941.5,6.9,3.3
Asus,15,12th Gen,32.0,512.0,White,2.13,Intel Core i3,,47787.1,47.55,4.3
Acer,VivoBook,13th Gen,32.0,256.0,Black,2.11,Intel Core i7,,116679.18,,3.6
Dell,15,12th Gen,16.0,256.0,Blue,1.77,AMD Ryzen 7,656.39,31250.56,,4.3
Acer,14,12th Gen,16.0,256.0,Blue,2.27,AMD Ryzen 3,107.02,178891.17,23.68,2.9
Dell,VivoBook,10th Gen,12.0,512.0,Silver,2.21,Intel Core i5,,36940.5,,4.0
Dell,15,10th Gen,32.0,1024.0,Blue,1.3,Intel Core i7,129.32,69593.75,,2.9
Lenovo,X1,10th Gen,12.0,512.0,Blue,2.51,Intel Core i5,888.48,125161.94,49.12,3.0
Acer,15,13th Gen,4.0,512.0,Grey,2.89,Intel Core i5,881.36,101067.05,38.27,2.6
Lenovo,15,12th Gen,8.0,1024.0,Silver,2.21,Intel Core i7,,162939.86,22.24,4.9
Acer,15,10th Gen,4.0,256.0,Grey,1.89,Intel Core i7,,165919.13,3.27,2.6
Dell,14,13th Gen,16.0,256.0,Grey,1.54,AMD Ryzen 5,286.7,26491.92,20.43,4.9
Lenovo,Inspiron,10th Gen,16.0,512.0,Silver,,AMD Ryzen 5,545.03,99027.28,49.16,3.6
Acer,16,13th Gen,4.0,1024.0,Blue,2.74,Intel Core i7,267.79,23083.63,,3.2
Asus,Inspiron,12th Gen,32.0,512.0,Blue,1.33,AMD Ryzen 3,,166427.0,6.63,2.7
Acer,VivoBook,12th Gen,4.0,1024.0,Black,2.57,Intel Core i3,,144668.21,19.03,4.3
Lenovo,X1,11th Gen,32.0,256.0,Blue,1.56,Intel Core i3,497.26,188482.06,,4.3
Dell,VivoBook,10th Gen,8.0,256.0,Black,1.96,Intel Core i7,,46662.29,49.22,3.0
Asus,15,11th Gen,12.0,512.0,Blue,1.44,AMD Ryzen 7,,137066.71,0.85,3.5
Asus,15,11th Gen,8.0,512.0,Black,2.16,AMD Ryzen 3,,160452.93,38.11,3.4
Hp,16,12th Gen,8.0,512.0,Blue,2.3,Intel Core i5,938.36,105066.71,,4.5
Asus,14,12th Gen,12.0,1024.0,Grey,2.31,Intel Core i3,319.35,177242.87,17.3,4.8
Dell,16,12th Gen,16.0,1024.0,Black,1.93,AMD Ryzen 3,,167878.78,,2.8
Hp,X1,12th Gen,32.0,256.0,Black,2.82,Intel Core i3,,35029.11,17.0,4.2
Dell,VivoBook,13th Gen,4.0,512.0,White,2.02,Intel Core i7,279.83,92542.03,30.0,4.9
Asus,X1,13th Gen,16.0,256.0,Silver,2.76,AMD Ryzen 5,,97193.18,,3.4
Dell,14,10th Gen,16.0,1024.0,Grey,1.82,Intel Core i3,160.24,110898.6,,4.3
Lenovo,VivoBook,11th Gen,12.0,256.0,Silver,1.85,Intel Core i3,,199945.63,26.48,4.8
Lenovo,VivoBook,13th Gen,4.0,256.0,White,2.31,AMD Ryzen 5,,87036.82,,2.7
Dell,Inspiron,11th Gen,12.0,512.0,Blue,1.34,Intel Core i5,567.65,39855.42,,4.7
Lenovo,VivoBook,10th Gen,8.0,512.0,Black,2.34,Intel Core i5,945.32,127850.0,23.89,4.3
Asus,Inspiron,11th Gen,4.0,1024.0,White,2.08,Intel Core i5,534.75,132769.23,40.68,3.9
Asus,16,12th Gen,8.0,512.0,Blue,2.31,AMD Ryzen 3,841.88,68755.05,,4.1
Lenovo,VivoBook,12th Gen,8.0,256.0,Black,2.59,Intel Core i7,,32757.89,,3.9
Hp,VivoBook,11th Gen,8.0,1024.0,Grey,1.26,AMD Ryzen 3,,163412.54,,3.4
Acer,16,11th Gen,16.0,512.0,Grey,1.45,Intel Core i5,,137762.14,,3.4
Lenovo,Inspiron,13th Gen,32.0,512.0,Blue,1.82,AMD Ryzen 5,982.03,63386.63,9.16,3.9
Asus,15,11th Gen,4.0,512.0,Black,1.89,AMD Ryzen 7,362.24,131174.62,,3.8
Hp,VivoBook,12th Gen,4.0,1024.0,White,2.98,Intel Core i7,,27528.1,1.19,4.6
Dell,Inspiron,13th Gen,8.0,256.0,Black,2.42,Intel Core i7,749.08,191249.34,,3.8
Asus,VivoBook,13th Gen,8.0,512.0,Grey,2.85,Intel Core i5,,184909.47,,3.6
Asus,16,11th Gen,4.0,512.0,Grey,1.82,Intel Core i7,,198234.06,36.75,4.7
Dell,VivoBook,10th Gen,12.0,1024.0,Grey,1.37,Intel Core i7,109.67,127564.26,,3.2
Hp,14,13th Gen,32.0,256.0,White,1.88,AMD Ryzen 7,,47112.85,,4.5
Asus,VivoBook,12th Gen,32.0,256.0,White,1.26,AMD Ryzen 7,830.0,28733.75,26.78,3.5
Dell,Inspiron,10th Gen,16.0,256.0,Blue,1.4,Intel Core i5,,129138.64,17.34,4.9
Acer,15,13th Gen,4.0,512.0,Silver,1.32,AMD Ryzen 5,,154051.14,15.23,4.8
Hp,VivoBook,12th Gen,16.0,1024.0,White,2.31,AMD Ryzen 5,,144473.59,49.27,4.7
Acer,15,11th Gen,16.0,512.0,Black,1.84,AMD Ryzen 5,,96583.09,43.48,4.2
Asus,14,10th Gen,32.0,256.0,Blue,2.04,Intel Core i7,473.77,84109.7,43.37,3.9
Asus,15,10th Gen,12.0,256.0,Black,2.02,Intel Core i5,647.13,120034.35,,4.8
Acer,VivoBook,11th Gen,32.0,256.0,Silver,1.46,AMD Ryzen 7,286.67,63434.72,44.73,3.4
Acer,14,11th Gen,32.0,256.0,Grey,1.99,Intel Core i5,237.16,128770.04,7.47,2.8
Dell,X1,12th Gen,8.0,256.0,Black,,AMD Ryzen 3,,70859.68,,4.3
Hp,15,13th Gen,4.0,512.0,Blue,2.19,AMD Ryzen 3,448.22,114107.09,,3.0
Lenovo,Inspiron,11th Gen,12.0,1024.0,White,1.86,Intel Core i3,,22550.89,,4.5
Asus,14,12th Gen,8.0,1024.0,Silver,2.47,AMD Ryzen 5,767.36,22260.75,,4.6
Lenovo,VivoBook,11th Gen,8.0,1024.0,Black,2.78,AMD Ryzen 7,,139032.65,,4.6
Lenovo,16,12th Gen,8.0,512.0,Grey,1.53,AMD Ryzen 3,120.5,124975.23,40.04,4.5
Asus,X1,11th Gen,32.0,1024.0,Blue,1.36,AMD Ryzen 5,,66822.99,6.98,3.2
Hp,Inspiron,11th Gen,32.0,512.0,Black,2.03,AMD Ryzen 7,,80120.08,44.22,4.3
Hp,16,10th Gen,4.0,512.0,White,2.68,AMD Ryzen 7,107.76,87454.89,23.17,2.6
Hp,X1,11th Gen,8.0,256.0,Grey,2.12,Intel Core i5,,80801.5,38.59,2.8
Asus,VivoBook,10th Gen,4.0,512.0,Blue,2.49,AMD Ryzen 3,517.25,162243.4,28.72,3.3
Acer,Inspiron,10th Gen,16.0,256.0,Grey,2.6,Intel Core i7,873.49,64052.6,,3.8
Acer,VivoBook,12th Gen,16.0,512.0,Blue,1.29,AMD Ryzen 3,613.88,178249.69,35.18,3.9
Acer,15,11th Gen,32.0,1024.0,Grey,1.72,AMD Ryzen 5,954.86,125625.29,,3.9
Lenovo,14,10th Gen,16.0,512.0,Silver,1.54,AMD Ryzen 7,785.62,183365.93,,3.5
Acer,15,13th Gen,16.0,1024.0,Grey,1.4,AMD Ryzen 3,202.72,60026.03,4.66,4.0
Lenovo,15,13th Gen,8.0,1024.0,White,2.28,AMD Ryzen 5,,183458.05,6.89,4.3
Dell,X1,10th Gen,8.0,256.0,Grey,1.24,Intel Core i3,,179645.26,48.35,3.1
Hp,VivoBook,12th Gen,32.0,256.0,Black,2.99,Intel Core i3,,65547.19,,4.1
Acer,15,10th Gen,16.0,1024.0,Silver,1.65,Intel Core i7,883.8,149624.3,,4.1
Lenovo,14,11th Gen,8.0,1024.0,Grey,1.94,AMD Ryzen 3,217.67,136966.95,25.57,4.2
Acer,15,13th Gen,8.0,1024.0,White,2.3,Intel Core i5,920.55,86769.13,,3.2
Asus,15,11th Gen,4.0,1024.0,Silver,1.38,AMD Ryzen 7,,63623.09,37.55,3.7
Dell,VivoBook,13th Gen,32.0,256.0,Grey,2.41,Intel Core i5,,198499.95,35.87,3.6
Dell,15,13th Gen,16.0,256.0,Silver,1.51,Intel Core i5,,111496.14,10.02,3.3
Lenovo,Inspiron,11th Gen,32.0,1024.0,Silver,2.28,AMD Ryzen 5,,23828.47,,3.1
Acer,14,11th Gen,4.0,512.0,Grey,1.63,Intel Core i3,,72034.0,,4.7
Dell,14,10th Gen,16.0,256.0,Blue,2.94,Intel Core i7,402.43,49364.24,11.6,3.4
Acer,15,12th Gen,16.0,1024.0,Black,1.79,AMD Ryzen 7,,144940.73,49.08,4.0
Asus,VivoBook,12th Gen,32.0,1024.0,Black,2.93,Intel Core i3,,25702.33,,4.9
Lenovo,16,13th Gen,32.0,256.0,Black,2.83,AMD Ryzen 5,,68727.61,,3.6
Acer,X1,12th Gen,32.0,512.0,Silver,2.8,Intel Core i5,,58480.06,3.96,2.7
Asus,VivoBook,12th Gen,32.0,256.0,Grey,2.92,Intel Core i3,,115019.61,,3.8
Asus,15,13th Gen,32.0,256.0,Blue,1.43,Intel Core i5,854.25,193339.63,44.77,3.8
Asus,X1,11th Gen,12.0,256.0,Blue,2.52,Intel Core i5,,176419.67,14.15,3.8
Hp,14,13th Gen,8.0,512.0,Silver,1.52,Intel Core i7,548.44,169585.42,15.76,3.6
Hp,Inspiron,10th Gen,4.0,256.0,White,2.27,AMD Ryzen 5,,169383.67,33.05,3.6
Asus,VivoBook,12th Gen,8.0,1024.0,Silver,1.64,Intel Core i5,,162558.75,2.03,4.4
Hp,15,12th Gen,16.0,1024.0,Silver,2.75,Intel Core i7,,101715.62,,4.5
Hp,Inspiron,12th Gen,12.0,512.0,Grey,2.01,AMD Ryzen 5,,121506.23,,4.9
Dell,15,11th Gen,8.0,1024.0,Silver,2.01,AMD Ryzen 5,,117460.96,,3.2
Hp,16,13th Gen,8.0,,Black,1.94,Intel Core i7,980.44,79250.01,,4.1
Acer,16,11th Gen,12.0,256.0,Grey,1.95,Intel Core i3,933.74,93042.75,,3.6
Dell,16,13th Gen,32.0,512.0,Grey,1.63,Intel Core i3,241.32,192020.78,27.89,3.4
Dell,X1,13th Gen,32.0,,Blue,1.83,AMD Ryzen 7,,131557.65,,4.8
Asus,14,13th Gen,16.0,256.0,Silver,2.17,AMD Ryzen 3,,30081.71,12.04,2.9
Lenovo,16,13th Gen,4.0,512.0,Blue,1.84,AMD Ryzen 5,,30370.95,,3.1
Asus,Inspiron,13th Gen,12.0,256.0,White,2.87,AMD Ryzen 5,,128938.22,,4.6
Asus,X1,13th Gen,8.0,512.0,Silver,2.36,Intel Core i3,707.85,106595.86,,2.7
Hp,VivoBook,12th Gen,8.0,256.0,Blue,2.59,AMD Ryzen 7,574.34,145325.64,,3.8
Acer,14,12th Gen,8.0,256.0,Silver,2.75,Intel Core i5,890.57,67044.33,,3.7
Hp,14,13th Gen,12.0,512.0,Black,1.72,AMD Ryzen 3,941.92,78090.62,,3.6
Asus,16,10th Gen,4.0,512.0,Blue,1.73,Intel Core i7,322.29,36193.7,27.08,3.2
Asus,15,12th Gen,4.0,1024.0,Grey,1.76,Intel Core i5,,121288.69,,4.3
Hp,14,12th Gen,16.0,512.0,Grey,1.87,AMD Ryzen 3,949.06,55547.69,,4.9
Hp,15,11th Gen,12.0,256.0,White,2.52,AMD Ryzen 7,183.82,171856.62,,4.6
Acer,X1,11th Gen,4.0,1024.0,Grey,1.83,Intel Core i5,728.96,130598.5,,2.5
Acer,14,12th Gen,32.0,256.0,White,2.74,Intel Core i7,,30053.88,,2.9
Acer,Inspiron,13th Gen,4.0,1024.0,Black,2.66,AMD Ryzen 5,399.51,157817.71,48.38,4.3
Asus,X1,13th Gen,12.0,256.0,Black,1.94,Intel Core i5,592.93,133966.88,49.21,5.0
Asus,15,13th Gen,8.0,1024.0,White,1.87,Intel Core i7,,147653.34,34.73,3.4
Lenovo,VivoBook,11th Gen,12.0,512.0,Silver,1.97,AMD Ryzen 3,707.07,144994.98,,4.5
Dell,X1,12th Gen,32.0,1024.0,Silver,1.43,,623.24,39469.52,19.78,4.9
Acer,15,11th Gen,12.0,1024.0,Grey,1.57,AMD Ryzen 5,211.64,88832.1,,4.8
Hp,Inspiron,12th Gen,32.0,1024.0,Silver,2.21,Intel Core i7,468.51,197257.21,14.36,3.5
Hp,Inspiron,11th Gen,16.0,512.0,Grey,2.33,AMD Ryzen 3,289.81,173348.5,46.12,3.2
Acer,14,12th Gen,32.0,512.0,Silver,2.19,Intel Core i7,332.76,103973.47,,3.9
Dell,X1,12th Gen,32.0,1024.0,Blue,2.86,AMD Ryzen 3,,59188.52,2.12,4.6
Acer,15,10th Gen,16.0,512.0,White,1.48,Intel Core i3,410.58,109692.25,,4.6
Acer,16,11th Gen,16.0,1024.0,White,2.68,AMD Ryzen 7,436.61,130320.05,32.64,3.6
Dell,14,11th Gen,4.0,256.0,Silver,2.41,AMD Ryzen 7,,34332.44,39.83,4.8
Hp,Inspiron,11th Gen,8.0,512.0,Black,1.63,AMD Ryzen 3,,119465.0,,3.6
Hp,X1,11th Gen,8.0,512.0,White,1.2,Intel Core i7,691.61,72320.81,43.31,5.0
Asus,Inspiron,10th Gen,16.0,1024.0,White,1.86,AMD Ryzen 7,526.0,74186.2,43.58,4.5
Hp,Inspiron,12th Gen,4.0,256.0,Grey,2.54,AMD Ryzen 5,,92262.52,,3.7
Dell,X1,12th Gen,4.0,1024.0,Silver,2.71,AMD Ryzen 7,148.49,66554.61,,4.6
Asus,X1,12th Gen,16.0,512.0,Blue,2.3,Intel Core i7,448.4,148096.81,5.14,3.7
Hp,16,12th Gen,32.0,512.0,Blue,1.38,Intel Core i3,618.91,50079.49,,2.9
Lenovo,Inspiron,13th Gen,16.0,256.0,Blue,2.79,AMD Ryzen 7,,195012.55,44.9,4.0
Hp,Inspiron,10th Gen,8.0,512.0,Black,1.32,Intel Core i3,,26562.6,,4.9
Asus,14,11th Gen,4.0,256.0,Silver,1.99,Intel Core i3,426.22,99470.54,22.19,3.7
Lenovo,Inspiron,12th Gen,12.0,1024.0,Black,1.23,AMD Ryzen 7,453.13,50652.92,40.27,4.1
Hp,16,10th Gen,12.0,1024.0,White,2.1,AMD Ryzen 7,,87108.45,14.38,2.8
Hp,VivoBook,10th Gen,12.0,256.0,Grey,1.49,AMD Ryzen 3,,39638.71,,3.7
Lenovo,VivoBook,10th Gen,32.0,256.0,White,2.73,Intel Core i3,,166904.32,,3.0
Dell,15,10th Gen,12.0,512.0,White,2.62,AMD Ryzen 7,,60300.06,32.42,3.7
Lenovo,VivoBook,11th Gen,32.0,512.0,White,2.72,Intel Core i5,,182603.36,,2.9
Asus,X1,12th Gen,32.0,1024.0,Grey,1.29,AMD Ryzen 7,,46119.22,,5.0
Acer,14,12th Gen,4.0,1024.0,Grey,2.79,Intel Core i5,,20161.78,,3.8
Hp,15,12th Gen,16.0,256.0,Silver,2.96,Intel Core i3,,81649.0,,3.6
Acer,VivoBook,12th Gen,16.0,1024.0,Silver,1.31,AMD Ryzen 7,,198835.56,,2.6
Dell,14,10th Gen,16.0,256.0,Black,1.97,Intel Core i7,,29856.08,2.91,5.0
Dell,VivoBook,10th Gen,12.0,1024.0,White,2.22,Intel Core i5,336.94,106348.28,,4.7
Asus,X1,10th Gen,4.0,512.0,Black,1.48,Intel Core i3,965.47,144126.72,,4.3
Acer,16,10th Gen,16.0,256.0,Silver,2.11,Intel Core i5,,154460.35,11.45,2.5
Hp,14,12th Gen,16.0,512.0,Black,2.01,Intel Core i3,456.31,182305.19,9.65,4.2
Acer,Inspiron,13th Gen,8.0,1024.0,White,2.21,AMD Ryzen 5,,76433.37,45.95,3.6
Asus,VivoBook,12th Gen,8.0,1024.0,Silver,2.07,Intel Core i5,614.77,199265.87,,2.6
Lenovo,X1,10th Gen,8.0,256.0,White,2.82,Intel Core i3,,70561.79,20.91,2.8
Asus,14,10th Gen,12.0,1024.0,Black,2.94,Intel Core i7,711.99,177203.39,,2.8
Dell,16,12th Gen,16.0,1024.0,Silver,1.44,AMD Ryzen 7,,25968.84,,3.2
Lenovo,VivoBook,13th Gen,32.0,512.0,Grey,2.04,AMD Ryzen 3,,31535.9,48.94,3.6
Acer,15,13th Gen,32.0,512.0,Blue,2.69,AMD Ryzen 5,,152807.64,,2.5
Dell,X1,11th Gen,12.0,256.0,Grey,2.77,Intel Core i5,774.09,104281.78,,4.7
Dell,Inspiron,11th Gen,4.0,256.0,Blue,3.0,Intel Core i3,,31494.45,,2.5
Dell,14,12th Gen,8.0,256.0,Silver,1.97,AMD Ryzen 7,578.56,188610.77,,2.8
Dell,VivoBook,11th Gen,4.0,512.0,Silver,2.62,AMD Ryzen 5,,121826.11,,4.0
Asus,X1,10th Gen,12.0,256.0,Blue,1.96,AMD Ryzen 5,595.99,89487.5,45.11,2.5
Lenovo,15,10th Gen,12.0,512.0,White,2.45,Intel Core i7,,117616.08,,3.3
Asus,Inspiron,13th Gen,4.0,256.0,Black,2.17,AMD Ryzen 3,,45267.39,11.25,4.7
Asus,Inspiron,11th Gen,32.0,512.0,Grey,2.51,AMD Ryzen 7,164.89,84000.32,,4.0
Lenovo,16,13th Gen,32.0,1024.0,Silver,2.52,AMD Ryzen 7,701.11,58763.01,26.22,4.1
Acer,VivoBook,12th Gen,16.0,1024.0,Silver,1.26,AMD Ryzen 7,874.17,67361.41,,2.8
Asus,X1,13th Gen,16.0,256.0,Blue,2.75,Intel Core i3,,192642.83,33.06,4.1
Lenovo,VivoBook,12th Gen,4.0,512.0,Black,1.62,Intel Core i5,859.16,71420.37,3.37,2.6
Hp,14,12th Gen,32.0,256.0,Blue,2.89,AMD Ryzen 5,,140453.15,44.89,4.4
Lenovo,VivoBook,11th Gen,12.0,512.0,Grey,,AMD Ryzen 3,,59629.27,,3.2
Hp,VivoBook,13th Gen,8.0,256.0,Black,2.79,AMD Ryzen 5,252.2,100918.22,,2.7
Hp,16,13th Gen,12.0,512.0,Black,,AMD Ryzen 5,154.43,21833.27,,3.2
Acer,X1,11th Gen,16.0,512.0,Silver,2.17,Intel Core i5,197.66,38121.58,30.56,3.7
Lenovo,VivoBook,13th Gen,4.0,1024.0,Black,2.07,Intel Core i5,,185873.89,18.51,3.1
Hp,16,10th Gen,32.0,512.0,Blue,1.64,Intel Core i7,300.56,27942.99,,3.1
Dell,X1,10th Gen,8.0,1024.0,Silver,2.6,Intel Core i3,197.24,112851.86,,4.6
Acer,Inspiron,10th Gen,16.0,256.0,White,2.36,AMD Ryzen 7,,97414.65,,3.7
Hp,16,10th Gen,32.0,256.0,Black,2.27,Intel Core i7,617.99,162013.83,25.9,4.3
Dell,X1,12th Gen,16.0,256.0,Grey,2.0,AMD Ryzen 5,723.54,142416.17,,3.4
Acer,15,13th Gen,32.0,256.0,Silver,1.49,Intel Core i7,,195396.34,17.29,4.1
Acer,VivoBook,12th Gen,16.0,256.0,Grey,2.08,Intel Core i5,810.78,60015.27,,4.3
Acer,16,11th Gen,32.0,512.0,Blue,1.5,Intel Core i7,,139690.9,,3.1
Dell,X1,10th Gen,8.0,512.0,White,1.84,Intel Core i5,,141263.24,16.35,4.7
Dell,VivoBook,12th Gen,32.0,512.0,Blue,2.26,Intel Core i5,412.3,57104.14,,4.8
Lenovo,14,13th Gen,4.0,1024.0,Black,2.45,Intel Core i7,,24578.87,,3.8
Acer,X1,10th Gen,8.0,256.0,Blue,2.45,Intel Core i5,376.54,111518.29,46.9,4.4
Dell,VivoBook,13th Gen,8.0,512.0,White,2.07,AMD Ryzen 7,,99557.06,27.12,3.7
Acer,VivoBook,12th Gen,8.0,512.0,Silver,2.03,AMD Ryzen 7,966.57,108222.12,,2.6
Asus,Inspiron,13th Gen,8.0,256.0,Blue,2.32,Intel Core i5,,140350.99,41.51,2.9
Dell,X1,10th Gen,32.0,256.0,Blue,2.4,Intel Core i7,829.17,64367.92,,3.2
Acer,X1,13th Gen,16.0,256.0,Grey,2.26,AMD Ryzen 5,,147978.15,,2.7
Hp,16,11th Gen,32.0,256.0,White,2.32,Intel Core i7,952.91,63426.76,,3.8
Acer,Inspiron,11th Gen,32.0,256.0,Black,1.6,AMD Ryzen 3,956.73,99177.07,,3.2
Acer,14,13th Gen,8.0,1024.0,Silver,1.62,Intel Core i5,,40638.88,23.51,3.1
Acer,VivoBook,12th Gen,16.0,1024.0,White,2.35,Intel Core i5,,31111.96,7.27,3.4
Acer,Inspiron,11th Gen,12.0,512.0,Blue,2.53,AMD Ryzen 5,506.66,122701.93,,3.8
Acer,VivoBook,10th Gen,32.0,512.0,Black,1.61,Intel Core i3,605.73,115466.65,,3.9
Acer,Inspiron,11th Gen,8.0,512.0,White,2.79,Intel Core i7,,148046.04,,2.5
Hp,X1,13th Gen,8.0,512.0,Black,2.09,Intel Core i3,770.2,75887.07,,4.3
Acer,15,12th Gen,32.0,512.0,Grey,2.83,Intel Core i5,,179566.07,31.23,4.1
Dell,15,13th Gen,8.0,256.0,Black,2.55,Intel Core i3,673.1,85962.36,,4.6
Asus,X1,13th Gen,16.0,1024.0,Black,2.57,Intel Core i3,,180098.47,2.75,3.3
Hp,14,13th Gen,16.0,512.0,Grey,1.76,AMD Ryzen 7,,47788.85,,2.7
Dell,VivoBook,12th Gen,8.0,1024.0,Blue,2.87,Intel Core i3,,169030.33,8.52,4.0
Asus,16,13th Gen,16.0,256.0,White,1.46,Intel Core i7,100.08,196605.18,,3.0
Asus,15,13th Gen,4.0,256.0,Blue,2.96,AMD Ryzen 7,606.4,22235.97,,5.0
Lenovo,15,10th Gen,16.0,1024.0,Grey,2.74,AMD Ryzen 7,,21215.42,,2.6
Acer,15,10th Gen,12.0,512.0,Grey,2.94,Intel Core i3,283.26,64974.42,,3.0
Asus,15,10th Gen,32.0,1024.0,Blue,1.45,AMD Ryzen 5,223.49,48417.12,,4.1
Acer,14,13th Gen,16.0,1024.0,Black,1.69,Intel Core i7,,137113.14,,4.5
Lenovo,16,12th Gen,16.0,256.0,Silver,2.51,AMD Ryzen 5,875.44,147703.56,3.82,4.3
Lenovo,VivoBook,11th Gen,8.0,1024.0,Silver,1.96,AMD Ryzen 3,652.0,62388.21,,3.2
Acer,14,12th Gen,4.0,1024.0,Silver,2.84,AMD Ryzen 3,,123768.9,,3.2
Lenovo,VivoBook,10th Gen,12.0,1024.0,White,,AMD Ryzen 3,127.66,76471.62,4.03,3.5
Asus,15,12th Gen,12.0,512.0,Grey,1.55,Intel Core i5,163.92,61300.36,,2.5
Dell,15,12th Gen,12.0,512.0,Grey,1.93,AMD Ryzen 3,,115892.75,17.53,4.0
Asus,Inspiron,11th Gen,16.0,1024.0,White,1.42,AMD Ryzen 3,693.18,75739.8,,4.8
Dell,14,10th Gen,12.0,1024.0,Grey,2.75,Intel Core i5,,146883.07,28.87,4.6
Hp,X1,12th Gen,8.0,256.0,Black,2.49,AMD Ryzen 3,,143157.8,26.25,3.3
Dell,14,11th Gen,8.0,512.0,Grey,2.84,Intel Core i5,,193584.86,7.14,3.0
Lenovo,15,10th Gen,8.0,512.0,Black,2.88,Intel Core i3,316.69,134128.98,38.08,2.9
Dell,14,13th Gen,12.0,1024.0,Blue,2.06,Intel Core i5,496.8,97729.6,,5.0
Hp,X1,11th Gen,32.0,1024.0,Silver,1.42,Intel Core i5,152.47,31355.51,,3.2
Lenovo,14,10th Gen,4.0,1024.0,Blue,1.8,Intel Core i3,109.61,88857.36,,4.5
Acer,14,11th Gen,12.0,256.0,Black,2.09,AMD Ryzen 3,459.15,182301.52,15.03,3.1
Lenovo,VivoBook,11th Gen,12.0,1024.0,White,2.7,AMD Ryzen 3,,185916.79,,3.3
Lenovo,VivoBook,12th Gen,32.0,1024.0,Silver,2.92,AMD Ryzen 7,,190203.03,,3.0
Asus,Inspiron,13th Gen,8.0,256.0,Silver,2.59,Intel Core i7,996.22,122703.74,,3.5
Lenovo,14,10th Gen,8.0,512.0,Grey,2.66,AMD Ryzen 7,,41213.49,,3.7
Dell,15,13th Gen,12.0,1024.0,Silver,1.8,,,35863.99,,3.7
Acer,15,11th Gen,8.0,512.0,Grey,1.36,AMD Ryzen 5,136.81,43542.13,,2.6
Dell,16,12th Gen,4.0,256.0,Silver,1.5,Intel Core i3,686.09,33235.64,31.15,3.3
Lenovo,15,12th Gen,8.0,512.0,Black,1.93,AMD Ryzen 3,128.12,23241.63,22.89,3.7
Dell,Inspiron,11th Gen,16.0,1024.0,Black,1.65,Intel Core i5,464.14,177524.78,31.12,3.6
Asus,VivoBook,13th Gen,16.0,512.0,Grey,2.03,Intel Core i7,,46080.85,5.49,3.4
Lenovo,X1,12th Gen,32.0,512.0,White,1.49,Intel Core i7,623.69,163348.42,13.75,3.0
Asus,VivoBook,12th Gen,8.0,512.0,Black,2.25,Intel Core i7,,182486.33,29.42,4.2
Hp,15,13th Gen,4.0,1024.0,Grey,2.43,Intel Core i3,,194748.07,,4.6
Lenovo,15,12th Gen,8.0,512.0,Grey,2.94,AMD Ryzen 7,301.31,119168.57,21.17,4.4
Acer,Inspiron,12th Gen,4.0,1024.0,Black,2.03,Intel Core i7,,34352.65,47.01,4.5
Hp,16,13th Gen,4.0,256.0,Silver,1.22,AMD Ryzen 7,,106994.33,,4.3
Dell,X1,13th Gen,16.0,1024.0,Grey,2.29,AMD Ryzen 7,,186814.04,31.82,3.0
Acer,Inspiron,10th Gen,8.0,512.0,Silver,2.04,AMD Ryzen 3,809.85,74992.89,,2.5
Dell,16,10th Gen,8.0,1024.0,Grey,2.13,AMD Ryzen 5,694.62,146004.16,40.47,3.0
Lenovo,X1,12th Gen,12.0,512.0,Grey,1.35,AMD Ryzen 5,,141637.61,,4.3
Dell,14,11th Gen,12.0,256.0,Blue,1.72,AMD Ryzen 7,623.75,184940.41,,3.8
Acer,X1,11th Gen,16.0,256.0,Grey,1.58,AMD Ryzen 3,411.57,69695.52,40.91,2.9
Lenovo,15,12th Gen,16.0,256.0,White,2.24,Intel Core i7,624.41,37957.12,,4.8
Dell,14,12th Gen,32.0,1024.0,White,2.23,AMD Ryzen 3,,197024.24,,4.9
Acer,15,10th Gen,12.0,256.0,White,1.44,Intel Core i3,,70517.94,13.36,3.0
Hp,X1,10th Gen,32.0,1024.0,Grey,2.5,AMD Ryzen 7,404.03,163951.11,,4.4
Asus,VivoBook,11th Gen,32.0,512.0,Grey,1.69,Intel Core i7,,149631.0,24.37,3.6
Dell,Inspiron,13th Gen,32.0,256.0,Black,2.0,Intel Core i5,,140091.91,,4.8
Dell,15,10th Gen,8.0,256.0,Blue,2.27,AMD Ryzen 5,237.13,134193.62,,4.4
Lenovo,VivoBook,12th Gen,32.0,1024.0,Black,2.07,AMD Ryzen 7,480.88,51198.83,,5.0
Hp,15,11th Gen,4.0,512.0,Black,3.0,Intel Core i5,,70328.75,,4.1
Hp,14,12th Gen,16.0,1024.0,Silver,2.28,Intel Core i7,452.8,92551.25,45.05,4.1
Asus,VivoBook,12th Gen,32.0,256.0,White,1.91,Intel Core i7,409.02,196753.98,40.2,2.9
Asus,16,13th Gen,4.0,1024.0,Black,2.15,Intel Core i7,562.89,90652.99,43.37,2.8
Acer,15,10th Gen,16.0,1024.0,Black,1.27,Intel Core i7,861.27,164684.03,24.72,4.3
Acer,16,13th Gen,4.0,1024.0,Grey,2.74,Intel Core i7,150.39,136691.13,,4.3
Dell,15,13th Gen,16.0,256.0,Black,2.13,AMD Ryzen 3,661.02,112528.08,45.04,5.0
Acer,14,11th Gen,32.0,256.0,Black,1.29,Intel Core i7,,161971.4,,4.7
Dell,X1,10th Gen,32.0,256.0,Black,1.34,Intel Core i7,835.42,121839.97,33.05,3.5
Acer,14,11th Gen,8.0,1024.0,Black,1.9,,849.19,152218.52,44.62,4.2
Acer,X1,11th Gen,,1024.0,Black,1.88,Intel Core i3,441.21,50844.12,48.45,3.7
Acer,14,13th Gen,8.0,1024.0,Grey,2.1,Intel Core i3,406.34,127668.97,,4.1
Hp,15,10th Gen,4.0,1024.0,Blue,2.09,AMD Ryzen 3,,196760.99,9.48,2.9
Hp,VivoBook,10th Gen,8.0,512.0,Blue,2.42,AMD Ryzen 7,,33605.92,46.83,3.6
Asus,VivoBook,12th Gen,4.0,1024.0,Black,2.9,AMD Ryzen 3,,33637.98,,4.0
Hp,15,13th Gen,8.0,512.0,Black,1.64,Intel Core i3,119.89,152371.01,5.3,4.0
Dell,14,13th Gen,32.0,512.0,Blue,1.29,Intel Core i5,379.49,182788.16,24.66,3.5
Lenovo,Inspiron,10th Gen,8.0,256.0,Grey,1.68,Intel Core i5,662.57,111766.97,,3.7
Lenovo,VivoBook,10th Gen,16.0,512.0,Silver,2.37,Intel Core i5,803.77,95587.66,,3.3
Hp,Inspiron,10th Gen,8.0,1024.0,Silver,1.95,Intel Core i5,277.7,194626.26,,3.7
Hp,X1,11th Gen,32.0,1024.0,Black,2.55,AMD Ryzen 3,345.94,45227.09,,4.6
Lenovo,X1,10th Gen,4.0,256.0,Black,1.77,Intel Core i5,402.43,54195.59,,3.1
Dell,X1,12th Gen,12.0,1024.0,White,1.79,AMD Ryzen 7,,28507.8,28.29,4.3
Dell,VivoBook,10th Gen,8.0,512.0,Grey,2.81,Intel Core i3,758.23,24219.54,11.42,3.2
Dell,15,11th Gen,4.0,256.0,Blue,2.55,Intel Core i5,291.25,152362.84,23.28,3.3
Dell,X1,10th Gen,32.0,512.0,Blue,2.54,AMD Ryzen 5,975.48,170713.21,37.22,3.9
Acer,VivoBook,11th Gen,16.0,1024.0,Blue,1.73,AMD Ryzen 3,,66634.76,5.44,4.5
Acer,14,12th Gen,8.0,1024.0,Blue,1.22,AMD Ryzen 3,,159951.06,46.52,3.7
Asus,16,11th Gen,4.0,1024.0,Silver,2.67,AMD Ryzen 5,,73866.62,12.43,4.1
Dell,16,11th Gen,12.0,256.0,White,2.39,AMD Ryzen 7,,108850.99,47.0,2.6
Lenovo,16,13th Gen,32.0,1024.0,Black,2.33,Intel Core i3,990.87,27349.75,,3.4
Dell,X1,10th Gen,4.0,256.0,Blue,2.44,AMD Ryzen 5,,30010.62,,4.8
Lenovo,15,10th Gen,4.0,256.0,Black,2.13,Intel Core i7,,68395.98,,4.2
Dell,15,13th Gen,8.0,256.0,White,1.93,Intel Core i3,,156284.88,,4.5
Lenovo,14,10th Gen,4.0,512.0,Blue,2.11,Intel Core i7,,27696.91,,3.2
Dell,14,11th Gen,8.0,1024.0,White,1.97,AMD Ryzen 7,665.0,34202.58,,2.8
Dell,14,10th Gen,4.0,1024.0,Black,2.18,AMD Ryzen 7,,50286.54,31.08,4.3
Acer,16,12th Gen,32.0,512.0,Grey,1.7,AMD Ryzen 5,,158623.41,10.65,2.9
Hp,Inspiron,12th Gen,12.0,1024.0,Blue,1.75,AMD Ryzen 7,174.57,63149.01,0.16,3.2
Lenovo,14,10th Gen,8.0,512.0,Black,2.2,Intel Core i7,,88609.6,,4.1
Hp,14,10th Gen,8.0,512.0,Silver,1.3,AMD Ryzen 5,,37572.64,24.72,2.8
Acer,16,11th Gen,16.0,512.0,Grey,1.59,AMD Ryzen 7,290.25,104481.43,,3.9
Dell,16,13th Gen,16.0,256.0,Grey,2.21,AMD Ryzen 7,643.32,164222.17,,4.4
Dell,Inspiron,13th Gen,4.0,256.0,Grey,2.53,Intel Core i3,,36247.97,42.78,4.9
Hp,15,11th Gen,8.0,256.0,Silver,2.85,Intel Core i7,334.35,50313.57,,3.0
Asus,15,10th Gen,12.0,1024.0,Blue,2.95,Intel Core i5,,139695.96,9.52,4.8
Acer,X1,11th Gen,12.0,1024.0,Grey,1.35,Intel Core i7,599.37,195319.28,,4.9
Hp,Inspiron,10th Gen,16.0,1024.0,Blue,1.91,AMD Ryzen 3,,145029.03,,5.0
Dell,Inspiron,12th Gen,12.0,1024.0,White,1.86,Intel Core i3,,82736.64,26.61,4.3
Dell,14,10th Gen,12.0,1024.0,Silver,2.28,AMD Ryzen 5,801.83,145848.97,,4.8
Lenovo,16,13th Gen,4.0,512.0,Grey,2.35,AMD Ryzen 5,831.44,103952.66,24.2,3.7
Dell,VivoBook,11th Gen,8.0,256.0,White,2.42,AMD Ryzen 5,294.3,45451.88,,2.8
Acer,14,11th Gen,4.0,512.0,White,1.25,AMD Ryzen 5,,112178.09,29.92,3.1
Hp,VivoBook,10th Gen,4.0,512.0,Blue,1.89,Intel Core i5,,136208.79,22.24,3.3
Lenovo,14,10th Gen,32.0,512.0,Black,2.93,AMD Ryzen 3,136.78,99263.7,,3.3
Asus,X1,10th Gen,12.0,256.0,Grey,2.27,Intel Core i7,825.48,171405.78,,3.3
Hp,16,10th Gen,12.0,1024.0,Blue,2.78,AMD Ryzen 3,643.36,133450.15,,3.1
Dell,X1,10th Gen,8.0,1024.0,Blue,2.61,Intel Core i7,,189745.52,,4.5
Dell,X1,11th Gen,12.0,512.0,White,2.85,AMD Ryzen 7,,147679.68,23.39,4.4
Acer,Inspiron,13th Gen,12.0,256.0,Grey,1.81,Intel Core i5,,166148.53,,3.5
Asus,Inspiron,11th Gen,4.0,1024.0,Blue,1.29,Intel Core i7,,157465.43,,3.5
Lenovo,15,12th Gen,8.0,1024.0,White,1.22,AMD Ryzen 7,819.37,98919.56,35.58,2.9
Lenovo,15,13th Gen,16.0,512.0,Black,2.68,Intel Core i7,114.81,103627.36,18.85,3.5
Acer,Inspiron,12th Gen,4.0,512.0,Blue,2.61,Intel Core i5,,191988.64,12.38,3.3
Acer,Inspiron,13th Gen,32.0,256.0,Grey,3.0,Intel Core i5,,25029.19,,2.8
Acer,Inspiron,10th Gen,8.0,512.0,Silver,2.63,AMD Ryzen 5,425.19,61083.78,9.56,3.2
Hp,X1,12th Gen,8.0,256.0,White,1.21,AMD Ryzen 3,,159587.0,,4.7
Asus,16,12th Gen,4.0,512.0,White,2.76,Intel Core i7,,52334.12,30.31,2.7
Lenovo,16,10th Gen,16.0,512.0,Black,2.39,AMD Ryzen 7,,189915.54,41.23,4.3
Asus,16,12th Gen,16.0,1024.0,Blue,1.92,AMD Ryzen 7,730.27,124137.23,4.54,2.6
Hp,X1,12th Gen,16.0,512.0,Grey,1.63,AMD Ryzen 3,222.24,81460.44,42.85,4.3
Dell,VivoBook,11th Gen,4.0,512.0,Grey,2.33,AMD Ryzen 5,,75313.77,16.86,3.5
Dell,15,12th Gen,4.0,1024.0,Blue,2.13,Intel Core i7,,149124.8,33.45,2.6
Lenovo,X1,10th Gen,16.0,256.0,White,2.06,AMD Ryzen 3,308.79,138794.43,,4.3
Hp,14,10th Gen,16.0,256.0,Black,2.9,AMD Ryzen 5,,63942.26,42.08,4.4
Asus,15,13th Gen,12.0,256.0,Black,1.95,AMD Ryzen 3,213.05,105028.66,,4.4
Lenovo,Inspiron,11th Gen,16.0,1024.0,White,1.94,AMD Ryzen 5,,59446.07,1.08,3.2
Dell,14,10th Gen,4.0,256.0,White,2.9,AMD Ryzen 7,,122776.79,,3.2
Lenovo,X1,12th Gen,16.0,512.0,Blue,1.64,AMD Ryzen 5,,66857.95,,3.6
Hp,X1,11th Gen,12.0,256.0,Grey,2.01,Intel Core i3,,154365.39,33.41,4.7
Lenovo,14,12th Gen,32.0,1024.0,Silver,1.79,Intel Core i7,,197187.55,,3.0
Asus,VivoBook,11th Gen,4.0,512.0,Grey,1.65,Intel Core i3,114.33,24119.97,32.29,4.5
Asus,Inspiron,12th Gen,16.0,512.0,Black,2.78,AMD Ryzen 5,511.59,49619.52,,4.3
Acer,14,10th Gen,16.0,512.0,Black,2.48,AMD Ryzen 3,930.9,77406.86,,3.2
Asus,X1,13th Gen,32.0,512.0,Blue,1.96,AMD Ryzen 5,362.13,116719.0,,4.1
Asus,Inspiron,10th Gen,4.0,1024.0,Grey,1.82,Intel Core i7,,32660.54,44.47,3.9
Dell,16,10th Gen,12.0,,White,2.27,Intel Core i3,548.14,85772.64,13.29,4.2
Lenovo,X1,10th Gen,4.0,1024.0,Black,2.17,AMD Ryzen 7,,178280.98,,3.4
Dell,16,11th Gen,12.0,1024.0,White,2.56,AMD Ryzen 7,,170212.48,15.91,3.5
Lenovo,X1,13th Gen,8.0,1024.0,Silver,1.44,AMD Ryzen 5,,199973.8,10.63,3.5
Dell,15,11th Gen,32.0,512.0,Silver,1.95,Intel Core i5,,64175.9,,2.9
Acer,X1,13th Gen,12.0,512.0,Blue,1.7,AMD Ryzen 7,936.82,95854.62,44.26,4.2
Hp,VivoBook,10th Gen,8.0,512.0,Black,1.38,Intel Core i3,,90518.56,,3.7
Hp,X1,13th Gen,4.0,512.0,Grey,1.73,Intel Core i5,769.03,91660.29,,2.6
Hp,Inspiron,13th Gen,32.0,256.0,Blue,2.22,AMD Ryzen 3,,127537.21,18.98,4.1
Acer,16,11th Gen,32.0,256.0,Blue,2.48,Intel Core i3,,133846.44,,3.1
Asus,Inspiron,12th Gen,16.0,512.0,Silver,2.53,AMD Ryzen 7,328.53,122315.77,,4.3
Dell,15,11th Gen,16.0,256.0,Silver,1.65,AMD Ryzen 3,591.84,106070.4,27.55,4.7
Lenovo,X1,13th Gen,12.0,1024.0,Silver,1.9,Intel Core i5,951.5,175018.35,21.58,4.1
Dell,X1,12th Gen,12.0,1024.0,Black,2.62,AMD Ryzen 7,,122772.5,21.9,3.9
Asus,16,11th Gen,8.0,1024.0,Silver,2.49,AMD Ryzen 3,,133384.07,46.07,3.6
Acer,16,12th Gen,32.0,256.0,Silver,1.79,Intel Core i3,642.6,129400.74,,3.6
Asus,Inspiron,12th Gen,4.0,256.0,Blue,2.6,AMD Ryzen 5,,37339.75,,2.7
Hp,15,13th Gen,16.0,512.0,Black,1.43,Intel Core i5,142.58,174370.85,27.49,3.1
Lenovo,16,12th Gen,4.0,256.0,Silver,2.18,Intel Core i7,217.77,165274.65,3.26,4.7
Acer,16,12th Gen,8.0,256.0,Silver,2.57,Intel Core i7,132.65,186063.54,29.12,4.1
Hp,VivoBook,13th Gen,32.0,256.0,Silver,2.61,AMD Ryzen 3,,124201.53,,3.2
Hp,14,10th Gen,12.0,256.0,Blue,1.74,AMD Ryzen 3,752.21,52383.77,,3.8
Hp,15,10th Gen,8.0,512.0,White,1.63,Intel Core i7,,183774.04,,3.4
Dell,14,11th Gen,4.0,512.0,Silver,2.44,AMD Ryzen 5,158.55,64890.37,43.85,4.4
Lenovo,X1,11th Gen,12.0,256.0,Silver,1.93,AMD Ryzen 7,,85789.61,,3.3
Hp,14,12th Gen,32.0,256.0,White,1.82,AMD Ryzen 7,510.18,49632.16,8.78,2.9
Hp,X1,10th Gen,32.0,512.0,Blue,2.94,Intel Core i7,,111244.98,41.38,2.5
Lenovo,14,13th Gen,32.0,512.0,Black,2.94,AMD Ryzen 5,,172321.9,,3.3
Asus,VivoBook,13th Gen,8.0,256.0,Silver,1.91,Intel Core i7,,172444.17,0.88,3.9
Hp,16,10th Gen,32.0,512.0,Silver,2.88,AMD Ryzen 7,,54959.33,19.31,3.9
Asus,15,11th Gen,12.0,256.0,Silver,2.49,Intel Core i7,367.45,54009.65,,4.6
Hp,14,13th Gen,32.0,256.0,White,2.35,Intel Core i5,815.91,26623.88,43.95,3.7
Lenovo,VivoBook,12th Gen,32.0,512.0,Silver,,Intel Core i3,,51370.95,10.37,3.3
Acer,Inspiron,12th Gen,4.0,512.0,Black,2.63,AMD Ryzen 7,145.31,47464.28,,2.5
Hp,VivoBook,11th Gen,16.0,256.0,Grey,1.61,Intel Core i3,,75989.58,,2.6
Asus,14,12th Gen,8.0,512.0,White,2.17,AMD Ryzen 7,175.83,195226.59,,3.0
Hp,Inspiron,11th Gen,16.0,512.0,Silver,2.07,Intel Core i5,,44947.37,44.26,3.3
Hp,16,10th Gen,4.0,256.0,White,1.84,Intel Core i5,162.93,52355.9,,3.9
Hp,16,11th Gen,12.0,256.0,Black,1.41,Intel Core i3,718.25,145999.51,10.71,4.7
Dell,15,13th Gen,16.0,512.0,Silver,1.74,AMD Ryzen 3,,97684.06,4.01,3.2
Acer,14,13th Gen,4.0,512.0,Silver,2.03,Intel Core i7,386.35,51435.23,14.8,2.7
Hp,16,12th Gen,12.0,256.0,Silver,2.86,AMD Ryzen 5,706.23,89707.68,,2.9
Lenovo,VivoBook,11th Gen,8.0,512.0,Silver,2.11,AMD Ryzen 3,,107202.6,,3.6
Lenovo,X1,12th Gen,16.0,1024.0,Blue,2.05,Intel Core i5,,151006.43,13.94,3.7
Asus,VivoBook,12th Gen,12.0,512.0,Silver,1.26,Intel Core i3,,62110.12,26.58,4.0
Hp,14,13th Gen,16.0,1024.0,Grey,2.42,Intel Core i5,,32828.29,,3.3
Asus,X1,11th Gen,16.0,512.0,Black,1.26,Intel Core i7,555.05,177193.22,44.2,3.6
Acer,VivoBook,11th Gen,8.0,1024.0,Blue,2.18,AMD Ryzen 5,774.33,166095.91,,4.0
Dell,X1,10th Gen,16.0,256.0,Black,2.49,AMD Ryzen 3,717.64,156622.97,,2.7
Hp,X1,13th Gen,12.0,1024.0,Black,2.68,AMD Ryzen 7,,171593.26,20.6,4.4
Asus,VivoBook,11th Gen,32.0,256.0,Black,2.4,AMD Ryzen 7,714.46,119237.52,35.63,3.3
Acer,X1,13th Gen,16.0,256.0,White,2.38,AMD Ryzen 7,,29138.06,,3.4
Lenovo,VivoBook,10th Gen,16.0,512.0,Silver,1.58,AMD Ryzen 3,372.13,76697.53,,3.9
Lenovo,Inspiron,13th Gen,4.0,512.0,Black,2.43,AMD Ryzen 5,785.75,134267.71,15.4,4.4
Dell,X1,10th Gen,8.0,1024.0,White,2.02,Intel Core i5,,69274.34,,2.8
Hp,VivoBook,10th Gen,4.0,256.0,Blue,2.79,AMD Ryzen 5,703.11,146209.77,40.1,4.0
Asus,16,11th Gen,16.0,1024.0,Grey,2.2,AMD Ryzen 7,332.14,132837.79,,3.4
Hp,X1,12th Gen,32.0,512.0,Black,1.62,AMD Ryzen 5,944.48,131331.76,15.13,4.5
Lenovo,VivoBook,10th Gen,4.0,256.0,White,1.64,AMD Ryzen 3,,146142.89,26.59,2.8
Lenovo,Inspiron,11th Gen,32.0,1024.0,Blue,1.61,AMD Ryzen 5,329.56,64609.72,,3.2
Lenovo,X1,11th Gen,4.0,1024.0,White,2.94,AMD Ryzen 7,274.73,79557.9,,3.8
Hp,15,13th Gen,32.0,512.0,Grey,2.32,Intel Core i7,787.23,167100.44,,3.1
Lenovo,15,13th Gen,32.0,1024.0,White,2.78,AMD Ryzen 5,581.48,87172.68,32.55,3.0
Hp,16,13th Gen,16.0,512.0,White,2.39,AMD Ryzen 7,702.87,24560.05,,4.8
Asus,14,10th Gen,4.0,,Blue,1.39,Intel Core i5,,193820.16,,4.4
Hp,Inspiron,13th Gen,4.0,1024.0,Blue,1.66,Intel Core i7,,149177.22,35.34,3.0
Lenovo,14,11th Gen,16.0,1024.0,Silver,1.31,Intel Core i3,374.28,73559.98,,4.0
Dell,Inspiron,11th Gen,4.0,1024.0,Grey,1.7,AMD Ryzen 3,,53925.56,32.04,3.7
Acer,Inspiron,12th Gen,4.0,512.0,Black,1.93,Intel Core i5,263.82,80862.49,,3.7
Hp,15,10th Gen,16.0,1024.0,Silver,2.36,Intel Core i5,,120164.04,,4.9
Lenovo,Inspiron,11th Gen,8.0,512.0,Silver,1.86,AMD Ryzen 7,,172932.5,,3.1
Dell,VivoBook,10th Gen,32.0,256.0,Black,2.57,AMD Ryzen 3,,100432.72,,3.8
Dell,VivoBook,10th Gen,8.0,256.0,Silver,2.88,AMD Ryzen 7,951.86,82210.3,38.22,3.3
Acer,Inspiron,13th Gen,12.0,512.0,Grey,2.81,AMD Ryzen 7,475.82,90364.89,33.8,3.1
Dell,X1,10th Gen,32.0,256.0,Grey,1.29,AMD Ryzen 3,,124729.15,,2.6
Lenovo,14,12th Gen,,256.0,Grey,2.72,Intel Core i3,347.58,147058.96,31.62,4.3
Asus,14,11th Gen,4.0,256.0,Black,2.62,Intel Core i7,520.16,177025.66,18.95,3.2
Acer,15,12th Gen,8.0,1024.0,Silver,2.92,Intel Core i5,300.08,32738.75,22.1,3.0
Acer,X1,10th Gen,8.0,1024.0,Grey,2.38,AMD Ryzen 5,926.11,84029.14,19.17,3.2
Acer,VivoBook,12th Gen,16.0,512.0,White,2.83,AMD Ryzen 3,436.4,131515.32,5.47,4.5
Acer,14,11th Gen,16.0,512.0,Grey,1.38,Intel Core i7,681.35,119786.46,,3.1
Asus,X1,12th Gen,16.0,512.0,Grey,1.38,AMD Ryzen 7,325.62,45599.48,,3.4
Dell,VivoBook,10th Gen,32.0,256.0,White,1.76,AMD Ryzen 3,,95802.83,,3.8
Hp,16,10th Gen,4.0,256.0,Black,1.6,AMD Ryzen 7,473.64,150897.82,,2.8
Lenovo,15,10th Gen,32.0,512.0,White,2.56,Intel Core i7,793.2,74669.18,,4.7
Dell,15,13th Gen,16.0,1024.0,Silver,1.37,Intel Core i3,,22259.51,,3.2
Acer,16,10th Gen,32.0,512.0,Silver,2.76,Intel Core i5,,78059.91,,5.0
Lenovo,X1,11th Gen,32.0,512.0,White,1.77,AMD Ryzen 3,,53030.08,,3.6
Hp,VivoBook,12th Gen,12.0,256.0,Blue,1.76,Intel Core i3,,68409.42,1.44,3.7
Lenovo,14,11th Gen,8.0,256.0,Black,2.92,AMD Ryzen 5,,76575.91,27.7,3.2
Dell,14,12th Gen,16.0,512.0,White,2.03,AMD Ryzen 3,,109722.52,2.54,4.6
Hp,X1,11th Gen,12.0,256.0,Black,2.09,Intel Core i3,,60931.26,3.06,3.9
Lenovo,Inspiron,13th Gen,32.0,1024.0,Black,1.45,AMD Ryzen 7,,76389.39,,4.2
Lenovo,16,10th Gen,32.0,512.0,White,2.86,Intel Core i3,,102892.81,11.6,4.9
Lenovo,14,11th Gen,32.0,256.0,Grey,1.93,AMD Ryzen 3,438.11,119265.44,21.38,2.5
Lenovo,VivoBook,12th Gen,32.0,1024.0,Silver,,AMD Ryzen 7,650.99,121817.31,,3.3
Hp,15,13th Gen,32.0,1024.0,White,2.85,AMD Ryzen 7,,194838.45,,3.8
Hp,Inspiron,10th Gen,4.0,256.0,Silver,2.39,Intel Core i3,843.64,38134.68,,3.3
Hp,15,12th Gen,16.0,256.0,Blue,2.82,Intel Core i7,959.41,126389.43,23.79,2.7
Dell,VivoBook,10th Gen,32.0,256.0,Blue,1.8,AMD Ryzen 7,422.75,83438.09,34.18,3.3
Hp,VivoBook,12th Gen,32.0,1024.0,Silver,2.92,Intel Core i3,,114794.7,,3.3
Asus,Inspiron,11th Gen,4.0,1024.0,Grey,2.13,Intel Core i5,,131631.13,20.81,4.3
Hp,16,12th Gen,4.0,1024.0,Blue,2.81,AMD Ryzen 5,,52687.51,,3.9
Lenovo,14,10th Gen,16.0,256.0,Silver,2.82,AMD Ryzen 5,,52412.89,21.44,2.7
Acer,15,13th Gen,4.0,,Grey,1.44,Intel Core i7,922.6,66437.14,,5.0
Lenovo,X1,13th Gen,32.0,256.0,Black,1.49,AMD Ryzen 5,821.96,150013.83,42.64,2.7
Acer,15,10th Gen,8.0,1024.0,Grey,2.41,Intel Core i7,,171614.39,,4.1
Lenovo,15,13th Gen,12.0,512.0,Black,2.66,AMD Ryzen 5,930.98,28376.8,,4.4
Acer,15,11th Gen,12.0,1024.0,Grey,1.44,AMD Ryzen 3,,199315.1,,4.0
Hp,15,10th Gen,16.0,256.0,Grey,1.64,AMD Ryzen 5,,141866.46,2.78,2.5
Hp,16,13th Gen,4.0,256.0,Silver,1.42,Intel Core i3,448.36,199569.25,,4.8
Asus,15,12th Gen,32.0,512.0,Silver,2.0,Intel Core i5,244.51,22202.96,15.96,4.0
Hp,VivoBook,11th Gen,16.0,256.0,White,1.77,Intel Core i3,,75779.3,,4.5
Lenovo,VivoBook,12th Gen,4.0,1024.0,Blue,1.41,Intel Core i3,,32372.92,20.74,4.3
Lenovo,14,10th Gen,4.0,512.0,Blue,2.27,Intel Core i3,796.75,152753.59,25.32,4.4
Hp,16,11th Gen,32.0,256.0,Silver,1.32,AMD Ryzen 7,742.76,59536.52,32.43,3.5
Dell,Inspiron,10th Gen,32.0,1024.0,White,1.23,AMD Ryzen 5,,60297.54,,3.2
Asus,X1,10th Gen,16.0,256.0,White,2.84,AMD Ryzen 7,,181192.09,,2.5
Asus,Inspiron,13th Gen,32.0,512.0,White,1.92,Intel Core i3,,161325.56,14.14,3.1
Lenovo,16,12th Gen,16.0,256.0,Silver,1.78,AMD Ryzen 5,,170432.57,,4.6
Asus,VivoBook,12th Gen,8.0,1024.0,Grey,2.0,AMD Ryzen 7,461.31,107202.03,42.2,4.6
Acer,Inspiron,13th Gen,32.0,1024.0,Black,2.22,AMD Ryzen 5,,167361.74,12.65,5.0
Dell,X1,10th Gen,4.0,256.0,White,1.2,AMD Ryzen 3,592.71,118733.81,,4.9
Asus,X1,11th Gen,4.0,1024.0,White,2.76,Intel Core i3,572.49,135764.38,17.09,4.2
Hp,X1,13th Gen,32.0,256.0,Black,2.26,Intel Core i3,643.25,88388.92,,4.8
Acer,Inspiron,10th Gen,4.0,1024.0,Grey,1.97,AMD Ryzen 3,,55467.88,,2.8
Lenovo,X1,10th Gen,32.0,256.0,Silver,2.73,Intel Core i3,480.11,179605.73,,4.5
Acer,VivoBook,10th Gen,16.0,512.0,Silver,2.98,AMD Ryzen 3,,43340.12,,4.0
Asus,15,10th Gen,4.0,1024.0,White,2.67,AMD Ryzen 5,,152273.12,,3.2
Asus,VivoBook,13th Gen,12.0,1024.0,Silver,2.43,Intel Core i7,919.62,105039.2,,3.9
Hp,15,13th Gen,4.0,1024.0,White,1.95,AMD Ryzen 7,,47484.06,,4.4
Dell,16,12th Gen,32.0,512.0,White,1.45,Intel Core i5,137.86,26829.17,17.71,2.8
Acer,14,12th Gen,8.0,512.0,Silver,1.55,AMD Ryzen 3,726.39,170268.98,,3.9
Dell,X1,11th Gen,8.0,1024.0,Black,1.73,AMD Ryzen 3,210.95,63374.03,,4.1
Hp,16,11th Gen,32.0,1024.0,Blue,2.78,AMD Ryzen 5,471.67,135966.59,0.38,3.0
Asus,16,12th Gen,12.0,256.0,Silver,1.69,Intel Core i3,,122397.83,35.73,3.8
Acer,VivoBook,13th Gen,16.0,512.0,Silver,1.32,Intel Core i5,812.89,123882.1,1.53,4.1
Asus,14,12th Gen,16.0,512.0,Grey,1.22,AMD Ryzen 3,378.16,87153.73,18.65,4.0
Asus,X1,12th Gen,4.0,512.0,White,1.28,AMD Ryzen 7,501.37,172916.32,,4.0
Hp,VivoBook,12th Gen,4.0,256.0,Grey,1.76,Intel Core i5,,72022.1,47.01,4.2
Hp,15,13th Gen,12.0,256.0,Black,1.22,Intel Core i7,,151560.92,24.39,3.2
Acer,VivoBook,11th Gen,8.0,1024.0,White,2.15,AMD Ryzen 3,211.05,146436.04,7.68,4.8
Lenovo,Inspiron,10th Gen,32.0,1024.0,Blue,2.98,Intel Core i5,887.56,76032.89,,3.2
Hp,16,13th Gen,32.0,512.0,Blue,2.9,AMD Ryzen 5,748.04,180575.66,15.8,2.7
Hp,15,11th Gen,8.0,256.0,Silver,2.72,AMD Ryzen 7,508.73,20559.04,28.2,4.8
Acer,Inspiron,13th Gen,16.0,256.0,Black,1.29,Intel Core i3,,162788.85,43.35,4.6
Hp,X1,11th Gen,16.0,256.0,Silver,1.57,AMD Ryzen 3,,153554.5,,2.9
Acer,X1,12th Gen,16.0,256.0,White,1.79,AMD Ryzen 3,,139737.01,,3.0
Hp,14,12th Gen,12.0,512.0,Silver,2.27,Intel Core i5,,188957.76,,4.4
Asus,15,12th Gen,8.0,512.0,White,1.54,AMD Ryzen 3,839.29,99038.89,11.83,3.1
Hp,14,13th Gen,32.0,512.0,Black,1.78,Intel Core i7,,178859.81,,2.6
Acer,15,10th Gen,16.0,1024.0,Blue,1.4,AMD Ryzen 3,708.55,117787.67,9.6,3.4
Hp,16,11th Gen,32.0,256.0,White,2.37,Intel Core i5,488.46,186984.84,6.69,4.4
Lenovo,VivoBook,12th Gen,8.0,1024.0,Blue,2.11,Intel Core i5,392.29,194599.55,35.02,3.3
Acer,16,10th Gen,12.0,1024.0,Black,1.5,AMD Ryzen 3,,152821.82,,3.9
Acer,VivoBook,10th Gen,16.0,1024.0,Grey,2.27,AMD Ryzen 3,,92561.88,3.29,2.6
Acer,15,12th Gen,8.0,1024.0,Black,2.54,Intel Core i5,,26201.38,,3.3
Lenovo,15,10th Gen,32.0,1024.0,Grey,2.94,Intel Core i7,277.96,127976.04,,3.8
Asus,Inspiron,10th Gen,4.0,256.0,Black,2.58,Intel Core i7,,155014.28,6.07,3.9
Acer,X1,11th Gen,16.0,1024.0,Blue,2.67,AMD Ryzen 7,,157590.04,,4.3
Acer,X1,13th Gen,8.0,256.0,Silver,2.5,AMD Ryzen 5,161.13,171499.28,,3.1
Hp,15,10th Gen,12.0,1024.0,White,2.9,Intel Core i3,,31512.65,2.96,5.0
Acer,15,10th Gen,4.0,1024.0,Blue,1.23,AMD Ryzen 5,577.98,50920.93,40.68,3.1
Dell,Inspiron,13th Gen,12.0,1024.0,Silver,2.81,AMD Ryzen 3,,178094.38,,4.9
Asus,X1,13th Gen,32.0,512.0,Black,2.39,Intel Core i7,870.74,197282.86,,3.2
Lenovo,14,12th Gen,4.0,1024.0,Blue,2.02,,530.89,132497.05,,3.5
Hp,Inspiron,10th Gen,12.0,256.0,White,1.98,AMD Ryzen 3,571.93,42488.81,,2.8
Hp,VivoBook,10th Gen,16.0,512.0,Black,1.45,Intel Core i7,,187764.26,,3.1
Hp,15,12th Gen,32.0,1024.0,White,2.26,AMD Ryzen 3,,125031.57,,3.4
Hp,X1,10th Gen,12.0,512.0,Blue,1.82,Intel Core i3,777.86,96357.92,44.31,4.9
Acer,14,10th Gen,8.0,1024.0,White,1.77,AMD Ryzen 5,297.35,59288.83,26.03,3.8
Hp,14,10th Gen,8.0,256.0,Black,1.86,Intel Core i3,705.37,128278.79,,2.6
Lenovo,Inspiron,12th Gen,12.0,256.0,White,1.53,Intel Core i3,,40024.05,,3.5
Lenovo,Inspiron,10th Gen,12.0,1024.0,Silver,2.58,AMD Ryzen 7,253.78,193017.65,,3.6
Acer,Inspiron,10th Gen,32.0,1024.0,White,2.2,AMD Ryzen 7,,161878.9,,4.9
Hp,Inspiron,10th Gen,16.0,512.0,Black,2.69,Intel Core i5,,115475.75,,5.0
Dell,X1,11th Gen,12.0,512.0,Black,2.63,AMD Ryzen 3,,38987.17,,4.2
Dell,Inspiron,12th Gen,12.0,512.0,Black,1.76,Intel Core i7,451.15,178614.88,,2.6
Lenovo,VivoBook,11th Gen,4.0,512.0,Black,2.93,AMD Ryzen 7,805.67,40287.96,,3.7
Asus,16,12th Gen,16.0,512.0,Blue,2.08,Intel Core i5,,74553.76,15.03,3.6
Dell,X1,10th Gen,8.0,256.0,White,1.83,AMD Ryzen 3,,40467.29,45.84,3.4
Asus,14,13th Gen,8.0,512.0,Blue,2.8,AMD Ryzen 3,,142316.09,,4.7
Acer,15,10th Gen,32.0,512.0,Silver,2.66,Intel Core i3,979.41,35971.78,30.23,3.8
Lenovo,VivoBook,12th Gen,32.0,512.0,Blue,2.07,Intel Core i7,485.93,49208.23,,4.3
Acer,15,11th Gen,8.0,512.0,Blue,1.54,Intel Core i5,588.71,30242.06,,4.3
Hp,16,10th Gen,16.0,256.0,Grey,2.6,AMD Ryzen 3,961.79,123765.33,,4.3
Hp,VivoBook,11th Gen,8.0,256.0,Grey,1.47,AMD Ryzen 3,,152041.48,,3.7
Hp,Inspiron,10th Gen,32.0,512.0,White,2.09,Intel Core i7,,23060.49,,3.2
Asus,VivoBook,12th Gen,12.0,512.0,Black,2.34,AMD Ryzen 3,,145763.89,8.81,3.0
Acer,X1,12th Gen,32.0,1024.0,White,2.97,AMD Ryzen 5,,108210.47,30.76,2.7
Asus,16,13th Gen,4.0,1024.0,Grey,1.69,AMD Ryzen 7,904.47,131766.59,47.8,2.5
Acer,15,12th Gen,4.0,512.0,Black,1.62,AMD Ryzen 5,892.82,94409.01,36.89,3.6
Acer,X1,13th Gen,4.0,256.0,White,1.98,AMD Ryzen 7,634.99,150476.52,,5.0
Dell,15,11th Gen,16.0,512.0,Black,2.88,AMD Ryzen 7,,186952.39,,2.8
Acer,14,11th Gen,4.0,,Black,1.42,AMD Ryzen 3,625.09,83506.99,,3.5
Hp,14,10th Gen,12.0,512.0,White,2.0,AMD Ryzen 5,935.78,184977.72,,3.1
Hp,X1,12th Gen,32.0,1024.0,Grey,2.99,AMD Ryzen 3,,146543.66,33.83,4.9
Asus,Inspiron,10th Gen,12.0,256.0,Blue,2.92,Intel Core i5,,168820.01,33.35,3.8
Acer,X1,10th Gen,4.0,512.0,Silver,1.28,Intel Core i3,,198764.96,32.26,2.8
Lenovo,16,11th Gen,8.0,1024.0,Black,2.8,Intel Core i5,984.94,86499.03,,2.6
Acer,VivoBook,13th Gen,8.0,1024.0,White,2.05,Intel Core i5,,105093.8,39.7,3.5
Dell,Inspiron,13th Gen,4.0,1024.0,Blue,1.3,Intel Core i3,,149031.94,1.86,3.9
Asus,16,11th Gen,4.0,512.0,White,2.14,AMD Ryzen 3,,118937.59,22.72,4.8
Hp,X1,10th Gen,32.0,512.0,Silver,1.29,Intel Core i3,,58005.71,1.48,4.2
Asus,15,13th Gen,32.0,1024.0,White,2.65,Intel Core i7,182.65,54467.19,,3.5
Dell,Inspiron,11th Gen,4.0,512.0,Blue,2.55,AMD Ryzen 3,361.55,86244.13,45.12,2.8
Hp,14,11th Gen,12.0,256.0,White,2.04,AMD Ryzen 3,,102699.09,,2.6
Hp,14,13th Gen,32.0,1024.0,White,2.35,AMD Ryzen 7,383.39,110799.84,,4.0
Acer,15,12th Gen,4.0,1024.0,White,2.93,AMD Ryzen 3,,135089.42,,2.8
Asus,Inspiron,10th Gen,8.0,512.0,Blue,2.27,AMD Ryzen 5,995.86,172043.71,,3.1
Acer,16,11th Gen,4.0,256.0,Black,1.71,Intel Core i7,,76816.76,2.73,4.4
Acer,15,11th Gen,8.0,1024.0,Black,2.95,AMD Ryzen 7,548.55,20692.77,,4.4
Dell,14,12th Gen,,1024.0,White,1.22,AMD Ryzen 3,,91292.07,49.75,4.1
Lenovo,14,13th Gen,16.0,512.0,Grey,2.43,AMD Ryzen 3,,61205.99,,4.5
Hp,Inspiron,11th Gen,8.0,1024.0,Blue,,Intel Core i3,372.73,183038.62,29.39,4.9
Lenovo,VivoBook,10th Gen,4.0,512.0,White,1.7,AMD Ryzen 7,263.16,138880.79,,4.0
Asus,15,11th Gen,16.0,256.0,Blue,1.71,AMD Ryzen 5,,181068.83,,3.0
Lenovo,14,10th Gen,32.0,1024.0,White,1.84,AMD Ryzen 7,,56740.56,,2.8
Dell,15,10th Gen,4.0,256.0,Black,2.96,AMD Ryzen 7,,84356.69,19.26,4.9
Hp,Inspiron,12th Gen,16.0,256.0,Silver,2.96,AMD Ryzen 3,,141682.86,42.91,3.3
Dell,VivoBook,11th Gen,4.0,1024.0,Grey,2.66,Intel Core i5,,148212.61,48.07,3.4
Acer,14,11th Gen,8.0,1024.0,White,1.76,AMD Ryzen 3,,187936.72,32.45,3.3
Acer,16,13th Gen,4.0,512.0,White,1.99,AMD Ryzen 5,358.84,181951.93,47.87,3.2
Asus,Inspiron,11th Gen,12.0,256.0,Silver,2.65,AMD Ryzen 5,,181275.35,,2.7
Acer,15,10th Gen,32.0,512.0,Grey,1.82,Intel Core i5,,160466.72,3.09,4.8
Lenovo,Inspiron,12th Gen,16.0,256.0,Silver,2.31,Intel Core i5,482.46,124161.09,24.64,3.6
Acer,VivoBook,10th Gen,32.0,512.0,Silver,2.84,AMD Ryzen 3,,86022.97,1.69,3.8
Dell,Inspiron,10th Gen,8.0,512.0,Grey,2.32,AMD Ryzen 7,203.34,99711.55,,4.3
Asus,Inspiron,13th Gen,12.0,512.0,Silver,1.3,AMD Ryzen 7,154.68,192378.13,33.22,3.0
Hp,VivoBook,13th Gen,16.0,1024.0,White,2.89,,472.65,165404.22,,4.1
Acer,14,10th Gen,16.0,512.0,Blue,2.96,AMD Ryzen 5,,103596.37,8.62,3.2
Dell,VivoBook,11th Gen,4.0,256.0,Blue,1.52,AMD Ryzen 5,,184576.25,46.16,2.7
Dell,14,12th Gen,8.0,256.0,White,1.32,Intel Core i7,,89370.63,9.11,3.8
Dell,16,12th Gen,4.0,1024.0,Silver,2.78,Intel Core i3,852.53,188480.07,23.99,3.9
Asus,Inspiron,11th Gen,16.0,256.0,Grey,1.35,AMD Ryzen 7,,69424.21,,4.5
Dell,X1,11th Gen,12.0,256.0,Blue,2.58,AMD Ryzen 3,,125184.08,18.38,4.2
Hp,16,10th Gen,32.0,512.0,Black,2.8,Intel Core i7,,99353.37,,3.1
Asus,15,13th Gen,8.0,1024.0,Black,2.9,AMD Ryzen 3,894.49,88097.87,,3.9
Lenovo,Inspiron,10th Gen,16.0,1024.0,Grey,1.25,Intel Core i5,,176178.72,,3.2
Acer,16,13th Gen,16.0,512.0,Grey,2.23,AMD Ryzen 7,,166897.42,32.67,4.2
Lenovo,14,11th Gen,32.0,512.0,Blue,1.67,Intel Core i5,901.14,184593.43,1.78,4.0
Asus,Inspiron,12th Gen,12.0,1024.0,Silver,2.41,Intel Core i3,262.37,109032.12,,4.7
Asus,16,12th Gen,32.0,1024.0,White,2.07,AMD Ryzen 7,531.57,80825.44,,3.3
Lenovo,14,13th Gen,32.0,1024.0,Silver,2.78,Intel Core i3,,182170.62,15.16,2.7
Dell,X1,13th Gen,32.0,256.0,Silver,2.13,AMD Ryzen 7,,31450.04,9.39,3.0
Hp,Inspiron,13th Gen,8.0,1024.0,Grey,1.99,AMD Ryzen 3,734.51,190049.63,46.07,4.0
Hp,16,11th Gen,8.0,512.0,Grey,2.16,Intel Core i5,783.03,82650.88,,2.7
Acer,15,10th Gen,12.0,1024.0,Grey,1.75,Intel Core i7,,196765.04,,4.8
Asus,Inspiron,12th Gen,8.0,256.0,Grey,1.73,Intel Core i7,692.41,78014.2,,4.6
Asus,X1,10th Gen,4.0,1024.0,Grey,1.22,AMD Ryzen 7,406.33,37305.73,,2.9
Hp,14,10th Gen,4.0,512.0,Black,2.37,AMD Ryzen 3,900.21,38847.97,42.76,3.8
Acer,15,11th Gen,16.0,256.0,Black,2.2,AMD Ryzen 7,926.59,116847.16,,3.1
Dell,Inspiron,12th Gen,16.0,1024.0,Blue,2.89,AMD Ryzen 5,,58207.01,48.94,3.9
Hp,X1,12th Gen,12.0,512.0,Silver,1.41,AMD Ryzen 3,,24725.82,,4.7
Dell,VivoBook,11th Gen,12.0,1024.0,Grey,1.65,Intel Core i5,483.11,46183.91,43.52,2.6
Dell,X1,11th Gen,32.0,512.0,Silver,2.48,AMD Ryzen 5,323.22,107375.06,,3.6
Asus,14,13th Gen,16.0,1024.0,Black,2.31,Intel Core i7,,54112.02,,4.5
Dell,Inspiron,12th Gen,8.0,512.0,White,1.42,AMD Ryzen 3,,186854.98,,3.9
Acer,VivoBook,10th Gen,16.0,512.0,Blue,1.95,AMD Ryzen 3,246.6,59529.78,26.16,4.7
Hp,Inspiron,11th Gen,8.0,1024.0,White,1.7,Intel Core i5,353.14,178357.61,40.33,3.7
Lenovo,14,10th Gen,4.0,256.0,Blue,2.85,Intel Core i3,,44101.11,11.85,4.5
Asus,15,10th Gen,4.0,512.0,Grey,2.05,Intel Core i3,871.28,91818.51,,4.8
Hp,16,12th Gen,16.0,256.0,Silver,1.92,Intel Core i3,938.86,188848.98,,3.4
Acer,X1,10th Gen,16.0,512.0,Grey,1.23,AMD Ryzen 5,885.7,185267.49,20.0,3.9
Dell,VivoBook,10th Gen,12.0,1024.0,Black,2.67,Intel Core i3,,103671.47,,4.5
Acer,X1,11th Gen,32.0,256.0,Grey,1.91,Intel Core i5,,59648.69,,3.5
Asus,Inspiron,12th Gen,4.0,512.0,Black,1.49,Intel Core i5,,48364.89,,3.0
Acer,16,10th Gen,12.0,512.0,Black,1.76,Intel Core i3,711.47,159666.01,,2.6
Asus,15,12th Gen,32.0,1024.0,Black,1.71,Intel Core i5,,47978.52,,4.0
Hp,X1,10th Gen,16.0,1024.0,Black,2.48,Intel Core i7,278.38,151004.32,24.31,4.6
Acer,16,12th Gen,32.0,512.0,Silver,2.27,AMD Ryzen 3,555.18,38731.93,,4.0
Hp,VivoBook,13th Gen,32.0,256.0,White,1.82,Intel Core i5,,168572.77,11.76,3.0
Asus,VivoBook,11th Gen,12.0,512.0,Silver,1.9,AMD Ryzen 5,,43794.0,20.92,4.5
Dell,VivoBook,10th Gen,32.0,512.0,White,1.47,AMD Ryzen 5,,58821.57,42.91,3.4
Acer,X1,10th Gen,4.0,512.0,White,2.54,AMD Ryzen 5,814.08,93105.75,38.37,3.0
Hp,Inspiron,13th Gen,8.0,256.0,Black,1.85,Intel Core i7,489.04,35009.96,14.49,3.1
Acer,15,11th Gen,12.0,256.0,Black,1.79,Intel Core i7,,102571.87,,4.6
Lenovo,15,13th Gen,16.0,512.0,Blue,2.79,AMD Ryzen 7,871.9,45917.95,,2.9
Asus,16,11th Gen,8.0,512.0,Blue,2.63,Intel Core i3,619.94,76942.76,,4.1
Asus,15,13th Gen,16.0,1024.0,Black,1.37,AMD Ryzen 3,,134821.12,8.06,4.7
Asus,X1,10th Gen,16.0,1024.0,Grey,1.53,Intel Core i7,,47408.02,46.96,2.9
Dell,14,12th Gen,8.0,1024.0,Blue,2.53,Intel Core i7,,93608.61,,3.8
Hp,Inspiron,11th Gen,4.0,256.0,White,2.41,Intel Core i5,299.34,120567.44,,4.2
Asus,15,10th Gen,16.0,512.0,Grey,2.13,AMD Ryzen 3,583.28,146171.75,35.69,3.5
Hp,Inspiron,11th Gen,16.0,1024.0,White,1.3,AMD Ryzen 7,,88422.5,44.17,3.3
Dell,15,11th Gen,8.0,1024.0,Grey,1.87,Intel Core i7,,72950.99,24.19,3.6
Asus,16,10th Gen,32.0,512.0,Grey,2.12,Intel Core i5,,132156.34,,2.5
Dell,X1,11th Gen,8.0,1024.0,Black,2.66,AMD Ryzen 7,,123817.33,,3.9
Acer,14,12th Gen,4.0,1024.0,Black,1.68,Intel Core i7,668.36,20317.72,,2.9
Asus,15,12th Gen,16.0,256.0,Black,2.8,AMD Ryzen 3,,100046.99,,2.6
Acer,Inspiron,11th Gen,32.0,1024.0,Black,1.89,Intel Core i3,917.58,93385.69,,2.7
Lenovo,16,10th Gen,4.0,1024.0,Blue,2.87,Intel Core i3,,59053.34,,3.9
Lenovo,VivoBook,11th Gen,16.0,256.0,Blue,2.18,AMD Ryzen 3,,25406.61,27.39,3.8
Hp,Inspiron,13th Gen,8.0,256.0,Blue,1.65,AMD Ryzen 7,455.16,133916.02,,4.1
Asus,X1,11th Gen,16.0,512.0,White,1.88,Intel Core i3,728.58,31154.92,,5.0
Acer,VivoBook,13th Gen,16.0,512.0,White,2.1,Intel Core i3,,112573.5,,3.4
Asus,X1,11th Gen,32.0,512.0,Black,1.93,AMD Ryzen 7,,179810.04,44.67,3.2
Hp,16,13th Gen,8.0,512.0,Black,2.57,Intel Core i7,,21522.15,,3.0
Lenovo,Inspiron,10th Gen,16.0,512.0,Blue,2.71,AMD Ryzen 7,,45034.08,,3.0
Acer,15,13th Gen,32.0,1024.0,White,1.29,AMD Ryzen 5,,194418.48,,3.6
Acer,15,13th Gen,32.0,512.0,Blue,2.48,Intel Core i7,493.67,145456.48,38.12,3.9
Asus,VivoBook,11th Gen,32.0,256.0,Blue,2.61,Intel Core i7,723.1,35982.59,26.04,3.5
Asus,16,12th Gen,4.0,256.0,Blue,1.72,AMD Ryzen 5,,161114.64,17.76,2.6
Acer,16,13th Gen,12.0,512.0,Blue,2.05,Intel Core i3,453.82,42470.73,,3.2
Acer,14,11th Gen,16.0,512.0,Black,2.77,AMD Ryzen 3,491.42,137519.82,,3.5
Lenovo,VivoBook,12th Gen,32.0,512.0,Black,2.93,AMD Ryzen 5,,80589.05,0.94,4.2
Lenovo,15,10th Gen,8.0,256.0,Black,2.74,AMD Ryzen 7,177.99,62177.6,33.77,4.1
Lenovo,14,11th Gen,8.0,256.0,White,2.18,AMD Ryzen 5,637.1,166820.72,,4.5
Hp,X1,10th Gen,12.0,1024.0,White,1.26,AMD Ryzen 3,300.4,116574.47,,4.4
Dell,X1,11th Gen,16.0,512.0,Black,1.24,Intel Core i3,934.92,93781.92,,4.8
Dell,15,13th Gen,8.0,256.0,Blue,2.91,AMD Ryzen 5,,187107.33,3.29,3.9
Acer,16,11th Gen,8.0,256.0,Black,1.27,AMD Ryzen 3,,80485.44,,4.6
Lenovo,16,10th Gen,32.0,256.0,Grey,2.98,AMD Ryzen 3,,45894.87,,3.7
Dell,15,12th Gen,16.0,256.0,Silver,1.75,AMD Ryzen 5,,49877.97,,3.2
Hp,X1,10th Gen,16.0,1024.0,Black,1.8,Intel Core i5,,24464.0,21.13,4.7
Dell,16,10th Gen,8.0,256.0,Silver,2.46,AMD Ryzen 5,606.96,122066.2,41.83,4.6
Lenovo,X1,11th Gen,8.0,512.0,Silver,2.09,AMD Ryzen 3,,156327.91,34.47,2.8
Acer,VivoBook,13th Gen,,1024.0,Black,1.7,AMD Ryzen 3,253.39,188595.24,,2.7
Dell,Inspiron,10th Gen,16.0,512.0,Silver,2.98,AMD Ryzen 7,925.32,63738.92,28.43,2.9
Lenovo,15,12th Gen,16.0,512.0,Blue,2.54,Intel Core i3,475.93,53373.96,40.65,4.8
Lenovo,14,10th Gen,8.0,256.0,White,2.33,AMD Ryzen 5,,195690.69,,3.8
Lenovo,X1,11th Gen,12.0,1024.0,White,1.84,AMD Ryzen 3,252.56,135528.72,20.36,4.9
Hp,14,10th Gen,16.0,1024.0,Blue,2.88,AMD Ryzen 3,688.18,149514.44,49.06,3.6
Lenovo,15,10th Gen,8.0,256.0,Blue,2.69,Intel Core i7,562.78,94718.63,18.59,2.5
Acer,14,10th Gen,4.0,512.0,Black,1.48,Intel Core i3,171.78,74565.92,,4.7
Asus,14,13th Gen,12.0,1024.0,White,1.82,Intel Core i5,,147664.49,,4.4
Lenovo,X1,13th Gen,32.0,512.0,Black,2.36,Intel Core i7,481.0,123036.1,34.4,2.8
Asus,14,10th Gen,12.0,1024.0,White,2.15,AMD Ryzen 7,,26382.54,29.66,3.2
Acer,14,13th Gen,8.0,512.0,White,2.75,AMD Ryzen 7,,187446.66,,4.9
Asus,VivoBook,12th Gen,16.0,512.0,Grey,1.52,AMD Ryzen 7,,36712.45,,2.8
Acer,X1,12th Gen,4.0,512.0,Silver,2.88,AMD Ryzen 5,417.96,88043.59,35.24,4.4
Asus,14,10th Gen,4.0,512.0,Black,1.49,AMD Ryzen 7,603.74,56539.81,32.4,3.6
Dell,16,10th Gen,8.0,256.0,Blue,2.5,AMD Ryzen 7,,174054.74,39.54,3.4
Lenovo,15,13th Gen,32.0,1024.0,Black,1.48,Intel Core i3,,178727.64,30.15,4.3
Lenovo,VivoBook,13th Gen,4.0,1024.0,Silver,2.78,Intel Core i3,748.27,31766.41,14.35,4.4
Lenovo,16,12th Gen,16.0,512.0,Silver,2.67,Intel Core i7,,96572.6,,4.4
Dell,15,12th Gen,32.0,1024.0,Black,1.39,AMD Ryzen 3,834.34,134239.15,19.14,3.1
Dell,16,12th Gen,8.0,512.0,Black,2.46,Intel Core i7,419.48,191533.98,,2.8
Hp,VivoBook,12th Gen,8.0,512.0,Grey,1.64,AMD Ryzen 3,,162664.13,24.49,4.7
Lenovo,Inspiron,12th Gen,8.0,1024.0,Blue,2.81,Intel Core i3,,149865.96,,3.0
Hp,16,13th Gen,8.0,256.0,Black,1.95,Intel Core i5,,48586.59,14.95,4.8
Asus,VivoBook,13th Gen,32.0,1024.0,Black,1.94,Intel Core i7,,92562.23,45.94,2.7
Asus,15,11th Gen,12.0,512.0,Blue,1.2,AMD Ryzen 7,,149574.66,15.18,4.1
Asus,Inspiron,12th Gen,16.0,512.0,Black,2.17,AMD Ryzen 7,,46254.06,37.1,3.7
Lenovo,X1,11th Gen,4.0,1024.0,Black,1.77,AMD Ryzen 5,,47468.82,,3.2
Hp,15,11th Gen,32.0,512.0,White,2.42,AMD Ryzen 3,,116890.14,45.75,4.6
Acer,X1,12th Gen,32.0,1024.0,Grey,2.45,Intel Core i5,184.12,179674.29,,3.0
Hp,Inspiron,10th Gen,32.0,1024.0,Black,2.84,AMD Ryzen 7,857.01,46344.45,38.82,3.4
Acer,16,11th Gen,12.0,1024.0,Silver,2.61,AMD Ryzen 7,,168131.46,38.21,4.1
Lenovo,VivoBook,10th Gen,32.0,1024.0,Silver,2.38,Intel Core i3,484.9,180594.76,,2.7
Hp,16,13th Gen,12.0,256.0,Silver,1.95,Intel Core i5,,68958.7,,2.8
Hp,16,13th Gen,4.0,512.0,Black,1.85,Intel Core i7,954.33,132149.15,11.68,2.7
Asus,X1,13th Gen,32.0,256.0,Grey,1.44,Intel Core i5,,169827.11,,3.5
Acer,Inspiron,11th Gen,32.0,256.0,Blue,1.62,Intel Core i5,,53517.46,,4.9
Asus,15,10th Gen,,1024.0,Blue,1.73,AMD Ryzen 3,498.84,142474.0,28.77,4.2
Asus,VivoBook,10th Gen,8.0,1024.0,Blue,2.64,AMD Ryzen 7,,53915.57,,3.5
Asus,14,12th Gen,4.0,256.0,Black,2.56,Intel Core i7,777.68,120259.83,,2.5
Lenovo,VivoBook,13th Gen,4.0,256.0,White,2.42,Intel Core i3,274.24,29686.62,37.66,3.8
Acer,X1,10th Gen,32.0,1024.0,Silver,2.93,Intel Core i7,,168709.83,,2.9
Asus,16,10th Gen,32.0,1024.0,Silver,1.41,AMD Ryzen 7,,34181.22,,3.2
Hp,15,11th Gen,12.0,256.0,Grey,2.41,Intel Core i3,,109279.91,,3.6
Asus,16,13th Gen,4.0,256.0,Black,2.45,Intel Core i3,,165036.76,29.94,4.4
Acer,Inspiron,12th Gen,4.0,512.0,Blue,2.53,AMD Ryzen 3,116.72,81445.17,2.11,3.4
Lenovo,16,13th Gen,32.0,256.0,Grey,1.66,AMD Ryzen 3,,95190.48,31.54,4.6
Hp,X1,11th Gen,32.0,512.0,White,2.61,Intel Core i3,,89098.43,,4.2
Asus,15,12th Gen,16.0,512.0,Blue,2.85,Intel Core i5,187.16,104052.59,,4.1
Lenovo,VivoBook,10th Gen,8.0,1024.0,Black,1.27,Intel Core i7,287.77,100601.39,,3.5
Dell,Inspiron,11th Gen,12.0,1024.0,Black,2.4,Intel Core i5,742.58,136168.3,31.48,4.5
Acer,15,12th Gen,16.0,512.0,White,1.36,Intel Core i3,,163045.37,28.23,4.3
Lenovo,X1,11th Gen,4.0,256.0,Grey,,Intel Core i3,311.38,86837.26,4.06,3.9
Dell,Inspiron,11th Gen,16.0,512.0,Black,1.31,Intel Core i7,,151532.79,4.3,3.8
Lenovo,16,10th Gen,4.0,1024.0,Silver,2.25,AMD Ryzen 5,,32366.61,5.0,2.6
Dell,X1,11th Gen,32.0,1024.0,White,1.33,Intel Core i7,,28172.14,,4.0
Acer,15,13th Gen,16.0,512.0,Black,2.17,AMD Ryzen 3,,81114.65,12.21,2.8
Hp,Inspiron,10th Gen,8.0,512.0,Silver,1.41,Intel Core i5,429.33,28928.68,,4.3
Acer,X1,10th Gen,16.0,1024.0,White,2.62,AMD Ryzen 5,,130318.4,39.72,2.9
Acer,VivoBook,10th Gen,12.0,1024.0,Blue,1.55,AMD Ryzen 3,133.99,78012.24,,4.4
Asus,Inspiron,13th Gen,16.0,256.0,Silver,1.3,AMD Ryzen 7,208.89,75239.93,17.2,4.7
Dell,Inspiron,13th Gen,16.0,1024.0,Silver,1.21,Intel Core i5,,70826.59,,3.4
Hp,Inspiron,13th Gen,4.0,256.0,Silver,1.38,Intel Core i5,,185658.37,9.84,4.8
Dell,15,13th Gen,16.0,512.0,Black,2.96,Intel Core i3,,175215.25,18.51,3.2
Hp,15,11th Gen,8.0,256.0,Black,2.35,Intel Core i3,,135811.61,16.58,3.4
Asus,X1,12th Gen,16.0,1024.0,Blue,1.49,Intel Core i7,,146486.7,21.1,3.1
Lenovo,X1,13th Gen,16.0,1024.0,Grey,1.81,Intel Core i5,,71003.55,,3.1
Dell,Inspiron,13th Gen,16.0,1024.0,Black,2.75,Intel Core i5,,157121.88,,4.4
Lenovo,X1,11th Gen,12.0,1024.0,Blue,1.27,AMD Ryzen 3,,167904.62,40.99,4.0
Asus,VivoBook,13th Gen,4.0,1024.0,Grey,2.85,Intel Core i3,,97128.96,,4.7
Acer,15,11th Gen,8.0,512.0,Silver,2.09,Intel Core i7,,89631.06,,3.7
Asus,X1,12th Gen,12.0,512.0,Blue,2.73,Intel Core i7,,103407.0,23.24,4.2
Asus,VivoBook,11th Gen,,256.0,White,1.54,AMD Ryzen 5,,142582.14,32.62,3.3
Hp,15,11th Gen,16.0,1024.0,Black,1.36,Intel Core i5,993.43,183443.23,,4.5
Dell,X1,10th Gen,32.0,256.0,Black,1.48,Intel Core i3,797.95,61581.3,24.43,3.9
Dell,14,10th Gen,12.0,1024.0,Black,2.16,Intel Core i5,,182282.54,18.72,4.5
Lenovo,VivoBook,12th Gen,8.0,1024.0,Grey,1.3,AMD Ryzen 7,105.57,61383.55,14.04,2.8
Acer,16,11th Gen,8.0,512.0,Silver,1.76,AMD Ryzen 3,,186975.27,8.34,3.3
Dell,X1,11th Gen,16.0,256.0,Silver,1.98,AMD Ryzen 3,100.15,71493.85,16.02,4.0
Lenovo,15,11th Gen,32.0,256.0,Black,2.78,,,62489.05,48.1,4.6
Acer,15,12th Gen,8.0,512.0,Black,2.57,AMD Ryzen 7,,73841.8,0.03,3.0
Hp,X1,11th Gen,8.0,1024.0,Black,2.98,AMD Ryzen 3,799.6,65565.28,17.1,3.9
Asus,VivoBook,11th Gen,8.0,256.0,Grey,1.96,AMD Ryzen 3,,61326.21,,3.3
Hp,VivoBook,12th Gen,16.0,1024.0,Silver,2.11,AMD Ryzen 5,658.25,79588.02,,4.1
Asus,Inspiron,13th Gen,16.0,1024.0,Blue,2.86,AMD Ryzen 3,705.69,197694.54,,4.8
Lenovo,VivoBook,11th Gen,16.0,512.0,Black,1.23,Intel Core i5,,83938.79,,4.5
Lenovo,Inspiron,13th Gen,4.0,512.0,Silver,1.51,Intel Core i7,761.92,134352.65,15.95,3.1
Asus,Inspiron,10th Gen,12.0,512.0,White,1.74,Intel Core i3,,148325.2,6.07,4.7
Acer,16,11th Gen,8.0,512.0,Silver,2.2,Intel Core i5,,50416.84,20.06,3.8
Dell,X1,11th Gen,16.0,1024.0,Blue,2.38,Intel Core i7,259.66,166231.2,,3.4
Lenovo,15,11th Gen,12.0,1024.0,Silver,2.72,Intel Core i5,985.96,174830.85,3.2,4.4
Hp,VivoBook,12th Gen,4.0,1024.0,Silver,1.47,AMD Ryzen 5,,50340.27,,3.4
Asus,16,11th Gen,8.0,512.0,White,1.97,Intel Core i7,,55302.02,,4.8
Acer,16,12th Gen,8.0,1024.0,Silver,1.4,Intel Core i7,,72137.6,,2.8
Hp,15,13th Gen,4.0,256.0,Black,1.53,Intel Core i7,919.63,71184.08,,3.7
Lenovo,14,13th Gen,4.0,1024.0,Black,1.25,AMD Ryzen 7,,45781.43,33.17,3.4
Asus,X1,10th Gen,4.0,256.0,White,1.93,Intel Core i3,,110010.59,,3.9
Lenovo,Inspiron,10th Gen,16.0,256.0,Silver,2.89,AMD Ryzen 5,111.13,109606.66,,3.7
Hp,Inspiron,13th Gen,12.0,512.0,Silver,1.45,Intel Core i5,,170736.85,,3.8
Lenovo,VivoBook,11th Gen,12.0,1024.0,Silver,2.05,Intel Core i7,,93973.57,,5.0
Asus,VivoBook,11th Gen,12.0,256.0,Blue,2.28,AMD Ryzen 5,,193412.88,4.07,4.7
Hp,X1,13th Gen,8.0,512.0,Silver,1.89,Intel Core i3,,189884.48,19.84,2.6
Lenovo,Inspiron,10th Gen,4.0,256.0,Blue,1.78,AMD Ryzen 7,166.34,188481.63,,3.4
Acer,16,12th Gen,16.0,512.0,White,2.25,Intel Core i7,921.42,94302.26,,3.0
Hp,X1,11th Gen,4.0,256.0,Silver,2.46,AMD Ryzen 3,,165912.52,,2.9
Acer,14,12th Gen,8.0,1024.0,Grey,1.6,AMD Ryzen 5,,100544.07,,4.8
Lenovo,16,10th Gen,4.0,256.0,Grey,2.7,AMD Ryzen 5,936.8,189956.37,6.6,3.3
Hp,14,11th Gen,12.0,1024.0,White,1.62,AMD Ryzen 7,839.91,56712.9,39.77,4.0
Dell,16,10th Gen,8.0,512.0,Black,1.37,AMD Ryzen 5,,167884.62,24.81,4.2
Hp,16,13th Gen,4.0,256.0,Grey,1.84,AMD Ryzen 7,,98072.35,43.59,3.1
Acer,16,13th Gen,16.0,256.0,Blue,2.38,AMD Ryzen 7,,63968.28,,3.6
Lenovo,VivoBook,10th Gen,12.0,1024.0,Black,1.99,AMD Ryzen 5,,158157.38,49.43,4.2
Lenovo,15,10th Gen,32.0,1024.0,White,1.7,Intel Core i7,732.27,70406.04,16.02,3.4
Asus,14,12th Gen,8.0,512.0,Black,2.66,AMD Ryzen 7,,115089.21,24.89,3.8
Lenovo,16,10th Gen,4.0,512.0,Black,1.62,Intel Core i3,,61588.15,,4.2
Acer,VivoBook,13th Gen,4.0,256.0,Grey,1.81,Intel Core i5,605.09,30268.2,31.8,3.7
Hp,X1,12th Gen,16.0,1024.0,Blue,1.91,AMD Ryzen 3,,177360.91,,4.8
Dell,16,13th Gen,12.0,256.0,Silver,1.69,Intel Core i3,,181777.95,,2.7
Dell,Inspiron,11th Gen,4.0,512.0,Blue,1.88,AMD Ryzen 3,,22379.01,34.31,2.6
Asus,15,10th Gen,16.0,256.0,Silver,2.02,Intel Core i3,536.32,23527.91,34.63,3.9
Lenovo,Inspiron,12th Gen,8.0,256.0,Black,2.56,AMD Ryzen 5,744.74,188461.54,,3.1
Dell,14,11th Gen,16.0,512.0,Black,2.79,Intel Core i7,,96656.2,43.94,3.5
Asus,Inspiron,11th Gen,4.0,512.0,Blue,2.41,AMD Ryzen 3,,85554.98,11.48,4.0
Asus,VivoBook,13th Gen,32.0,256.0,White,2.93,AMD Ryzen 3,,23219.13,,4.9
Lenovo,15,12th Gen,12.0,512.0,Silver,1.65,AMD Ryzen 3,,143745.36,43.16,4.9
Hp,Inspiron,11th Gen,4.0,1024.0,White,1.91,AMD Ryzen 3,254.17,84215.7,,4.6
Lenovo,X1,13th Gen,4.0,1024.0,White,1.42,Intel Core i5,,148398.7,20.18,4.9
Hp,16,12th Gen,8.0,512.0,White,1.55,Intel Core i5,316.19,119692.03,43.33,3.1
Dell,16,10th Gen,8.0,512.0,White,1.75,Intel Core i7,,119089.46,4.85,4.4
Hp,Inspiron,12th Gen,32.0,1024.0,Black,1.94,AMD Ryzen 7,,33875.38,,3.7
Lenovo,15,11th Gen,16.0,256.0,Blue,2.31,Intel Core i7,,156222.37,,3.1
Lenovo,Inspiron,10th Gen,8.0,256.0,Black,1.81,Intel Core i3,,121281.07,,2.8
Dell,16,11th Gen,8.0,,Grey,2.56,Intel Core i3,255.08,68793.68,,3.0
Acer,14,11th Gen,12.0,256.0,Silver,2.98,Intel Core i3,807.11,81706.51,,3.7
Lenovo,VivoBook,10th Gen,16.0,1024.0,White,2.6,Intel Core i5,886.24,89832.09,,4.7
Dell,VivoBook,10th Gen,16.0,1024.0,White,2.06,Intel Core i5,523.79,68858.65,,4.7
Acer,VivoBook,12th Gen,16.0,1024.0,Grey,1.22,Intel Core i5,579.62,125699.2,,2.8
Dell,Inspiron,13th Gen,32.0,256.0,Black,1.32,AMD Ryzen 3,,40092.59,25.18,2.8
Acer,X1,10th Gen,12.0,1024.0,Blue,2.13,Intel Core i3,,68436.03,,4.0
Hp,16,11th Gen,12.0,512.0,Black,2.44,AMD Ryzen 3,,152999.66,15.94,4.1
Lenovo,14,11th Gen,12.0,256.0,Black,2.75,AMD Ryzen 3,329.77,55701.86,48.0,5.0
Asus,14,11th Gen,12.0,1024.0,Blue,2.54,Intel Core i7,,174847.88,,2.9
Hp,16,12th Gen,32.0,1024.0,Black,1.68,Intel Core i7,,22432.81,35.0,4.8
Acer,14,13th Gen,16.0,512.0,White,2.24,AMD Ryzen 3,,136869.49,,4.0
Hp,Inspiron,13th Gen,4.0,1024.0,Grey,2.49,AMD Ryzen 3,,54631.74,,2.9
Hp,VivoBook,10th Gen,4.0,256.0,Silver,2.86,AMD Ryzen 3,,85837.7,15.23,4.2
Lenovo,X1,13th Gen,12.0,512.0,Black,1.93,AMD Ryzen 3,,24396.81,33.75,3.9
Asus,14,10th Gen,32.0,256.0,Blue,1.72,AMD Ryzen 5,,43248.61,,4.2
Acer,VivoBook,13th Gen,32.0,1024.0,Grey,2.11,Intel Core i5,,132855.44,24.6,4.1
Hp,16,13th Gen,16.0,256.0,White,1.83,AMD Ryzen 5,341.92,136673.11,14.5,4.0
Acer,16,12th Gen,4.0,256.0,Silver,2.44,Intel Core i5,,151308.11,44.65,3.7
Hp,Inspiron,10th Gen,12.0,256.0,White,1.42,AMD Ryzen 7,,56762.55,,2.6
Acer,16,12th Gen,16.0,256.0,Grey,1.31,AMD Ryzen 3,,87976.12,35.78,3.7
Asus,Inspiron,13th Gen,4.0,256.0,Silver,2.97,Intel Core i3,946.77,192165.28,,4.2
Dell,15,10th Gen,4.0,256.0,Black,2.52,AMD Ryzen 7,365.9,146688.64,18.75,3.8
Dell,Inspiron,13th Gen,16.0,1024.0,Grey,1.76,AMD Ryzen 3,673.37,167377.44,21.27,4.9
Hp,16,11th Gen,4.0,1024.0,Grey,1.98,AMD Ryzen 3,,101316.86,,3.3
Dell,15,10th Gen,8.0,256.0,Silver,2.21,AMD Ryzen 3,,90810.79,,4.2
Asus,X1,11th Gen,16.0,1024.0,Black,2.27,Intel Core i5,,92900.08,49.47,3.0
Dell,X1,10th Gen,8.0,1024.0,White,2.67,Intel Core i5,976.9,109455.15,,4.7
Lenovo,16,11th Gen,32.0,1024.0,Blue,1.84,Intel Core i7,476.94,41323.65,,4.6
Lenovo,16,10th Gen,16.0,512.0,Black,1.76,AMD Ryzen 7,,52134.3,35.64,4.5
Lenovo,16,11th Gen,16.0,512.0,Black,2.05,AMD Ryzen 5,933.2,22738.61,,2.8
Asus,Inspiron,13th Gen,8.0,1024.0,Blue,1.82,Intel Core i3,,80940.66,29.52,3.3
Hp,14,10th Gen,8.0,512.0,Black,2.17,AMD Ryzen 5,975.41,135371.96,19.6,3.5
Asus,VivoBook,13th Gen,4.0,1024.0,Silver,2.83,AMD Ryzen 7,825.69,104692.56,,2.7
Acer,14,10th Gen,32.0,256.0,Black,2.92,Intel Core i5,446.81,138265.01,,2.9
Acer,X1,12th Gen,8.0,256.0,Blue,1.37,Intel Core i7,253.41,43342.11,,4.9
Asus,14,12th Gen,4.0,1024.0,Silver,2.37,Intel Core i5,363.81,113000.88,13.24,3.4
Hp,14,10th Gen,4.0,1024.0,Grey,1.31,AMD Ryzen 7,,82020.36,18.01,4.3
Asus,VivoBook,11th Gen,12.0,512.0,Blue,1.53,AMD Ryzen 3,875.98,138478.14,,4.1
Asus,VivoBook,13th Gen,16.0,256.0,Black,1.28,Intel Core i7,,172892.64,,2.7
Acer,VivoBook,11th Gen,16.0,256.0,Black,2.09,Intel Core i7,,146469.87,45.69,3.3
Hp,15,13th Gen,8.0,256.0,Blue,2.66,Intel Core i3,,47161.49,,3.0
Asus,16,13th Gen,8.0,1024.0,White,2.44,Intel Core i7,,112329.15,,4.0
Acer,15,10th Gen,32.0,1024.0,White,1.54,AMD Ryzen 7,,108549.25,,4.3
Hp,14,10th Gen,12.0,1024.0,Blue,2.76,AMD Ryzen 7,,156949.17,,2.5
Acer,X1,11th Gen,12.0,512.0,White,2.72,AMD Ryzen 7,420.51,182737.01,18.03,3.5
Hp,16,12th Gen,4.0,1024.0,Silver,2.29,AMD Ryzen 3,,78560.07,,2.7
Acer,15,13th Gen,12.0,1024.0,Grey,1.32,Intel Core i3,126.47,27327.92,,4.0
Acer,15,10th Gen,8.0,256.0,White,1.43,Intel Core i5,,77098.45,41.96,2.7
Acer,15,11th Gen,8.0,512.0,Black,1.79,Intel Core i3,,85718.36,,4.7
Acer,VivoBook,11th Gen,32.0,256.0,Grey,,Intel Core i3,798.2,113433.28,19.36,4.4
Asus,16,10th Gen,16.0,512.0,Black,2.1,AMD Ryzen 7,,96500.47,,4.6
Hp,16,10th Gen,12.0,1024.0,White,2.5,AMD Ryzen 7,820.2,61888.38,,2.7
Dell,16,11th Gen,16.0,1024.0,White,2.13,Intel Core i3,227.87,66713.02,29.31,4.9
Dell,16,13th Gen,4.0,1024.0,Grey,2.24,Intel Core i3,,41175.62,,4.2
Dell,VivoBook,11th Gen,12.0,512.0,Blue,2.17,AMD Ryzen 7,905.74,154482.4,,4.8
Lenovo,16,11th Gen,8.0,1024.0,Blue,2.52,AMD Ryzen 3,,152234.14,4.23,3.6
Asus,14,12th Gen,16.0,1024.0,Grey,2.63,Intel Core i5,792.46,176885.85,,2.7
Dell,16,11th Gen,8.0,512.0,White,2.2,AMD Ryzen 3,521.06,70268.41,8.82,4.8
Lenovo,Inspiron,11th Gen,16.0,1024.0,White,2.84,Intel Core i5,332.69,23208.6,9.56,2.9
Dell,16,12th Gen,8.0,1024.0,Black,,,,115547.2,19.83,2.6
Dell,15,10th Gen,12.0,512.0,Black,2.26,Intel Core i5,907.41,65393.73,,4.4
Asus,14,13th Gen,8.0,512.0,Blue,2.53,AMD Ryzen 3,109.93,181621.97,,3.0
Dell,Inspiron,13th Gen,12.0,1024.0,White,2.73,Intel Core i5,746.96,169219.49,,3.8
Dell,Inspiron,11th Gen,4.0,256.0,Blue,2.49,Intel Core i5,,117851.81,45.05,2.9
Hp,Inspiron,10th Gen,4.0,,Black,1.63,AMD Ryzen 5,,106921.58,13.26,4.5
Acer,VivoBook,11th Gen,4.0,512.0,Grey,1.55,Intel Core i5,,72618.69,,3.5
Dell,15,13th Gen,4.0,512.0,White,2.65,AMD Ryzen 3,,27512.78,12.44,4.8
Hp,Inspiron,10th Gen,8.0,1024.0,Silver,2.53,AMD Ryzen 3,,47948.7,,3.3
Acer,X1,11th Gen,4.0,1024.0,Grey,1.49,AMD Ryzen 7,,128481.14,38.18,3.5
Lenovo,X1,13th Gen,4.0,256.0,Blue,2.1,AMD Ryzen 7,206.28,20525.71,,3.9
Acer,14,12th Gen,12.0,256.0,White,1.68,Intel Core i7,,148739.82,15.77,4.1
Hp,X1,11th Gen,32.0,1024.0,White,2.74,AMD Ryzen 5,271.63,62710.05,45.23,4.1
Lenovo,15,12th Gen,4.0,1024.0,White,2.27,AMD Ryzen 3,283.99,111013.07,,3.2
Lenovo,16,11th Gen,16.0,512.0,Silver,1.54,AMD Ryzen 3,509.56,178387.21,44.98,2.8
Hp,14,13th Gen,4.0,256.0,Black,1.77,Intel Core i7,657.84,184812.41,,3.3
Hp,14,12th Gen,4.0,256.0,Silver,1.96,Intel Core i5,,76415.62,,3.4
Hp,14,13th Gen,8.0,256.0,White,1.89,Intel Core i3,,104914.27,45.78,3.9
Lenovo,X1,13th Gen,12.0,256.0,Blue,2.36,AMD Ryzen 7,866.21,151243.77,19.02,4.8
Acer,16,13th Gen,12.0,1024.0,Blue,2.07,AMD Ryzen 3,,45904.57,7.43,2.7
Asus,X1,11th Gen,4.0,1024.0,White,1.6,Intel Core i3,981.56,189684.69,,2.9
Lenovo,15,13th Gen,8.0,1024.0,Blue,2.36,AMD Ryzen 3,,108427.87,34.67,3.4
Lenovo,VivoBook,10th Gen,12.0,1024.0,White,1.93,Intel Core i5,789.15,187148.7,,3.3
Dell,16,12th Gen,4.0,512.0,Silver,1.2,AMD Ryzen 3,482.31,25515.59,14.77,5.0
Lenovo,14,12th Gen,4.0,512.0,Black,1.33,Intel Core i3,976.21,155930.68,2.92,4.9
Acer,VivoBook,10th Gen,12.0,1024.0,Black,2.59,Intel Core i7,,139914.13,37.34,4.9
Asus,Inspiron,10th Gen,4.0,1024.0,White,1.49,Intel Core i7,,120199.55,,3.8
Dell,15,10th Gen,12.0,256.0,Blue,2.5,Intel Core i3,857.9,191687.82,,3.2
Acer,16,12th Gen,8.0,1024.0,Silver,2.61,Intel Core i7,,97727.4,5.07,4.0
Asus,14,12th Gen,32.0,256.0,Silver,1.65,Intel Core i7,205.78,88503.99,,3.0
Lenovo,Inspiron,11th Gen,32.0,256.0,Blue,3.0,Intel Core i5,,70898.87,,3.6
Dell,15,11th Gen,32.0,256.0,Silver,2.8,AMD Ryzen 3,539.24,138621.3,,2.6
Hp,16,10th Gen,4.0,512.0,Blue,1.41,AMD Ryzen 3,,125410.23,17.64,3.5
Dell,X1,10th Gen,8.0,1024.0,Grey,1.71,Intel Core i5,789.13,92695.18,,3.7
Asus,14,12th Gen,12.0,1024.0,Grey,1.79,Intel Core i3,626.29,183102.94,,4.9
Dell,VivoBook,12th Gen,8.0,1024.0,Blue,2.59,AMD Ryzen 7,287.78,39641.59,,3.8
Lenovo,14,13th Gen,8.0,1024.0,Blue,2.18,AMD Ryzen 7,609.2,175932.79,10.11,3.9
Asus,15,13th Gen,32.0,256.0,Grey,2.39,Intel Core i5,815.22,145503.33,,2.7
Lenovo,X1,12th Gen,32.0,1024.0,White,1.27,Intel Core i3,,31925.72,,2.5
Acer,16,12th Gen,32.0,512.0,Grey,2.58,Intel Core i5,,158824.07,,2.5
Asus,Inspiron,11th Gen,12.0,256.0,Blue,2.63,Intel Core i3,165.85,74404.68,,3.4
Asus,VivoBook,13th Gen,4.0,512.0,Silver,2.68,Intel Core i5,984.97,120304.66,,3.3
Acer,16,13th Gen,4.0,512.0,White,2.54,,,173021.85,,4.1
Asus,VivoBook,11th Gen,4.0,512.0,White,2.81,AMD Ryzen 7,,98986.51,,4.3
Asus,14,12th Gen,4.0,512.0,Grey,1.95,AMD Ryzen 7,,93405.26,19.17,2.6
Asus,15,13th Gen,12.0,1024.0,Silver,1.25,AMD Ryzen 5,,164650.36,49.67,2.6
Hp,16,10th Gen,12.0,256.0,Black,2.12,AMD Ryzen 3,,131117.98,47.51,3.4
Lenovo,VivoBook,13th Gen,8.0,256.0,Grey,2.11,AMD Ryzen 7,,178279.44,,4.6
Acer,15,10th Gen,8.0,1024.0,Blue,1.76,AMD Ryzen 7,,125647.55,22.66,3.4
Asus,Inspiron,12th Gen,8.0,256.0,Blue,2.17,AMD Ryzen 7,626.74,25814.72,8.01,4.7
Hp,X1,13th Gen,32.0,256.0,Black,1.32,AMD Ryzen 3,929.29,93071.94,,4.8
Lenovo,X1,11th Gen,8.0,512.0,Silver,1.69,Intel Core i5,,40535.99,,4.3
Lenovo,Inspiron,13th Gen,32.0,1024.0,Blue,2.8,AMD Ryzen 5,,103689.63,,2.6
Hp,14,11th Gen,32.0,1024.0,White,1.32,Intel Core i5,,103894.94,43.77,4.7
Lenovo,14,13th Gen,32.0,1024.0,Black,2.15,Intel Core i7,,71903.93,43.31,4.1
Lenovo,Inspiron,11th Gen,16.0,1024.0,Grey,2.65,Intel Core i5,792.75,104462.28,,3.7
Acer,16,11th Gen,4.0,512.0,Blue,2.59,AMD Ryzen 7,959.25,148441.08,,4.5
Lenovo,14,10th Gen,12.0,256.0,Grey,2.15,AMD Ryzen 5,,105938.96,,4.7
Lenovo,14,13th Gen,8.0,,Blue,1.39,Intel Core i3,240.15,179999.72,44.65,4.6
Hp,VivoBook,10th Gen,12.0,256.0,White,2.57,AMD Ryzen 3,210.71,196282.26,,4.7
Lenovo,15,11th Gen,4.0,1024.0,Black,2.63,Intel Core i7,,64702.52,19.82,3.9
Dell,15,10th Gen,32.0,256.0,Black,2.74,Intel Core i5,,63521.42,,4.3
Dell,X1,13th Gen,8.0,512.0,White,1.31,AMD Ryzen 5,369.13,52064.77,12.47,3.7
Lenovo,Inspiron,13th Gen,16.0,256.0,White,2.69,AMD Ryzen 7,220.33,178362.84,,3.8
Dell,VivoBook,10th Gen,16.0,512.0,Silver,1.66,Intel Core i3,404.84,110218.11,,3.5
Asus,16,13th Gen,32.0,512.0,Grey,2.56,Intel Core i7,,35593.9,,3.7
Dell,15,11th Gen,16.0,512.0,Grey,2.32,AMD Ryzen 3,621.17,55928.38,,4.1
Dell,14,12th Gen,4.0,512.0,Grey,1.35,AMD Ryzen 7,904.4,121456.33,15.25,3.4
Dell,15,11th Gen,16.0,1024.0,Grey,2.48,AMD Ryzen 5,891.41,152318.79,,3.3
Hp,X1,11th Gen,4.0,512.0,Grey,2.47,Intel Core i5,,188182.03,13.42,3.8
Acer,14,11th Gen,16.0,256.0,Silver,2.61,Intel Core i5,778.92,21681.46,14.53,3.8
Asus,Inspiron,13th Gen,8.0,256.0,Blue,2.04,AMD Ryzen 5,,59008.15,9.57,3.0
Dell,14,13th Gen,8.0,1024.0,Blue,1.95,AMD Ryzen 3,,51726.63,20.21,2.7
Hp,15,11th Gen,4.0,1024.0,Blue,2.88,Intel Core i5,750.35,110950.75,,4.0
Asus,X1,13th Gen,12.0,512.0,Silver,1.96,AMD Ryzen 5,291.75,198282.71,,3.6
Dell,14,11th Gen,8.0,256.0,Black,2.48,Intel Core i5,,120852.3,16.21,4.6
Hp,15,10th Gen,4.0,256.0,Grey,2.53,AMD Ryzen 7,983.01,93815.11,,3.2
Asus,X1,11th Gen,32.0,512.0,Silver,1.82,Intel Core i7,933.07,180150.38,,2.7
Asus,14,12th Gen,8.0,1024.0,Grey,2.14,Intel Core i5,581.81,131925.95,46.1,3.2
Dell,14,10th Gen,8.0,256.0,Silver,1.9,Intel Core i7,596.41,41908.96,,4.9
Asus,14,11th Gen,32.0,1024.0,Blue,1.93,AMD Ryzen 7,786.77,149762.8,,4.4
Hp,15,10th Gen,16.0,512.0,White,2.05,Intel Core i3,402.26,110867.27,,4.7
Hp,Inspiron,10th Gen,16.0,1024.0,Silver,1.3,AMD Ryzen 5,219.55,124394.01,,4.3
Acer,X1,12th Gen,8.0,256.0,White,2.85,AMD Ryzen 5,,49417.04,,2.8
Hp,16,10th Gen,4.0,1024.0,Black,2.49,Intel Core i3,,123219.01,,3.9
Acer,16,12th Gen,32.0,256.0,White,1.33,AMD Ryzen 3,,157638.3,,2.5
Acer,X1,10th Gen,12.0,512.0,Grey,2.65,AMD Ryzen 7,902.61,162730.54,1.7,3.5
Dell,Inspiron,11th Gen,8.0,256.0,Silver,1.9,AMD Ryzen 3,,182555.51,,3.1
Acer,14,11th Gen,16.0,256.0,Blue,1.95,AMD Ryzen 7,479.71,186358.3,,3.0
Asus,15,13th Gen,32.0,1024.0,White,1.24,AMD Ryzen 7,,32965.31,30.12,4.7
Asus,15,10th Gen,8.0,256.0,Grey,2.96,Intel Core i3,605.79,54391.69,,3.6
Acer,Inspiron,10th Gen,12.0,256.0,Grey,2.09,Intel Core i5,,33570.7,40.73,2.8
Lenovo,15,10th Gen,4.0,1024.0,Silver,1.73,Intel Core i7,936.03,80020.56,36.15,3.7
Lenovo,14,11th Gen,12.0,512.0,White,2.08,Intel Core i7,,40409.94,,3.2
Dell,15,13th Gen,16.0,512.0,Grey,1.27,Intel Core i7,,112472.93,34.01,2.8
Acer,VivoBook,13th Gen,8.0,1024.0,White,2.46,AMD Ryzen 5,121.75,197361.3,43.33,4.0
Acer,VivoBook,11th Gen,4.0,1024.0,Black,2.62,AMD Ryzen 3,,41066.22,26.49,4.2
Acer,X1,10th Gen,12.0,1024.0,Silver,2.56,AMD Ryzen 3,264.94,124936.42,23.14,4.2
Asus,16,12th Gen,12.0,256.0,Black,1.88,AMD Ryzen 7,,146053.1,9.91,4.7
Hp,16,13th Gen,12.0,512.0,Blue,1.69,Intel Core i3,,141994.45,,3.2
Lenovo,16,10th Gen,16.0,256.0,Black,2.81,AMD Ryzen 7,,68226.08,,3.7
Hp,Inspiron,10th Gen,12.0,1024.0,White,1.98,Intel Core i5,,82538.83,,3.8
Acer,16,11th Gen,8.0,256.0,Blue,1.96,Intel Core i5,498.31,59793.41,,4.6
Asus,Inspiron,12th Gen,16.0,1024.0,Grey,1.85,Intel Core i7,928.07,47668.42,28.56,3.8
Asus,VivoBook,10th Gen,12.0,512.0,Grey,2.43,AMD Ryzen 3,,67671.35,,2.9
Lenovo,16,11th Gen,8.0,256.0,White,2.81,Intel Core i7,,122525.92,21.37,4.6
Dell,VivoBook,12th Gen,4.0,512.0,Blue,2.31,AMD Ryzen 5,,57482.99,,3.3
Lenovo,15,11th Gen,32.0,512.0,Black,1.98,AMD Ryzen 7,552.51,190306.59,5.31,3.1
Asus,X1,11th Gen,12.0,1024.0,Silver,2.53,Intel Core i3,,140855.38,,3.0
Dell,X1,13th Gen,16.0,512.0,Silver,1.85,AMD Ryzen 7,,167688.93,,4.7
Asus,16,10th Gen,16.0,512.0,Black,1.65,AMD Ryzen 3,389.99,50913.42,9.02,4.0
Hp,VivoBook,10th Gen,4.0,256.0,Silver,2.14,AMD Ryzen 3,,102507.54,,3.6
Lenovo,Inspiron,13th Gen,32.0,1024.0,Blue,2.11,AMD Ryzen 3,979.77,33740.65,,4.0
Hp,16,10th Gen,12.0,1024.0,Blue,1.82,Intel Core i5,565.55,179052.71,,4.3
Lenovo,14,11th Gen,8.0,1024.0,Black,1.58,AMD Ryzen 3,349.38,67912.57,,4.5
Lenovo,15,12th Gen,12.0,512.0,White,2.72,AMD Ryzen 3,,88765.28,,2.9
Dell,Inspiron,12th Gen,8.0,1024.0,Grey,1.93,Intel Core i7,,112796.51,,3.8
Lenovo,15,11th Gen,8.0,1024.0,Silver,1.72,Intel Core i5,171.0,78102.05,,4.1
Lenovo,Inspiron,12th Gen,4.0,1024.0,White,1.79,AMD Ryzen 5,,66225.65,49.8,4.6
Dell,VivoBook,10th Gen,8.0,512.0,Grey,1.52,Intel Core i7,387.85,106587.1,,4.5
Acer,X1,11th Gen,16.0,256.0,Blue,1.92,Intel Core i7,539.25,25965.78,19.82,5.0
Acer,Inspiron,10th Gen,4.0,256.0,Black,2.82,Intel Core i3,,188095.1,,4.1
Asus,16,12th Gen,4.0,256.0,Silver,2.47,AMD Ryzen 5,763.94,152380.22,17.43,5.0
Dell,16,12th Gen,4.0,256.0,Blue,2.55,Intel Core i3,296.75,114728.57,,4.4
Asus,15,12th Gen,12.0,1024.0,Grey,1.3,AMD Ryzen 3,,77107.82,10.23,4.5
Asus,Inspiron,12th Gen,,256.0,Silver,2.73,Intel Core i5,546.27,116285.24,28.74,2.5
Acer,X1,10th Gen,4.0,512.0,Black,1.93,AMD Ryzen 7,,164516.37,12.46,4.3
Hp,Inspiron,13th Gen,12.0,1024.0,Silver,1.91,Intel Core i3,256.67,173653.73,18.3,3.7
Asus,X1,10th Gen,8.0,256.0,Silver,1.31,AMD Ryzen 5,524.48,64692.39,,4.4
Acer,16,13th Gen,32.0,1024.0,Blue,1.98,Intel Core i3,,24396.92,31.52,4.4
Hp,14,13th Gen,16.0,256.0,Grey,1.61,Intel Core i5,998.71,71392.22,11.35,4.1
Asus,X1,13th Gen,8.0,512.0,Blue,1.99,Intel Core i7,,50965.48,39.63,3.0
Acer,16,10th Gen,16.0,256.0,Silver,2.1,Intel Core i3,,163220.73,,2.9
Acer,16,11th Gen,16.0,512.0,White,1.3,Intel Core i7,195.24,163184.26,,2.9
Acer,14,11th Gen,12.0,256.0,White,1.79,Intel Core i5,,161138.6,,2.5
Dell,VivoBook,10th Gen,12.0,256.0,Grey,1.57,AMD Ryzen 7,,122645.87,41.89,4.3
Lenovo,VivoBook,10th Gen,16.0,256.0,Black,2.36,AMD Ryzen 3,,100858.91,,4.3
Hp,VivoBook,10th Gen,16.0,512.0,Blue,2.5,Intel Core i3,355.51,103831.88,,3.0
Hp,X1,12th Gen,32.0,1024.0,Blue,2.87,Intel Core i3,443.6,161236.78,40.24,4.8
Acer,14,13th Gen,12.0,256.0,Grey,1.57,AMD Ryzen 5,458.85,45131.23,34.68,4.5
Acer,X1,12th Gen,32.0,512.0,Blue,2.34,AMD Ryzen 3,851.34,37682.99,,2.7
Asus,16,13th Gen,16.0,1024.0,White,1.31,Intel Core i3,369.46,182803.29,24.19,3.7
Acer,Inspiron,11th Gen,32.0,1024.0,Black,1.3,Intel Core i5,980.97,142877.23,38.94,3.1
Acer,X1,13th Gen,32.0,256.0,White,1.59,,,158818.72,,4.2
Hp,15,10th Gen,12.0,256.0,Black,2.41,AMD Ryzen 5,,89700.92,15.65,3.8
Acer,X1,13th Gen,16.0,512.0,Black,2.72,Intel Core i7,,129508.17,,3.2
Acer,14,10th Gen,4.0,1024.0,Silver,1.92,Intel Core i5,132.65,85625.96,,2.7
Lenovo,16,10th Gen,32.0,512.0,Blue,1.79,Intel Core i5,563.73,121711.11,28.02,2.8
Dell,16,12th Gen,4.0,1024.0,Blue,1.82,Intel Core i7,,139186.21,21.21,3.3
Lenovo,16,10th Gen,12.0,1024.0,Blue,1.45,AMD Ryzen 7,890.35,46194.5,17.94,2.7
Acer,14,11th Gen,12.0,1024.0,White,2.62,AMD Ryzen 7,106.22,46168.54,,3.1
Asus,VivoBook,10th Gen,16.0,1024.0,White,2.91,Intel Core i5,,36940.01,,3.3
Asus,Inspiron,13th Gen,8.0,1024.0,Silver,2.14,AMD Ryzen 5,,92278.26,26.86,4.2
Acer,14,13th Gen,12.0,1024.0,White,1.94,Intel Core i7,341.42,87870.9,27.11,4.4
Dell,16,13th Gen,32.0,256.0,Blue,2.06,Intel Core i5,,184020.98,,4.5
Lenovo,X1,11th Gen,12.0,256.0,Grey,1.62,Intel Core i5,834.27,103454.02,48.02,4.6
Dell,16,11th Gen,16.0,1024.0,Blue,1.4,Intel Core i5,541.31,41933.4,,3.0
Lenovo,VivoBook,13th Gen,8.0,256.0,Grey,1.67,Intel Core i3,,69900.76,,5.0
Asus,Inspiron,13th Gen,16.0,1024.0,Grey,2.68,Intel Core i7,,147090.17,,4.0
Lenovo,Inspiron,10th Gen,16.0,256.0,White,2.05,Intel Core i7,,104402.08,,3.8
Acer,VivoBook,10th Gen,4.0,1024.0,Silver,2.92,Intel Core i7,,32663.82,22.04,4.3
Acer,VivoBook,10th Gen,16.0,1024.0,Blue,2.38,Intel Core i3,,192298.33,,3.4
Dell,14,11th Gen,4.0,512.0,Blue,1.22,AMD Ryzen 7,,61210.81,44.34,3.2
Asus,VivoBook,12th Gen,4.0,512.0,Black,1.92,Intel Core i5,603.15,99177.95,39.39,2.8
Acer,Inspiron,13th Gen,8.0,1024.0,White,2.57,Intel Core i7,,49067.83,,4.7
Lenovo,14,11th Gen,4.0,512.0,Black,2.59,Intel Core i5,,112294.06,,3.5
Dell,X1,10th Gen,32.0,256.0,Black,2.87,Intel Core i5,,168353.96,,4.2
Lenovo,VivoBook,11th Gen,4.0,512.0,Black,1.89,AMD Ryzen 5,639.71,190022.44,35.76,2.8
Acer,14,11th Gen,32.0,256.0,Silver,2.2,Intel Core i3,344.08,107530.68,,4.2
Acer,15,13th Gen,16.0,1024.0,Blue,1.53,AMD Ryzen 3,431.06,138407.26,,4.2
Lenovo,X1,12th Gen,8.0,512.0,Blue,1.75,Intel Core i3,463.08,172321.29,40.21,3.0
Lenovo,Inspiron,11th Gen,4.0,1024.0,Grey,2.66,Intel Core i5,,187883.1,,3.2
Asus,VivoBook,12th Gen,8.0,256.0,White,1.8,AMD Ryzen 3,972.86,45537.08,23.86,4.7
Acer,16,10th Gen,4.0,1024.0,Silver,1.58,Intel Core i7,190.68,95793.45,,3.3
Acer,16,13th Gen,12.0,1024.0,Grey,2.96,Intel Core i5,658.85,179699.46,,3.3
Hp,VivoBook,13th Gen,32.0,1024.0,Grey,2.47,Intel Core i5,,136621.83,43.55,3.5
Acer,15,13th Gen,4.0,512.0,Grey,2.33,AMD Ryzen 7,274.49,158277.15,8.2,4.9
Dell,VivoBook,11th Gen,16.0,512.0,White,2.5,Intel Core i7,178.31,28014.69,,3.8
Dell,16,10th Gen,8.0,256.0,Grey,2.1,AMD Ryzen 5,,121286.87,,3.6
Dell,16,10th Gen,32.0,512.0,White,2.52,Intel Core i5,103.41,123813.44,49.63,4.7
Dell,X1,13th Gen,32.0,256.0,Grey,1.55,AMD Ryzen 3,570.32,129180.73,,3.4
Hp,16,10th Gen,12.0,1024.0,Blue,2.12,Intel Core i5,,163145.0,,4.2
Dell,Inspiron,11th Gen,4.0,256.0,White,1.44,Intel Core i7,531.04,57940.01,3.05,3.6
Acer,14,11th Gen,16.0,1024.0,White,1.9,AMD Ryzen 3,389.94,86273.46,11.78,5.0
Dell,14,13th Gen,4.0,1024.0,Grey,1.65,Intel Core i7,,172207.33,37.7,4.7
Lenovo,Inspiron,10th Gen,32.0,1024.0,Grey,2.53,AMD Ryzen 5,650.88,54366.04,,2.9
Dell,Inspiron,10th Gen,8.0,512.0,Silver,2.44,Intel Core i7,,68067.36,,4.4
Dell,14,10th Gen,8.0,1024.0,Black,1.67,AMD Ryzen 5,918.16,172567.26,28.85,3.0
Lenovo,15,13th Gen,8.0,256.0,Grey,2.57,AMD Ryzen 3,262.89,117655.57,,4.3
Dell,15,10th Gen,4.0,512.0,Grey,1.37,Intel Core i7,,188543.75,,4.4
Lenovo,X1,12th Gen,32.0,512.0,White,1.59,AMD Ryzen 3,897.14,106731.73,23.31,3.0
Asus,14,11th Gen,32.0,512.0,Grey,1.22,AMD Ryzen 7,,175496.94,37.29,2.9
Asus,15,12th Gen,4.0,256.0,Black,1.42,Intel Core i5,,120650.87,11.59,3.0
Acer,X1,10th Gen,8.0,512.0,White,2.46,Intel Core i5,,174908.24,,3.9
Asus,Inspiron,11th Gen,4.0,256.0,Blue,2.37,Intel Core i3,,138484.74,,4.7
Lenovo,Inspiron,13th Gen,8.0,1024.0,Black,1.98,Intel Core i3,846.97,24671.3,,4.9
Hp,VivoBook,10th Gen,12.0,1024.0,White,2.53,AMD Ryzen 7,252.13,106265.58,,4.5
Lenovo,VivoBook,13th Gen,32.0,512.0,Grey,1.46,Intel Core i3,,170973.55,7.52,4.2
Hp,Inspiron,10th Gen,8.0,256.0,Black,2.77,Intel Core i5,,40990.35,26.66,4.5
Hp,16,12th Gen,12.0,1024.0,White,2.19,Intel Core i5,264.27,67425.13,40.24,4.3
Dell,14,13th Gen,4.0,256.0,Blue,2.37,Intel Core i5,761.35,158450.08,42.11,4.5
Acer,Inspiron,10th Gen,8.0,1024.0,Grey,2.81,Intel Core i3,,99001.74,8.24,3.9
Acer,14,11th Gen,16.0,512.0,White,2.31,Intel Core i7,624.36,73218.46,18.88,2.6
Dell,VivoBook,13th Gen,12.0,256.0,Grey,1.69,AMD Ryzen 3,,129618.94,,3.6
Lenovo,16,11th Gen,16.0,256.0,Grey,2.5,Intel Core i3,674.27,99938.44,46.07,4.2
Acer,15,13th Gen,16.0,512.0,Grey,1.41,AMD Ryzen 7,,165727.42,,3.1
Dell,Inspiron,11th Gen,8.0,1024.0,Grey,2.73,AMD Ryzen 5,252.41,114871.53,,2.7
Asus,15,11th Gen,,256.0,Black,2.61,Intel Core i7,449.22,192252.46,17.15,3.1
Asus,15,12th Gen,12.0,512.0,Blue,1.94,Intel Core i5,,79561.39,13.11,2.6
Hp,X1,10th Gen,8.0,256.0,Silver,1.94,AMD Ryzen 3,686.63,108650.87,28.27,3.7
Lenovo,VivoBook,12th Gen,16.0,1024.0,Blue,1.3,Intel Core i7,,34825.86,20.63,2.8
Hp,14,11th Gen,32.0,256.0,Blue,2.71,Intel Core i3,908.98,108137.03,,4.9
Acer,14,12th Gen,32.0,256.0,Black,2.29,AMD Ryzen 3,285.73,198083.75,42.99,4.9
Asus,VivoBook,13th Gen,32.0,512.0,Grey,2.19,Intel Core i5,537.26,84773.03,10.9,2.6
Dell,14,13th Gen,32.0,1024.0,White,1.8,AMD Ryzen 7,,36519.88,17.37,4.9
Dell,15,13th Gen,8.0,512.0,Grey,1.43,Intel Core i5,996.65,42820.69,15.08,3.0
Hp,Inspiron,13th Gen,32.0,256.0,Blue,2.28,Intel Core i3,,181426.51,,3.6
Acer,14,13th Gen,4.0,1024.0,Black,1.55,AMD Ryzen 7,849.51,31864.45,23.91,4.8
Asus,15,12th Gen,32.0,512.0,Silver,2.0,Intel Core i7,130.19,193505.0,,3.1
Acer,16,11th Gen,4.0,1024.0,Blue,1.89,AMD Ryzen 7,,158210.78,,4.4
Hp,Inspiron,11th Gen,4.0,512.0,Grey,2.02,Intel Core i5,593.21,30256.18,,2.8
Lenovo,VivoBook,12th Gen,32.0,512.0,Silver,1.78,AMD Ryzen 7,,85457.41,,4.3
Dell,15,13th Gen,32.0,1024.0,White,2.2,AMD Ryzen 7,553.04,166262.95,,4.6
Lenovo,15,10th Gen,32.0,512.0,Blue,2.68,Intel Core i5,,71607.01,36.87,4.0
Asus,Inspiron,10th Gen,32.0,1024.0,White,2.11,Intel Core i5,519.52,115111.24,14.13,4.6
Hp,15,13th Gen,8.0,256.0,Grey,1.33,Intel Core i3,,43304.37,,3.6
Asus,X1,12th Gen,4.0,256.0,White,1.22,Intel Core i7,319.58,96177.24,8.48,4.6
Dell,15,10th Gen,16.0,256.0,Grey,1.22,Intel Core i7,,108378.44,,4.7
Lenovo,15,12th Gen,32.0,512.0,Black,1.66,AMD Ryzen 5,708.37,28791.59,,2.6
Hp,X1,10th Gen,4.0,256.0,Blue,2.9,AMD Ryzen 3,409.63,143729.56,,4.4
Acer,14,13th Gen,16.0,512.0,Silver,2.84,AMD Ryzen 7,954.18,60164.06,5.5,4.9
Lenovo,Inspiron,13th Gen,12.0,256.0,Silver,2.85,AMD Ryzen 3,,180138.62,,3.0
Acer,14,11th Gen,32.0,1024.0,White,2.21,AMD Ryzen 3,,134738.02,,4.4
Lenovo,15,12th Gen,8.0,1024.0,Black,1.91,Intel Core i3,812.6,52152.85,,4.1
Dell,X1,12th Gen,12.0,256.0,Black,2.72,AMD Ryzen 5,,33335.72,22.87,2.9
Dell,VivoBook,10th Gen,12.0,256.0,Black,1.72,AMD Ryzen 3,884.94,122534.43,14.47,3.4
Lenovo,VivoBook,13th Gen,32.0,512.0,Blue,2.09,AMD Ryzen 5,650.7,70650.58,,2.8
Hp,X1,10th Gen,16.0,256.0,Grey,1.9,AMD Ryzen 5,,110025.52,,2.5
Hp,16,12th Gen,16.0,256.0,Grey,1.96,Intel Core i5,,34648.54,8.61,5.0
Hp,14,12th Gen,16.0,1024.0,Silver,1.4,AMD Ryzen 5,263.07,128244.17,,4.2
Lenovo,15,13th Gen,16.0,1024.0,Grey,2.21,AMD Ryzen 3,,151785.06,5.4,3.8
Dell,15,11th Gen,16.0,512.0,Black,2.29,AMD Ryzen 7,365.31,60186.41,,4.9
Lenovo,14,10th Gen,32.0,512.0,Black,2.71,AMD Ryzen 7,,188253.89,11.88,3.5
Acer,Inspiron,11th Gen,4.0,512.0,Black,1.84,AMD Ryzen 5,933.64,33155.48,,3.6
Acer,VivoBook,12th Gen,12.0,512.0,Blue,2.87,AMD Ryzen 5,742.69,189797.02,,5.0
Asus,VivoBook,13th Gen,16.0,1024.0,White,2.36,AMD Ryzen 5,584.35,31976.27,4.43,2.8
Hp,X1,11th Gen,8.0,512.0,Black,2.93,AMD Ryzen 5,815.15,133775.05,,4.8
Dell,14,13th Gen,12.0,512.0,Blue,2.86,AMD Ryzen 7,,81005.52,13.77,3.1
Dell,Inspiron,13th Gen,12.0,1024.0,White,2.23,Intel Core i7,878.24,41557.52,,3.4
Asus,X1,13th Gen,16.0,256.0,White,1.24,AMD Ryzen 3,200.01,67373.01,,2.6
Dell,15,12th Gen,32.0,256.0,White,1.82,Intel Core i7,800.38,126745.52,35.1,2.7
Hp,Inspiron,10th Gen,8.0,512.0,Silver,1.55,Intel Core i7,202.29,49861.41,,4.1
Dell,16,13th Gen,32.0,1024.0,Grey,2.03,AMD Ryzen 7,622.01,104159.77,,2.9
Hp,VivoBook,13th Gen,16.0,1024.0,Black,2.68,Intel Core i5,325.56,136039.17,,3.0
Lenovo,15,10th Gen,4.0,256.0,Blue,2.54,AMD Ryzen 5,,72901.03,,2.7
Dell,Inspiron,12th Gen,16.0,256.0,Blue,2.71,AMD Ryzen 7,,186112.68,,4.4
Asus,X1,11th Gen,16.0,1024.0,Black,2.74,Intel Core i7,827.91,158218.5,,3.0
Hp,Inspiron,12th Gen,8.0,512.0,Blue,1.37,AMD Ryzen 5,,26128.49,23.8,4.6
Dell,VivoBook,13th Gen,16.0,1024.0,Silver,1.39,AMD Ryzen 5,,128232.76,,3.5
Acer,Inspiron,10th Gen,8.0,256.0,White,1.29,AMD Ryzen 5,,39540.66,18.77,4.7
Hp,14,13th Gen,12.0,512.0,White,2.81,Intel Core i3,,62161.84,3.77,2.8
Dell,15,10th Gen,4.0,256.0,Silver,2.34,Intel Core i7,,135680.95,5.03,4.8
Acer,VivoBook,11th Gen,32.0,1024.0,Grey,2.88,AMD Ryzen 7,121.35,44664.98,2.42,3.7
Acer,X1,11th Gen,16.0,512.0,Grey,2.8,AMD Ryzen 3,,38662.49,18.18,3.2
Asus,15,10th Gen,8.0,512.0,White,1.9,Intel Core i3,808.14,103054.09,,4.7
Hp,X1,11th Gen,32.0,512.0,Blue,2.65,AMD Ryzen 3,,109985.16,6.86,4.7
Acer,X1,12th Gen,16.0,256.0,Grey,2.28,AMD Ryzen 3,,98504.18,35.25,3.5
Lenovo,16,12th Gen,4.0,256.0,Blue,2.76,Intel Core i3,,119985.75,,5.0
Lenovo,14,11th Gen,16.0,1024.0,Black,2.88,AMD Ryzen 5,,81398.91,,4.8
Dell,Inspiron,11th Gen,32.0,512.0,Blue,2.41,Intel Core i7,551.11,106286.09,,4.5
Dell,X1,11th Gen,8.0,256.0,Blue,1.35,AMD Ryzen 5,646.67,160818.88,,4.8
Asus,Inspiron,13th Gen,4.0,512.0,Silver,1.65,Intel Core i7,136.59,98208.83,12.64,4.0
Asus,14,12th Gen,16.0,1024.0,White,1.94,AMD Ryzen 7,,130761.19,17.91,4.1
Acer,15,12th Gen,12.0,256.0,White,2.94,Intel Core i3,,163456.01,44.1,2.6
Asus,X1,13th Gen,12.0,512.0,Black,2.94,Intel Core i5,,185954.14,14.3,4.5
Lenovo,14,13th Gen,32.0,256.0,Black,1.6,Intel Core i5,782.29,101561.8,,3.5
Dell,X1,11th Gen,4.0,1024.0,White,2.79,Intel Core i5,,125663.1,6.36,4.2
Asus,15,13th Gen,8.0,512.0,Black,2.25,AMD Ryzen 5,,64435.59,,4.7
Lenovo,16,10th Gen,12.0,1024.0,Black,1.83,AMD Ryzen 7,,69774.24,,4.9
Asus,14,11th Gen,12.0,1024.0,Grey,1.39,Intel Core i7,224.34,172064.75,28.43,4.7
Dell,16,11th Gen,8.0,1024.0,Blue,2.87,Intel Core i5,528.27,39282.97,45.91,3.6
Hp,14,10th Gen,12.0,1024.0,White,2.94,Intel Core i5,419.29,54165.79,,4.9
Hp,15,13th Gen,4.0,256.0,White,1.49,Intel Core i7,557.74,169317.52,,4.3
Dell,14,11th Gen,4.0,1024.0,Grey,2.95,Intel Core i3,,92537.55,38.37,3.0
Hp,16,13th Gen,12.0,512.0,Black,2.53,Intel Core i5,,134517.63,8.57,3.7
Dell,Inspiron,13th Gen,4.0,512.0,White,2.38,AMD Ryzen 3,,126583.03,32.59,2.9
Asus,X1,10th Gen,4.0,256.0,White,2.57,AMD Ryzen 7,,111078.41,,3.0
Dell,16,13th Gen,12.0,256.0,Black,2.79,Intel Core i3,,185373.66,49.54,3.8
Asus,15,13th Gen,4.0,256.0,Silver,1.88,Intel Core i5,,91903.94,14.62,4.0
Acer,14,10th Gen,4.0,1024.0,Blue,1.35,AMD Ryzen 5,128.06,170547.83,0.08,2.9
Asus,Inspiron,12th Gen,32.0,256.0,Blue,2.59,Intel Core i3,,118786.94,,3.3
Acer,VivoBook,10th Gen,32.0,1024.0,White,1.53,,,123631.71,26.94,2.5
Dell,VivoBook,10th Gen,16.0,256.0,Blue,2.74,AMD Ryzen 7,925.46,72649.49,49.78,3.1
Hp,16,12th Gen,8.0,,Grey,2.42,AMD Ryzen 7,,38427.79,,2.9
Acer,16,13th Gen,12.0,512.0,Blue,2.92,AMD Ryzen 7,,164279.89,,4.5
Hp,16,13th Gen,12.0,1024.0,Grey,2.62,AMD Ryzen 7,222.61,166967.56,6.89,3.4
Acer,X1,10th Gen,16.0,1024.0,White,2.96,AMD Ryzen 7,,139214.62,25.52,3.6
Hp,16,12th Gen,32.0,512.0,White,2.1,Intel Core i3,714.46,62872.38,,3.3
Lenovo,16,13th Gen,16.0,512.0,Black,1.29,Intel Core i7,721.59,169040.42,,2.7
Asus,VivoBook,13th Gen,4.0,512.0,Silver,2.55,Intel Core i5,236.66,87697.8,25.11,3.0
Dell,16,12th Gen,16.0,256.0,Blue,2.13,Intel Core i7,618.83,20855.3,,4.8
Asus,14,12th Gen,32.0,256.0,Black,1.61,AMD Ryzen 5,601.29,158317.13,48.24,2.5
Asus,X1,10th Gen,32.0,512.0,White,1.45,AMD Ryzen 3,,71464.62,,2.6
Hp,Inspiron,13th Gen,4.0,1024.0,White,2.83,Intel Core i5,987.52,82023.2,35.87,3.7
Lenovo,15,10th Gen,16.0,512.0,Silver,2.79,Intel Core i7,832.27,116039.79,,4.0
Acer,VivoBook,10th Gen,16.0,256.0,Black,2.52,AMD Ryzen 7,,53195.27,,4.9
Hp,Inspiron,13th Gen,12.0,512.0,Grey,1.91,Intel Core i7,851.03,53540.9,,4.2
Hp,15,12th Gen,16.0,256.0,Black,2.18,AMD Ryzen 7,261.72,144583.52,6.29,3.1
Hp,Inspiron,10th Gen,4.0,512.0,Grey,2.71,Intel Core i5,,109570.88,15.96,5.0
Asus,16,13th Gen,32.0,1024.0,Black,1.31,AMD Ryzen 3,310.03,49373.34,32.61,2.7
Hp,16,12th Gen,32.0,512.0,Grey,2.49,Intel Core i7,455.89,47046.4,,4.6
Lenovo,14,13th Gen,32.0,1024.0,White,1.73,AMD Ryzen 7,,47298.69,40.91,3.5
Dell,14,10th Gen,4.0,1024.0,White,1.53,AMD Ryzen 5,211.38,155190.3,32.89,3.7
Asus,15,10th Gen,16.0,512.0,Blue,2.63,AMD Ryzen 3,,40030.97,26.31,3.4
Acer,16,12th Gen,32.0,512.0,Grey,2.6,AMD Ryzen 5,364.22,25662.22,21.45,4.4
Hp,14,13th Gen,32.0,512.0,Grey,1.5,Intel Core i7,,47349.29,,4.1
Acer,Inspiron,13th Gen,16.0,256.0,Blue,2.78,AMD Ryzen 7,,42732.47,,3.6
Dell,Inspiron,11th Gen,4.0,512.0,Grey,2.5,AMD Ryzen 5,389.3,82792.4,46.77,4.3
Dell,15,12th Gen,16.0,512.0,White,2.87,AMD Ryzen 7,820.2,53375.2,26.61,4.0
Hp,15,11th Gen,32.0,512.0,Grey,1.8,AMD Ryzen 5,127.02,177377.58,32.02,4.1
Hp,14,11th Gen,8.0,1024.0,White,2.0,Intel Core i3,,197676.1,,4.6
Acer,16,12th Gen,4.0,256.0,White,1.33,AMD Ryzen 7,,162192.63,25.05,3.8
Hp,VivoBook,12th Gen,12.0,1024.0,White,2.31,Intel Core i7,,77152.08,16.31,4.6
Acer,15,10th Gen,12.0,512.0,White,1.26,AMD Ryzen 7,565.75,93997.59,41.49,4.7
Lenovo,14,11th Gen,8.0,256.0,Black,1.99,AMD Ryzen 5,373.89,29296.05,,2.6
Acer,Inspiron,13th Gen,4.0,512.0,Blue,2.74,Intel Core i7,,165752.32,44.44,4.0
Asus,Inspiron,10th Gen,8.0,256.0,Blue,2.06,Intel Core i3,,68843.97,,3.0
Dell,15,10th Gen,8.0,512.0,Silver,2.46,AMD Ryzen 5,,98941.37,27.11,2.8
Asus,15,11th Gen,32.0,,Silver,2.83,Intel Core i3,589.05,113086.23,,3.9
Dell,X1,10th Gen,32.0,256.0,Silver,2.15,AMD Ryzen 7,,181286.37,48.15,2.9
Lenovo,16,12th Gen,16.0,512.0,Black,2.67,Intel Core i5,931.79,45966.11,,4.2
Asus,16,13th Gen,4.0,1024.0,Grey,2.85,AMD Ryzen 3,872.44,115923.87,41.88,2.9
Asus,16,11th Gen,12.0,512.0,Blue,1.89,AMD Ryzen 5,,111609.91,,3.5
Acer,14,12th Gen,4.0,256.0,White,2.65,Intel Core i3,,82346.58,,3.5
Hp,X1,13th Gen,8.0,512.0,Blue,2.42,Intel Core i7,,83194.11,,4.8
Hp,15,12th Gen,8.0,256.0,Black,2.41,AMD Ryzen 5,,35909.8,,4.1
Lenovo,15,11th Gen,4.0,512.0,Black,1.56,Intel Core i5,,42322.93,,2.6
Lenovo,15,10th Gen,16.0,256.0,Grey,1.63,AMD Ryzen 7,433.86,176015.17,6.58,4.2
Hp,14,12th Gen,12.0,256.0,Silver,1.83,Intel Core i5,,30886.26,11.69,2.7
Acer,Inspiron,12th Gen,32.0,512.0,White,1.24,Intel Core i5,226.98,43571.7,,4.6
Hp,16,13th Gen,4.0,512.0,White,1.59,AMD Ryzen 7,,152890.89,23.53,4.6
Hp,Inspiron,11th Gen,32.0,256.0,Grey,1.7,Intel Core i7,,173747.88,2.22,3.7
Asus,16,11th Gen,12.0,512.0,Grey,1.57,AMD Ryzen 5,444.12,73077.71,,2.8
Asus,X1,11th Gen,16.0,512.0,Grey,2.68,Intel Core i3,281.5,64443.85,17.44,3.8
Asus,VivoBook,10th Gen,8.0,256.0,Blue,1.88,AMD Ryzen 7,280.73,77659.3,,4.6
Acer,16,10th Gen,4.0,512.0,Silver,2.99,Intel Core i5,171.68,167090.32,,2.6
Hp,14,13th Gen,16.0,256.0,Black,1.68,Intel Core i3,649.4,184085.01,34.07,4.2
Lenovo,16,12th Gen,32.0,1024.0,Grey,2.74,AMD Ryzen 7,,102483.86,,3.8
Dell,X1,13th Gen,12.0,256.0,White,2.24,,,158237.93,,2.5
Lenovo,Inspiron,10th Gen,12.0,1024.0,Grey,1.21,AMD Ryzen 7,,159669.51,21.19,4.7
Acer,16,12th Gen,32.0,256.0,Black,2.77,Intel Core i5,330.75,122672.79,39.7,4.9
Dell,15,11th Gen,16.0,1024.0,Silver,1.32,AMD Ryzen 3,,118535.42,,4.0
Dell,X1,12th Gen,16.0,256.0,Blue,2.83,AMD Ryzen 7,,39480.36,,4.7
Acer,X1,11th Gen,32.0,512.0,Grey,2.41,Intel Core i7,,156606.23,,4.7
Lenovo,14,11th Gen,16.0,1024.0,White,1.88,AMD Ryzen 7,309.61,46753.5,14.37,3.8
Lenovo,16,11th Gen,12.0,1024.0,Silver,2.6,AMD Ryzen 5,738.02,32832.47,32.02,3.7
Lenovo,VivoBook,13th Gen,12.0,1024.0,Grey,1.69,AMD Ryzen 3,,57321.09,43.89,4.5
Lenovo,16,12th Gen,16.0,1024.0,Blue,2.33,Intel Core i5,749.92,148531.42,5.83,4.7
Asus,Inspiron,11th Gen,,1024.0,White,1.86,Intel Core i3,260.5,101560.31,,3.8
Hp,VivoBook,11th Gen,8.0,512.0,White,2.0,AMD Ryzen 5,648.54,111137.93,,3.4
Asus,VivoBook,12th Gen,32.0,256.0,White,1.42,AMD Ryzen 3,461.26,127793.58,27.57,5.0
Lenovo,X1,13th Gen,16.0,256.0,White,2.46,Intel Core i7,,142739.26,9.15,3.5
Lenovo,15,11th Gen,16.0,512.0,Grey,1.54,AMD Ryzen 5,,51228.97,43.46,4.5
Acer,14,13th Gen,32.0,256.0,Grey,2.6,Intel Core i5,228.89,114847.3,15.55,2.6
Lenovo,X1,11th Gen,16.0,256.0,Black,2.07,AMD Ryzen 5,330.12,162399.39,23.89,3.8
Asus,14,11th Gen,32.0,1024.0,Black,1.64,Intel Core i3,,112800.55,,3.5
Acer,VivoBook,10th Gen,8.0,1024.0,Grey,1.27,Intel Core i3,,176446.82,41.02,4.8
Hp,X1,13th Gen,16.0,1024.0,White,1.53,AMD Ryzen 5,,72383.89,5.51,3.1
Lenovo,14,11th Gen,12.0,256.0,Black,2.36,Intel Core i5,,81171.47,40.97,4.0
Lenovo,Inspiron,10th Gen,4.0,256.0,Blue,2.83,AMD Ryzen 5,902.14,60859.03,,4.1
Asus,15,13th Gen,8.0,512.0,Blue,2.19,Intel Core i5,485.69,48057.84,,4.6
Asus,15,12th Gen,4.0,1024.0,White,2.6,AMD Ryzen 3,871.53,73949.86,,4.2
Acer,15,10th Gen,32.0,512.0,Black,1.85,,,35835.68,,4.5
Hp,15,11th Gen,4.0,,Grey,2.19,,212.53,104286.64,,2.9
Lenovo,15,12th Gen,12.0,512.0,White,2.08,Intel Core i5,,63651.41,29.32,3.2
Asus,16,12th Gen,16.0,1024.0,Blue,1.87,AMD Ryzen 3,537.69,107702.69,,3.7
Lenovo,X1,10th Gen,32.0,256.0,Grey,1.41,,340.59,190336.94,7.35,4.8
Asus,X1,10th Gen,4.0,256.0,Black,2.26,Intel Core i5,697.82,29017.99,,4.8
Acer,Inspiron,12th Gen,12.0,256.0,Black,2.21,AMD Ryzen 7,,44874.55,49.73,2.9
Lenovo,Inspiron,13th Gen,12.0,256.0,Black,2.57,AMD Ryzen 7,,57301.57,5.07,3.3
Acer,15,12th Gen,4.0,512.0,Black,2.7,AMD Ryzen 3,,193058.92,,4.7
Lenovo,Inspiron,11th Gen,8.0,256.0,Grey,1.28,Intel Core i5,542.43,52985.98,,4.3
Hp,15,11th Gen,4.0,256.0,Silver,2.91,Intel Core i3,,80910.37,,3.2
Asus,Inspiron,13th Gen,8.0,256.0,Grey,2.62,AMD Ryzen 5,,173962.56,,3.1
Lenovo,16,13th Gen,16.0,256.0,Silver,2.44,Intel Core i3,534.78,186503.83,36.32,3.1
Asus,VivoBook,13th Gen,12.0,256.0,Blue,1.65,AMD Ryzen 7,129.49,99089.24,,4.1
Acer,X1,10th Gen,16.0,512.0,Silver,2.43,Intel Core i7,361.77,84440.88,,4.4
Dell,VivoBook,11th Gen,,1024.0,Blue,1.33,Intel Core i5,200.41,131489.42,,3.0
Asus,X1,12th Gen,16.0,256.0,Blue,1.55,AMD Ryzen 3,,22354.16,41.77,4.7
Acer,16,13th Gen,32.0,256.0,White,2.51,Intel Core i5,532.36,180254.77,,3.7
Hp,16,12th Gen,4.0,1024.0,Black,2.86,Intel Core i3,226.45,121811.29,,2.6
Hp,VivoBook,13th Gen,16.0,1024.0,Grey,1.27,Intel Core i5,,197395.8,40.54,3.0
Dell,16,10th Gen,16.0,256.0,Grey,1.93,AMD Ryzen 7,326.21,167380.35,5.22,2.6
Asus,16,13th Gen,16.0,256.0,White,1.26,AMD Ryzen 5,573.57,186599.55,9.01,2.8
Lenovo,16,13th Gen,4.0,1024.0,Grey,2.12,AMD Ryzen 5,,189878.95,,4.9
Dell,X1,12th Gen,4.0,256.0,Silver,1.5,AMD Ryzen 5,422.96,179169.73,,2.7
Asus,Inspiron,12th Gen,32.0,512.0,Silver,1.5,AMD Ryzen 3,616.83,39240.43,,3.3
Lenovo,16,13th Gen,16.0,1024.0,Grey,2.11,AMD Ryzen 5,,42342.16,7.77,3.0
Hp,15,13th Gen,12.0,512.0,Silver,1.36,AMD Ryzen 7,747.11,175242.21,6.86,3.0
Dell,Inspiron,10th Gen,16.0,256.0,Blue,1.45,Intel Core i3,944.79,142920.36,49.39,3.6
Asus,Inspiron,11th Gen,4.0,1024.0,White,1.58,AMD Ryzen 7,,105943.39,,3.4
Acer,Inspiron,13th Gen,16.0,256.0,Black,2.89,AMD Ryzen 7,,173828.0,,2.5
Asus,X1,13th Gen,4.0,1024.0,White,1.89,AMD Ryzen 7,,151908.07,11.2,4.5
Dell,15,10th Gen,4.0,256.0,Blue,1.36,AMD Ryzen 5,,165615.6,40.42,3.2
Lenovo,14,12th Gen,16.0,256.0,Blue,2.53,Intel Core i5,,79882.94,,3.9
Dell,X1,13th Gen,4.0,256.0,Blue,1.94,Intel Core i5,,77978.11,,2.6
Asus,Inspiron,12th Gen,12.0,1024.0,Grey,2.65,AMD Ryzen 7,,115923.51,,4.6
Hp,15,12th Gen,8.0,1024.0,Grey,2.01,,,109924.3,,4.4
Dell,X1,11th Gen,8.0,256.0,Blue,,AMD Ryzen 3,591.05,97737.71,,3.7
Dell,16,10th Gen,12.0,256.0,Silver,2.05,AMD Ryzen 3,494.46,115154.0,14.94,2.6
Hp,16,11th Gen,12.0,256.0,Black,1.86,Intel Core i3,,195094.14,30.0,4.4
Asus,X1,10th Gen,4.0,512.0,White,2.5,Intel Core i5,,59564.38,42.55,5.0
Asus,16,12th Gen,16.0,256.0,Black,2.03,AMD Ryzen 7,608.61,97459.61,41.23,4.7
Acer,15,10th Gen,8.0,256.0,Silver,1.51,AMD Ryzen 7,,67458.7,38.31,3.4
Lenovo,VivoBook,13th Gen,8.0,1024.0,White,1.31,Intel Core i7,795.5,81129.76,,3.3
Acer,15,11th Gen,8.0,256.0,White,2.78,AMD Ryzen 7,105.09,99097.17,,5.0
Hp,15,13th Gen,12.0,1024.0,Blue,1.5,Intel Core i3,785.19,41298.08,44.7,4.2
Acer,16,11th Gen,4.0,1024.0,Black,1.72,AMD Ryzen 3,,81298.57,,3.0
Acer,VivoBook,12th Gen,16.0,256.0,Grey,2.64,AMD Ryzen 7,376.9,186681.15,,2.8
Dell,15,12th Gen,4.0,256.0,Blue,1.24,Intel Core i3,,158588.4,,5.0
Lenovo,15,10th Gen,12.0,1024.0,Silver,1.5,Intel Core i3,302.97,101213.21,28.58,4.9
Asus,X1,13th Gen,32.0,1024.0,Silver,1.21,Intel Core i7,223.17,23079.82,,2.9
Dell,15,10th Gen,16.0,1024.0,Blue,2.53,AMD Ryzen 3,404.33,189489.85,,3.4
Acer,14,13th Gen,4.0,512.0,Black,1.21,Intel Core i7,,25121.9,21.14,4.1
Asus,16,11th Gen,16.0,1024.0,Grey,1.43,Intel Core i5,,32764.15,,4.5
Asus,14,13th Gen,4.0,512.0,Blue,2.66,AMD Ryzen 3,,135592.08,,4.0
Dell,16,12th Gen,4.0,256.0,Silver,1.94,Intel Core i7,,134648.09,,3.2
Hp,14,13th Gen,16.0,256.0,Silver,2.56,AMD Ryzen 7,,21757.86,1.99,2.5
Dell,16,10th Gen,12.0,1024.0,Black,2.53,AMD Ryzen 3,,116181.98,,4.0
Lenovo,VivoBook,11th Gen,4.0,512.0,White,2.16,Intel Core i5,,39032.85,42.25,2.8
Lenovo,15,11th Gen,12.0,256.0,Black,1.25,AMD Ryzen 3,363.58,60542.56,37.55,3.0
Lenovo,VivoBook,11th Gen,16.0,512.0,Grey,1.56,Intel Core i7,,170014.03,9.19,4.3
Dell,VivoBook,10th Gen,32.0,256.0,White,2.13,AMD Ryzen 7,924.7,117935.14,48.56,3.3
Lenovo,14,12th Gen,12.0,1024.0,Blue,2.87,Intel Core i5,,182596.29,,2.7
Lenovo,15,13th Gen,16.0,1024.0,Grey,1.53,Intel Core i3,660.52,67900.83,44.43,4.0
Acer,Inspiron,13th Gen,32.0,1024.0,Black,2.55,AMD Ryzen 7,122.02,144238.02,,3.1
Hp,X1,13th Gen,4.0,512.0,White,2.99,Intel Core i5,338.31,28683.52,,4.8
Hp,16,11th Gen,,1024.0,Black,2.11,AMD Ryzen 3,147.32,50754.95,4.65,2.6
Acer,VivoBook,11th Gen,16.0,256.0,Grey,2.38,Intel Core i5,950.03,63261.39,,3.2
Asus,16,12th Gen,4.0,256.0,Blue,2.66,,238.31,102159.57,,4.0
Dell,Inspiron,11th Gen,12.0,1024.0,White,2.13,AMD Ryzen 7,801.63,38393.73,,3.6
Lenovo,Inspiron,11th Gen,16.0,256.0,Blue,1.41,Intel Core i7,,118377.96,,2.8
Hp,16,10th Gen,8.0,256.0,White,1.77,Intel Core i5,945.82,159246.8,,3.0
Acer,Inspiron,11th Gen,4.0,256.0,Black,2.26,AMD Ryzen 7,188.72,61243.21,10.66,2.6
Asus,VivoBook,11th Gen,32.0,1024.0,Silver,2.43,Intel Core i7,,130898.09,41.76,2.7
Asus,14,12th Gen,12.0,1024.0,Grey,2.39,Intel Core i7,810.89,184749.25,37.61,3.1
Lenovo,VivoBook,10th Gen,12.0,256.0,Black,1.73,AMD Ryzen 5,,54312.05,38.28,3.2
Hp,16,13th Gen,8.0,512.0,Black,2.97,Intel Core i5,,104263.18,,3.0
Dell,15,11th Gen,32.0,1024.0,Black,1.42,Intel Core i3,,123645.28,49.11,4.8
Asus,X1,10th Gen,32.0,1024.0,Silver,2.32,AMD Ryzen 3,889.78,157850.49,,2.6
Acer,X1,13th Gen,12.0,256.0,Blue,1.74,AMD Ryzen 3,919.56,48085.29,,4.4
Hp,X1,12th Gen,4.0,512.0,Silver,2.07,Intel Core i5,,152964.42,10.76,4.4
Lenovo,15,11th Gen,8.0,256.0,Silver,1.25,AMD Ryzen 5,452.88,42921.21,,4.3
Asus,X1,13th Gen,8.0,256.0,Blue,1.79,Intel Core i7,,80866.18,,3.0
Hp,15,11th Gen,4.0,512.0,White,1.65,Intel Core i7,390.56,189651.23,,4.7
Asus,15,12th Gen,4.0,512.0,White,2.63,Intel Core i7,879.91,155608.37,,4.6
Hp,16,12th Gen,4.0,512.0,Blue,1.5,AMD Ryzen 3,,39577.88,20.34,3.3
Asus,14,10th Gen,8.0,1024.0,Grey,1.76,AMD Ryzen 7,,132111.49,4.09,2.5
Hp,VivoBook,13th Gen,4.0,1024.0,White,1.86,Intel Core i3,,29620.97,29.08,3.2
Asus,16,12th Gen,4.0,512.0,Black,1.27,AMD Ryzen 5,,69770.68,11.79,3.8
Lenovo,X1,12th Gen,16.0,512.0,Grey,1.97,AMD Ryzen 5,,35715.01,4.13,3.3
Asus,15,11th Gen,4.0,256.0,Blue,2.77,AMD Ryzen 5,,119057.15,,3.1
Dell,15,10th Gen,4.0,512.0,Grey,1.54,AMD Ryzen 5,,103284.12,,4.4
Dell,16,11th Gen,16.0,1024.0,White,1.95,Intel Core i7,830.96,34332.75,,2.5
Lenovo,16,10th Gen,4.0,1024.0,Blue,2.89,AMD Ryzen 3,,179848.83,8.45,3.0
Acer,X1,13th Gen,4.0,1024.0,Grey,1.61,Intel Core i7,150.51,76016.22,0.9,4.2
Lenovo,15,12th Gen,4.0,256.0,Silver,2.91,Intel Core i3,,33932.82,45.61,4.3
Asus,16,10th Gen,16.0,1024.0,White,2.07,AMD Ryzen 5,358.07,137690.27,,4.9
Dell,VivoBook,12th Gen,4.0,1024.0,Silver,2.74,AMD Ryzen 3,973.54,63499.77,,3.3
Acer,VivoBook,13th Gen,12.0,512.0,Black,1.51,Intel Core i5,,197526.95,,4.7
Lenovo,16,13th Gen,12.0,256.0,Blue,2.26,Intel Core i5,,168505.76,,2.6
Lenovo,X1,11th Gen,16.0,256.0,White,1.86,Intel Core i7,,142145.07,,4.4
Dell,14,11th Gen,8.0,512.0,Grey,2.51,AMD Ryzen 3,,66143.06,41.1,2.9
Asus,X1,12th Gen,32.0,1024.0,Black,1.99,Intel Core i3,917.5,151062.49,6.15,3.6
Acer,Inspiron,13th Gen,16.0,512.0,Grey,1.34,AMD Ryzen 7,191.34,129973.29,1.33,3.0
Lenovo,Inspiron,12th Gen,12.0,256.0,Grey,1.61,Intel Core i7,217.8,153823.03,15.06,4.4
Acer,VivoBook,12th Gen,12.0,1024.0,Silver,2.41,Intel Core i3,,144282.08,29.64,3.4
Lenovo,VivoBook,13th Gen,4.0,256.0,Blue,2.05,Intel Core i3,604.55,174617.27,0.9,3.7
Dell,VivoBook,13th Gen,16.0,512.0,Blue,1.47,AMD Ryzen 3,694.7,62243.1,31.88,2.8
Dell,X1,11th Gen,32.0,256.0,Black,1.73,Intel Core i7,541.9,135811.49,26.86,3.8
Hp,15,10th Gen,4.0,256.0,Black,2.92,Intel Core i5,835.66,23857.79,,3.4
Acer,VivoBook,13th Gen,32.0,1024.0,Silver,2.79,Intel Core i7,560.17,178598.25,,3.3
Acer,Inspiron,13th Gen,12.0,1024.0,White,1.88,AMD Ryzen 7,354.49,157703.6,,4.3
Hp,X1,13th Gen,12.0,512.0,Blue,1.61,AMD Ryzen 7,,69740.34,37.57,4.9
Hp,16,13th Gen,4.0,512.0,Grey,2.57,Intel Core i3,,56092.69,,4.3
Asus,16,12th Gen,16.0,512.0,Silver,2.2,AMD Ryzen 5,242.29,199358.95,,3.7
Acer,VivoBook,12th Gen,12.0,1024.0,Blue,2.14,AMD Ryzen 7,478.19,21454.3,,3.4
Asus,Inspiron,10th Gen,16.0,256.0,White,1.49,AMD Ryzen 5,,88161.95,19.27,4.9
Acer,15,10th Gen,4.0,256.0,Black,2.31,AMD Ryzen 7,,49529.99,27.42,4.3
Dell,VivoBook,13th Gen,,512.0,White,2.54,Intel Core i5,,105538.56,,2.8
Acer,14,10th Gen,32.0,256.0,Silver,2.14,AMD Ryzen 3,,150780.14,46.19,3.4
Asus,VivoBook,13th Gen,12.0,256.0,Grey,1.77,Intel Core i7,250.89,124621.13,39.72,3.2
Acer,14,10th Gen,4.0,1024.0,Blue,2.82,Intel Core i7,,112418.99,,4.6
Dell,16,13th Gen,8.0,1024.0,Blue,2.45,Intel Core i7,,178009.76,,4.3
Asus,16,12th Gen,32.0,1024.0,Grey,1.58,AMD Ryzen 7,,190762.63,,4.3
Acer,Inspiron,12th Gen,4.0,256.0,Grey,2.89,AMD Ryzen 5,,89096.86,45.51,4.0
Lenovo,Inspiron,13th Gen,32.0,512.0,Black,2.03,Intel Core i5,,139018.31,11.98,2.7
Hp,VivoBook,12th Gen,16.0,256.0,Black,2.64,Intel Core i5,,124674.42,,3.6
Acer,14,10th Gen,4.0,256.0,Black,2.78,Intel Core i5,994.68,119850.28,,3.0
Hp,16,10th Gen,4.0,1024.0,Blue,2.44,Intel Core i3,469.95,86774.06,31.94,3.3
Hp,16,11th Gen,8.0,512.0,White,1.6,Intel Core i3,,129422.81,,4.8
Acer,X1,10th Gen,32.0,512.0,Silver,2.66,Intel Core i5,442.61,122328.08,,4.3
Asus,VivoBook,10th Gen,16.0,1024.0,Grey,1.58,,,187450.3,43.37,2.9
Acer,VivoBook,12th Gen,12.0,512.0,Grey,2.4,Intel Core i7,962.6,47684.43,3.32,3.1
Lenovo,X1,12th Gen,8.0,512.0,Silver,1.69,Intel Core i5,,85236.38,,4.3
Asus,VivoBook,13th Gen,4.0,,Grey,2.42,Intel Core i3,,36096.08,49.27,3.3
Dell,VivoBook,11th Gen,4.0,512.0,Silver,1.78,AMD Ryzen 3,956.46,70149.09,,4.5
Hp,VivoBook,13th Gen,32.0,512.0,Grey,2.96,Intel Core i5,,187918.3,18.49,4.1
Acer,16,11th Gen,16.0,512.0,Black,1.7,AMD Ryzen 5,694.69,137849.52,,2.8
Acer,14,11th Gen,8.0,512.0,Blue,1.84,AMD Ryzen 3,,20203.48,11.38,4.6
Dell,14,10th Gen,8.0,512.0,White,2.9,AMD Ryzen 3,957.5,142862.22,27.63,3.1
Acer,16,12th Gen,16.0,256.0,Silver,1.88,AMD Ryzen 7,,133349.91,39.5,3.7
Acer,16,10th Gen,8.0,256.0,Grey,2.31,AMD Ryzen 7,,46435.06,30.9,2.7
Dell,X1,11th Gen,32.0,1024.0,Silver,2.28,AMD Ryzen 7,236.73,45062.04,37.12,3.4
Asus,16,13th Gen,12.0,512.0,White,,Intel Core i7,444.76,81240.72,,2.6
Asus,16,13th Gen,8.0,1024.0,Grey,1.73,AMD Ryzen 7,,183529.72,,4.8
Hp,X1,10th Gen,8.0,256.0,White,2.39,AMD Ryzen 5,776.62,177464.32,,4.3
Hp,VivoBook,12th Gen,32.0,512.0,White,1.2,Intel Core i5,870.26,104511.39,38.86,4.2
Dell,15,13th Gen,32.0,256.0,White,1.89,AMD Ryzen 7,,59368.97,,5.0
Dell,14,13th Gen,4.0,1024.0,Black,1.67,Intel Core i3,,114106.85,14.53,3.4
Asus,15,13th Gen,16.0,256.0,Silver,1.79,AMD Ryzen 3,785.79,179682.9,,4.3
Lenovo,16,11th Gen,16.0,256.0,Black,2.7,Intel Core i5,,186108.41,,4.3
Asus,VivoBook,11th Gen,8.0,512.0,Grey,2.38,Intel Core i3,,57863.48,,3.3
Asus,15,13th Gen,8.0,256.0,Grey,1.61,AMD Ryzen 7,,56251.58,,3.8
Lenovo,16,12th Gen,32.0,256.0,Grey,2.25,AMD Ryzen 7,,118531.77,4.95,4.2
Dell,Inspiron,12th Gen,12.0,256.0,White,1.63,Intel Core i7,527.57,36104.52,,4.8
Asus,15,12th Gen,12.0,256.0,Blue,2.48,AMD Ryzen 3,514.39,62310.35,,4.1
Acer,16,10th Gen,16.0,256.0,Grey,2.37,Intel Core i5,,76315.7,,3.8
Hp,X1,12th Gen,32.0,256.0,Silver,1.33,Intel Core i5,,72747.78,,4.7
Hp,X1,12th Gen,4.0,1024.0,Silver,1.45,AMD Ryzen 7,,163004.52,39.82,2.7
Asus,X1,13th Gen,8.0,1024.0,Silver,1.63,AMD Ryzen 7,,162195.91,,2.5
Dell,14,11th Gen,8.0,1024.0,Grey,2.15,AMD Ryzen 3,361.83,193920.08,,3.9
Acer,15,11th Gen,12.0,256.0,Blue,1.53,Intel Core i7,957.93,193000.54,20.56,5.0
Hp,VivoBook,11th Gen,4.0,1024.0,Blue,2.66,Intel Core i3,835.29,147016.58,32.83,2.6
Lenovo,VivoBook,12th Gen,12.0,512.0,Silver,2.62,AMD Ryzen 3,,108287.97,,2.7
Lenovo,14,10th Gen,16.0,1024.0,Silver,1.31,AMD Ryzen 7,,55347.42,39.1,3.7
Asus,VivoBook,10th Gen,12.0,512.0,Blue,2.93,Intel Core i3,,28323.82,7.06,2.5
Lenovo,16,13th Gen,8.0,256.0,White,1.67,Intel Core i5,543.47,25683.03,10.67,3.1
Dell,X1,11th Gen,12.0,1024.0,Blue,1.57,AMD Ryzen 3,758.43,154684.28,,3.0
Acer,15,11th Gen,8.0,512.0,Grey,2.96,Intel Core i5,,107862.12,7.78,4.3
Acer,VivoBook,11th Gen,32.0,256.0,Grey,1.77,AMD Ryzen 3,,28745.96,38.96,3.1
Asus,Inspiron,12th Gen,8.0,1024.0,White,2.32,AMD Ryzen 3,116.07,49547.01,18.29,4.6
Asus,Inspiron,12th Gen,8.0,512.0,Blue,2.93,Intel Core i3,,155400.21,,3.9
Hp,16,12th Gen,12.0,512.0,Blue,2.27,Intel Core i3,908.97,128466.62,,4.1
Lenovo,14,12th Gen,8.0,256.0,Blue,2.1,Intel Core i7,,118311.72,17.98,2.8
Dell,X1,11th Gen,32.0,512.0,White,2.16,AMD Ryzen 5,,126499.07,,3.5
Acer,VivoBook,13th Gen,32.0,256.0,Black,1.57,AMD Ryzen 3,,186411.93,5.14,4.6
Lenovo,Inspiron,10th Gen,16.0,512.0,Grey,1.99,AMD Ryzen 3,787.92,134459.08,,4.2
Hp,15,13th Gen,12.0,512.0,Silver,1.5,Intel Core i5,,148624.34,,4.6
Dell,14,10th Gen,16.0,256.0,White,2.9,Intel Core i3,,77167.37,0.02,3.0
Hp,16,13th Gen,12.0,1024.0,Grey,2.14,AMD Ryzen 7,418.0,167718.75,39.49,3.2
Lenovo,X1,10th Gen,4.0,1024.0,Silver,1.58,Intel Core i3,,141870.04,,2.9
Asus,Inspiron,11th Gen,8.0,512.0,Blue,1.64,Intel Core i5,614.83,152795.18,9.71,4.2
Hp,Inspiron,12th Gen,4.0,256.0,Blue,1.6,AMD Ryzen 5,810.73,72640.48,,2.8
Dell,16,13th Gen,4.0,512.0,Blue,2.16,Intel Core i5,583.63,107161.01,32.52,4.0
Dell,15,11th Gen,4.0,256.0,Grey,1.62,Intel Core i3,367.4,112585.99,31.06,2.9
Dell,15,10th Gen,12.0,512.0,Silver,2.71,AMD Ryzen 7,,62065.13,8.35,3.5
Hp,15,10th Gen,8.0,256.0,Silver,1.89,Intel Core i7,,134212.54,,3.8
Asus,16,10th Gen,4.0,256.0,Grey,2.85,AMD Ryzen 5,,175688.76,45.34,3.3
Hp,16,10th Gen,12.0,512.0,White,2.57,AMD Ryzen 7,,74596.08,,4.3
Hp,15,13th Gen,8.0,256.0,White,2.66,Intel Core i5,118.33,110060.43,,4.4
Dell,Inspiron,11th Gen,8.0,512.0,Black,1.84,AMD Ryzen 7,,117086.76,23.33,4.1
Acer,VivoBook,12th Gen,8.0,512.0,Grey,2.24,Intel Core i5,561.84,78402.37,,4.4
Lenovo,Inspiron,10th Gen,12.0,512.0,Silver,1.27,AMD Ryzen 5,,161975.25,44.74,2.9
Asus,16,11th Gen,4.0,1024.0,Grey,2.05,Intel Core i3,911.77,186431.46,,4.6
Dell,X1,13th Gen,4.0,256.0,Blue,1.55,Intel Core i5,103.48,51580.79,,3.8
Lenovo,14,13th Gen,12.0,1024.0,White,1.21,Intel Core i5,618.45,143276.71,49.55,4.9
Asus,14,11th Gen,8.0,512.0,White,3.0,AMD Ryzen 3,,185077.18,,3.2
Dell,14,12th Gen,12.0,1024.0,Silver,2.36,AMD Ryzen 7,,193131.85,,3.0
Acer,X1,13th Gen,4.0,1024.0,Black,1.27,Intel Core i3,713.73,134813.19,,3.7
Hp,16,11th Gen,16.0,1024.0,Blue,1.34,AMD Ryzen 3,,86210.18,47.05,4.0
Asus,Inspiron,11th Gen,4.0,256.0,Silver,1.62,Intel Core i5,,126647.98,,2.9
Asus,14,13th Gen,8.0,1024.0,Blue,2.65,Intel Core i7,264.75,103694.61,,4.7
Hp,Inspiron,10th Gen,4.0,1024.0,White,2.94,AMD Ryzen 5,,197638.02,4.04,3.1
Dell,Inspiron,13th Gen,12.0,512.0,Blue,2.01,AMD Ryzen 5,,34650.69,4.29,4.5
Acer,X1,13th Gen,12.0,256.0,White,2.26,Intel Core i3,,35612.34,25.48,4.6
Hp,16,11th Gen,32.0,512.0,Silver,2.78,Intel Core i7,625.03,182616.88,,3.5
Asus,Inspiron,11th Gen,8.0,512.0,Black,2.38,AMD Ryzen 5,,192565.54,49.43,4.2
Lenovo,VivoBook,10th Gen,8.0,256.0,Blue,2.89,AMD Ryzen 3,,188676.47,,4.0
Acer,X1,13th Gen,12.0,1024.0,Silver,1.38,Intel Core i3,132.0,83978.11,43.37,3.5
Hp,14,10th Gen,32.0,512.0,White,1.56,Intel Core i3,,39418.52,40.59,3.4
Hp,16,12th Gen,4.0,512.0,White,2.63,Intel Core i3,386.05,57333.3,,2.8
Acer,X1,11th Gen,16.0,256.0,Blue,2.63,Intel Core i7,,174212.6,20.93,5.0
Dell,14,12th Gen,16.0,512.0,Black,2.01,Intel Core i3,,127264.19,3.14,4.0
Hp,Inspiron,13th Gen,16.0,256.0,Grey,2.74,AMD Ryzen 7,115.24,44542.06,23.75,3.0
Asus,X1,10th Gen,16.0,1024.0,White,2.09,AMD Ryzen 7,901.47,49732.38,1.35,2.9
Acer,Inspiron,11th Gen,8.0,512.0,Blue,1.86,AMD Ryzen 5,157.36,94037.21,,4.5
Asus,14,12th Gen,12.0,1024.0,Blue,1.31,Intel Core i5,,107327.36,49.03,4.1
Dell,Inspiron,10th Gen,12.0,1024.0,Black,2.96,AMD Ryzen 7,,45967.09,,3.7
Dell,VivoBook,13th Gen,8.0,1024.0,Grey,2.7,AMD Ryzen 5,467.31,168175.44,8.18,3.1
Hp,VivoBook,12th Gen,12.0,256.0,White,1.99,Intel Core i5,,110312.06,,2.9
Hp,X1,11th Gen,12.0,1024.0,Silver,1.95,Intel Core i7,,142099.66,23.84,3.7
Dell,14,12th Gen,32.0,512.0,Grey,2.86,Intel Core i5,264.19,54788.06,22.05,2.6
Hp,14,12th Gen,4.0,1024.0,Silver,1.87,AMD Ryzen 7,,114292.76,35.82,3.9
Lenovo,Inspiron,13th Gen,16.0,1024.0,Silver,1.28,AMD Ryzen 3,,24037.9,,4.1
Acer,VivoBook,10th Gen,8.0,256.0,Blue,2.72,Intel Core i5,328.82,146251.01,38.18,3.1
Lenovo,14,13th Gen,12.0,512.0,Blue,1.73,Intel Core i3,,152969.5,,4.4
Hp,16,11th Gen,32.0,1024.0,Black,2.97,Intel Core i3,,71887.67,,4.2
Acer,16,13th Gen,8.0,1024.0,White,3.0,AMD Ryzen 5,881.15,20580.76,7.18,2.9
Lenovo,14,13th Gen,32.0,256.0,White,1.25,Intel Core i3,638.1,82182.91,32.65,4.4
Dell,X1,12th Gen,,1024.0,Blue,1.85,AMD Ryzen 3,643.56,171797.22,,4.6
Lenovo,14,10th Gen,4.0,1024.0,Silver,2.48,AMD Ryzen 5,,61178.8,,4.5
Acer,X1,12th Gen,4.0,512.0,Black,,Intel Core i5,720.66,24678.7,0.67,3.7
Hp,14,10th Gen,32.0,1024.0,Black,1.39,Intel Core i3,,199898.06,,5.0
Hp,16,12th Gen,4.0,512.0,Blue,2.97,Intel Core i7,823.34,77883.25,,3.4
Acer,Inspiron,10th Gen,12.0,1024.0,Blue,1.66,Intel Core i3,,174398.46,,3.4
Lenovo,15,10th Gen,16.0,256.0,Blue,2.83,Intel Core i7,,21006.87,,4.4
Dell,Inspiron,12th Gen,8.0,256.0,Blue,2.52,Intel Core i5,,177853.34,,4.7
Dell,VivoBook,11th Gen,8.0,256.0,Black,2.51,AMD Ryzen 3,,37905.99,,3.3
Lenovo,Inspiron,12th Gen,16.0,256.0,Black,2.81,Intel Core i7,,110655.05,,4.9
Asus,15,10th Gen,12.0,1024.0,Silver,2.53,Intel Core i3,199.16,45013.42,,5.0
Acer,14,10th Gen,12.0,256.0,Blue,1.99,AMD Ryzen 5,827.35,158697.0,,3.2
Hp,14,10th Gen,16.0,256.0,Blue,1.69,Intel Core i7,,139681.61,,4.7
Acer,X1,12th Gen,4.0,256.0,Silver,1.79,AMD Ryzen 3,,189689.63,,4.6
Asus,16,10th Gen,12.0,256.0,Silver,2.02,Intel Core i7,,172743.06,35.15,2.6
Asus,Inspiron,12th Gen,4.0,256.0,Grey,1.65,Intel Core i3,886.45,183338.06,,4.0
Hp,15,11th Gen,12.0,1024.0,Black,1.53,AMD Ryzen 7,934.24,112533.44,,4.1
Dell,14,13th Gen,4.0,512.0,Blue,2.15,AMD Ryzen 3,,142167.51,18.26,3.2
Acer,VivoBook,13th Gen,4.0,512.0,White,2.89,AMD Ryzen 7,169.68,74767.17,,3.7
Lenovo,14,11th Gen,12.0,256.0,Black,2.67,Intel Core i5,,72119.18,,4.6
Acer,15,11th Gen,8.0,1024.0,White,2.75,Intel Core i5,939.86,113648.06,,3.3
Acer,16,11th Gen,8.0,512.0,Black,2.82,AMD Ryzen 7,115.54,43812.32,16.78,4.0
Hp,X1,11th Gen,12.0,256.0,Blue,2.42,Intel Core i3,251.69,28537.72,40.26,4.0
Hp,16,13th Gen,4.0,256.0,Grey,2.48,Intel Core i5,291.61,151024.77,,3.9
Hp,14,12th Gen,4.0,256.0,Blue,1.74,AMD Ryzen 3,,34181.6,20.19,4.2
Asus,Inspiron,13th Gen,8.0,512.0,Blue,2.04,Intel Core i3,206.44,189915.4,29.09,4.9
Dell,X1,13th Gen,12.0,256.0,Black,2.99,Intel Core i7,511.48,138931.55,,4.4
Asus,X1,11th Gen,16.0,512.0,Silver,2.36,Intel Core i5,857.2,94848.85,,4.8
Dell,VivoBook,10th Gen,4.0,1024.0,Grey,1.74,Intel Core i3,418.61,79550.62,32.19,2.7
Dell,16,10th Gen,8.0,1024.0,White,1.37,Intel Core i5,,29627.82,21.97,2.5
Hp,VivoBook,13th Gen,32.0,512.0,White,1.53,AMD Ryzen 3,,109088.5,6.43,3.3
Dell,14,12th Gen,4.0,512.0,Grey,1.42,Intel Core i3,275.51,46307.61,,4.6
Acer,VivoBook,10th Gen,32.0,1024.0,Silver,2.93,Intel Core i5,,97311.99,,3.1
Asus,Inspiron,10th Gen,32.0,1024.0,Grey,1.6,Intel Core i5,,62751.97,,3.2
Dell,15,11th Gen,32.0,512.0,Blue,2.16,Intel Core i7,,165474.41,11.45,4.7
Lenovo,14,10th Gen,12.0,256.0,Grey,2.39,AMD Ryzen 5,732.33,179305.64,,4.4
Acer,15,12th Gen,12.0,512.0,Grey,2.5,AMD Ryzen 5,346.7,160810.5,10.06,4.6
Hp,15,11th Gen,8.0,1024.0,Grey,2.98,AMD Ryzen 7,,67039.11,10.11,2.7
Hp,X1,10th Gen,4.0,512.0,Silver,1.7,Intel Core i7,299.44,30068.44,37.35,3.5
Hp,15,12th Gen,32.0,1024.0,Blue,2.44,AMD Ryzen 5,,123498.84,,5.0
Dell,15,12th Gen,4.0,1024.0,Blue,2.42,Intel Core i3,765.75,194476.52,35.3,4.0
Lenovo,Inspiron,12th Gen,8.0,1024.0,Silver,1.88,Intel Core i3,738.71,20848.68,29.49,2.7
Hp,VivoBook,10th Gen,32.0,1024.0,Silver,2.48,AMD Ryzen 7,,52011.17,3.43,2.5
Hp,15,12th Gen,12.0,512.0,Blue,1.7,Intel Core i3,193.2,93735.59,,3.8
Hp,Inspiron,12th Gen,12.0,256.0,White,1.81,Intel Core i3,,58109.94,36.16,4.3
Lenovo,14,11th Gen,32.0,1024.0,Blue,1.34,Intel Core i7,,87569.88,,3.1
Asus,14,12th Gen,8.0,1024.0,Blue,1.42,Intel Core i7,504.56,69642.38,45.87,4.2
Hp,14,12th Gen,16.0,1024.0,Grey,,AMD Ryzen 3,762.23,99769.4,33.07,3.2
Asus,16,13th Gen,8.0,256.0,White,2.62,AMD Ryzen 3,,100479.07,21.24,3.8
Asus,Inspiron,11th Gen,8.0,512.0,Blue,1.25,AMD Ryzen 7,236.91,65421.87,20.24,3.2
Hp,Inspiron,13th Gen,16.0,256.0,White,1.31,AMD Ryzen 3,956.04,162399.81,26.63,2.7
Acer,14,10th Gen,32.0,1024.0,Blue,1.44,Intel Core i7,,51623.83,48.53,2.9
Hp,14,11th Gen,12.0,1024.0,Silver,2.23,Intel Core i3,,86709.56,,4.3
Asus,16,12th Gen,4.0,256.0,White,2.42,AMD Ryzen 3,748.57,128752.07,,4.3
Dell,16,10th Gen,12.0,256.0,Grey,2.2,Intel Core i7,257.48,42490.28,23.48,4.1
Asus,15,10th Gen,8.0,512.0,Blue,2.36,AMD Ryzen 7,293.9,47240.81,,3.2
Lenovo,14,12th Gen,4.0,512.0,White,2.27,Intel Core i5,,142163.17,16.03,4.0
Asus,Inspiron,13th Gen,8.0,1024.0,White,2.65,AMD Ryzen 3,,115524.66,,3.2
Hp,16,11th Gen,4.0,512.0,Grey,2.52,Intel Core i5,500.92,160414.15,,2.9
Asus,VivoBook,13th Gen,16.0,256.0,Grey,2.83,Intel Core i3,,21885.45,8.39,2.8
Lenovo,X1,13th Gen,16.0,512.0,Blue,1.48,Intel Core i3,457.35,89398.81,7.95,3.3
Lenovo,X1,13th Gen,12.0,512.0,White,1.41,Intel Core i7,,115709.85,43.92,4.4
Dell,15,13th Gen,16.0,512.0,Grey,2.78,Intel Core i5,,66602.47,26.52,4.3
Asus,16,10th Gen,32.0,1024.0,Black,2.91,AMD Ryzen 3,429.59,36562.71,,2.9
Hp,14,12th Gen,8.0,512.0,Grey,2.0,AMD Ryzen 7,134.32,142744.94,,4.7
Lenovo,14,11th Gen,4.0,1024.0,Grey,2.01,AMD Ryzen 7,210.49,119430.05,,4.5
Dell,16,13th Gen,16.0,1024.0,White,1.41,Intel Core i5,344.89,57398.34,,4.7
Asus,Inspiron,11th Gen,32.0,256.0,Blue,1.85,Intel Core i3,435.5,119205.84,6.61,4.4
Dell,Inspiron,11th Gen,8.0,1024.0,Blue,2.77,Intel Core i5,454.43,181365.87,,2.8
Lenovo,VivoBook,12th Gen,32.0,512.0,Blue,1.43,Intel Core i5,,64452.29,14.1,4.0
Lenovo,X1,12th Gen,8.0,1024.0,Black,2.83,Intel Core i5,512.06,120975.88,,4.7
Hp,Inspiron,10th Gen,8.0,512.0,Silver,2.06,Intel Core i7,,22222.92,8.27,4.1
Lenovo,VivoBook,13th Gen,12.0,1024.0,Silver,1.31,Intel Core i7,645.85,83918.41,,3.8
Asus,Inspiron,11th Gen,8.0,256.0,Blue,1.55,Intel Core i5,,102042.69,,3.9
Lenovo,VivoBook,10th Gen,4.0,1024.0,Black,2.94,AMD Ryzen 7,,176434.81,,4.6
Acer,15,13th Gen,12.0,1024.0,Black,2.4,AMD Ryzen 5,760.11,102651.65,32.63,2.6
Hp,16,12th Gen,32.0,512.0,Black,1.77,Intel Core i3,,34791.98,,2.7
Hp,14,11th Gen,12.0,512.0,White,2.14,AMD Ryzen 3,,115679.41,24.42,3.1
Asus,Inspiron,13th Gen,16.0,1024.0,Black,2.49,Intel Core i5,811.59,125019.31,9.31,3.4
Hp,Inspiron,10th Gen,4.0,512.0,Silver,2.15,Intel Core i3,,46890.08,,3.4
Dell,Inspiron,11th Gen,4.0,512.0,White,2.89,Intel Core i7,818.43,41734.25,,3.4
Lenovo,X1,10th Gen,12.0,256.0,Black,1.42,Intel Core i5,,153621.74,22.24,3.6
Lenovo,Inspiron,12th Gen,8.0,512.0,Black,2.4,Intel Core i5,,182350.91,,3.6
Hp,16,12th Gen,12.0,512.0,Grey,2.69,Intel Core i5,,169948.56,,3.6
Hp,16,12th Gen,12.0,512.0,Grey,1.98,Intel Core i3,,32021.43,48.41,3.3
Dell,Inspiron,12th Gen,16.0,1024.0,White,,AMD Ryzen 7,,42187.79,30.52,4.5
Dell,14,10th Gen,32.0,256.0,Blue,2.66,AMD Ryzen 5,603.8,121835.98,33.93,3.9
Lenovo,15,11th Gen,12.0,256.0,Grey,2.19,AMD Ryzen 3,,144826.27,10.39,4.7
Dell,15,12th Gen,16.0,1024.0,Black,2.48,AMD Ryzen 7,207.34,149506.99,,4.5
Asus,16,11th Gen,8.0,512.0,Black,1.35,AMD Ryzen 7,619.08,92530.19,44.7,3.1
Asus,16,12th Gen,12.0,1024.0,Silver,2.78,Intel Core i3,589.49,68864.71,25.04,4.1
Lenovo,Inspiron,10th Gen,32.0,512.0,Black,1.4,AMD Ryzen 3,,153223.24,6.31,3.2
Lenovo,X1,13th Gen,32.0,256.0,Silver,2.05,AMD Ryzen 5,,61467.12,38.67,3.1
Lenovo,14,11th Gen,4.0,512.0,Silver,1.5,Intel Core i5,,192342.35,48.11,4.5
Hp,14,13th Gen,8.0,512.0,Black,2.76,Intel Core i3,,42463.71,46.38,4.6
Acer,16,12th Gen,32.0,256.0,Silver,1.92,Intel Core i7,,87673.18,16.63,4.7
Acer,14,11th Gen,32.0,512.0,Silver,1.27,Intel Core i5,127.41,106371.53,,3.5
Dell,X1,12th Gen,4.0,256.0,Silver,2.25,AMD Ryzen 3,,124084.21,,3.5
Lenovo,15,10th Gen,32.0,1024.0,Silver,2.41,Intel Core i7,614.87,116069.46,27.9,3.0
Dell,16,10th Gen,12.0,1024.0,Blue,2.03,Intel Core i5,110.94,193250.28,42.02,4.6
Hp,15,11th Gen,32.0,256.0,Blue,2.38,AMD Ryzen 7,,119292.51,49.73,3.3
Lenovo,VivoBook,12th Gen,8.0,256.0,Black,2.88,AMD Ryzen 5,,48901.74,27.51,4.6
Acer,VivoBook,11th Gen,16.0,256.0,Black,1.93,AMD Ryzen 3,635.02,37413.31,12.11,4.6
Dell,15,12th Gen,8.0,1024.0,Silver,1.34,Intel Core i5,979.78,174640.94,9.67,4.0
Asus,16,10th Gen,4.0,256.0,Blue,2.33,Intel Core i3,391.36,78327.98,41.66,3.5
Asus,16,10th Gen,8.0,512.0,White,1.21,AMD Ryzen 5,583.41,57788.49,,2.6
Dell,14,12th Gen,32.0,1024.0,Grey,2.92,AMD Ryzen 7,,82975.44,,3.0
Acer,Inspiron,10th Gen,4.0,256.0,Grey,2.33,AMD Ryzen 5,491.23,173360.99,,4.2
Hp,X1,10th Gen,4.0,256.0,White,2.15,Intel Core i3,589.64,148168.28,,3.4
Hp,X1,10th Gen,4.0,1024.0,Grey,2.88,Intel Core i5,662.95,125462.65,40.49,3.6
Acer,16,12th Gen,12.0,1024.0,Blue,2.21,AMD Ryzen 7,754.54,37625.31,44.14,2.8
Asus,Inspiron,13th Gen,32.0,512.0,White,2.92,AMD Ryzen 5,,151793.28,13.82,2.8
Dell,Inspiron,11th Gen,8.0,512.0,Blue,2.87,AMD Ryzen 3,,109443.36,6.03,4.4
Hp,14,10th Gen,8.0,512.0,White,2.58,AMD Ryzen 5,846.21,103508.07,,4.2
Dell,VivoBook,11th Gen,16.0,256.0,Grey,1.86,AMD Ryzen 5,,88985.59,,3.0
Hp,VivoBook,13th Gen,12.0,1024.0,Silver,1.5,AMD Ryzen 5,161.14,133781.16,9.6,2.5
Hp,VivoBook,13th Gen,16.0,256.0,Black,2.83,AMD Ryzen 7,499.96,92579.14,,4.7
Hp,Inspiron,10th Gen,32.0,1024.0,Grey,1.89,AMD Ryzen 3,434.18,128813.3,,3.8
Acer,Inspiron,12th Gen,8.0,512.0,Blue,2.53,AMD Ryzen 5,142.82,70787.98,23.71,4.6
Lenovo,X1,12th Gen,8.0,512.0,White,1.52,Intel Core i5,,104885.74,,2.9
Asus,16,13th Gen,32.0,256.0,Grey,2.17,Intel Core i7,,119915.76,6.8,2.5
Asus,16,13th Gen,16.0,512.0,Black,1.91,AMD Ryzen 7,,102221.11,22.45,3.5
Dell,Inspiron,12th Gen,8.0,256.0,White,2.2,AMD Ryzen 5,374.72,70650.97,,2.7
Dell,16,13th Gen,32.0,512.0,White,1.46,Intel Core i5,,141709.61,,2.6
Lenovo,Inspiron,11th Gen,8.0,1024.0,White,1.37,AMD Ryzen 5,851.39,144803.39,,4.3
Asus,VivoBook,10th Gen,12.0,1024.0,Blue,1.44,AMD Ryzen 7,668.94,129037.58,,3.8
Lenovo,15,12th Gen,32.0,1024.0,Silver,2.22,AMD Ryzen 7,998.73,191933.66,,2.9
Dell,15,13th Gen,16.0,1024.0,Grey,1.72,Intel Core i3,,147479.55,,3.9
Acer,X1,12th Gen,8.0,1024.0,White,1.87,Intel Core i7,,159519.97,,4.3
Dell,VivoBook,12th Gen,32.0,512.0,Blue,1.81,Intel Core i3,,143200.55,,3.7
Acer,VivoBook,13th Gen,16.0,512.0,Black,2.34,Intel Core i5,937.05,174631.08,45.82,4.0
Hp,X1,11th Gen,16.0,1024.0,Grey,2.91,AMD Ryzen 7,548.0,85508.34,,3.3
Asus,14,11th Gen,12.0,1024.0,White,2.6,AMD Ryzen 5,945.83,149095.89,22.88,4.6
Acer,16,10th Gen,32.0,256.0,White,2.97,AMD Ryzen 5,,111718.35,,4.9
Hp,16,12th Gen,12.0,1024.0,Blue,1.58,AMD Ryzen 7,377.64,161250.6,44.88,2.8
Hp,VivoBook,11th Gen,12.0,1024.0,Grey,1.27,Intel Core i7,,169939.37,,4.5
Hp,15,10th Gen,16.0,1024.0,Silver,1.68,AMD Ryzen 5,,138585.21,5.61,3.8
Lenovo,X1,13th Gen,32.0,1024.0,Grey,2.7,AMD Ryzen 5,,27035.99,,2.6
Lenovo,X1,10th Gen,4.0,512.0,Silver,1.22,Intel Core i7,,145560.16,,4.1
Acer,Inspiron,10th Gen,8.0,256.0,Grey,2.01,AMD Ryzen 5,,57404.34,8.77,4.3
Lenovo,16,12th Gen,4.0,1024.0,Grey,2.65,AMD Ryzen 7,615.91,74404.98,,3.0
Dell,Inspiron,10th Gen,16.0,1024.0,Blue,2.6,Intel Core i7,,187484.94,16.88,4.5
Dell,14,10th Gen,16.0,512.0,Grey,2.37,Intel Core i3,799.12,104456.82,,3.4
Lenovo,15,11th Gen,12.0,512.0,Grey,1.48,AMD Ryzen 3,443.74,113939.6,,4.7
Asus,VivoBook,13th Gen,16.0,256.0,White,1.46,AMD Ryzen 7,734.43,195800.76,,4.5
Asus,15,10th Gen,16.0,256.0,Grey,1.21,Intel Core i3,,91094.45,0.03,3.3
Hp,VivoBook,10th Gen,4.0,1024.0,White,1.22,Intel Core i3,,108331.0,,4.8
Hp,15,13th Gen,12.0,1024.0,Black,1.26,Intel Core i7,,121242.45,,4.3
Dell,14,13th Gen,8.0,1024.0,Silver,2.01,AMD Ryzen 5,166.44,168862.1,,3.4
Acer,VivoBook,13th Gen,12.0,512.0,Black,,AMD Ryzen 5,,148572.89,5.89,3.3
Asus,Inspiron,10th Gen,12.0,256.0,Grey,2.91,Intel Core i7,914.01,129007.75,12.76,3.6
Acer,14,10th Gen,8.0,1024.0,Black,2.08,,,180638.13,,3.2
Dell,X1,12th Gen,8.0,256.0,Blue,1.46,AMD Ryzen 7,536.31,48065.86,,4.2
Lenovo,X1,12th Gen,32.0,256.0,Blue,2.58,Intel Core i3,,53217.4,,3.3
Hp,16,12th Gen,16.0,256.0,Grey,1.91,Intel Core i5,876.68,101657.15,,2.9
Dell,16,10th Gen,8.0,256.0,Blue,1.32,Intel Core i3,185.87,75734.72,,4.4
Hp,15,12th Gen,8.0,512.0,Grey,2.12,AMD Ryzen 3,829.83,70700.08,,4.1
Dell,VivoBook,13th Gen,8.0,512.0,Black,2.41,Intel Core i7,,188920.82,,3.3
Asus,Inspiron,13th Gen,32.0,256.0,Blue,2.36,AMD Ryzen 5,146.14,162562.08,49.27,4.1
Lenovo,16,11th Gen,12.0,512.0,Grey,2.28,AMD Ryzen 3,,174509.61,26.01,4.4
Asus,15,13th Gen,8.0,512.0,Blue,2.31,AMD Ryzen 3,300.21,148417.62,23.02,2.9
Hp,Inspiron,10th Gen,8.0,256.0,Silver,1.69,AMD Ryzen 7,,57663.01,34.0,3.2
Asus,15,11th Gen,4.0,256.0,Black,2.32,Intel Core i7,931.46,180444.9,6.82,4.3
Hp,14,12th Gen,4.0,512.0,Silver,2.73,AMD Ryzen 3,618.37,157091.16,14.11,3.1
Acer,Inspiron,10th Gen,4.0,1024.0,Black,1.28,Intel Core i3,,107741.23,,4.6
Hp,Inspiron,10th Gen,32.0,1024.0,White,1.71,AMD Ryzen 3,,122455.95,,3.6
Dell,15,12th Gen,16.0,512.0,Grey,1.48,Intel Core i7,115.88,100520.57,49.91,4.4
Asus,VivoBook,13th Gen,16.0,512.0,White,1.67,Intel Core i7,323.57,178490.88,,4.7
Dell,15,11th Gen,8.0,1024.0,Silver,2.63,Intel Core i7,,88577.16,48.59,3.1
Hp,16,10th Gen,4.0,256.0,Silver,2.37,AMD Ryzen 7,474.97,198130.48,,4.7
Hp,16,13th Gen,16.0,512.0,Black,2.41,AMD Ryzen 7,,148022.43,33.65,4.9
Dell,15,10th Gen,16.0,256.0,Silver,1.73,AMD Ryzen 5,,62510.61,34.75,2.6
Asus,15,10th Gen,4.0,1024.0,Black,1.52,AMD Ryzen 5,,149855.44,45.8,4.8
Lenovo,Inspiron,10th Gen,8.0,512.0,White,2.16,Intel Core i3,,136714.66,,4.9
Acer,16,13th Gen,12.0,256.0,Silver,2.66,AMD Ryzen 7,,69883.34,28.65,2.9
Dell,X1,13th Gen,16.0,1024.0,Silver,2.6,AMD Ryzen 7,,189627.44,8.54,3.2
Dell,15,11th Gen,12.0,512.0,Blue,2.04,AMD Ryzen 5,174.08,125200.27,16.1,4.9
Asus,15,11th Gen,4.0,256.0,Grey,2.69,AMD Ryzen 5,475.21,190374.53,25.01,4.0
Dell,14,11th Gen,4.0,1024.0,Silver,1.5,Intel Core i5,145.03,82780.7,,3.9
Acer,16,10th Gen,12.0,1024.0,Silver,1.85,,353.86,171825.37,,4.3
Lenovo,VivoBook,12th Gen,,512.0,Grey,2.22,Intel Core i7,384.89,171904.29,,2.8
Hp,16,12th Gen,12.0,512.0,White,2.67,AMD Ryzen 7,196.98,161272.17,42.79,2.7
Hp,15,12th Gen,4.0,1024.0,Black,1.57,Intel Core i7,,74137.11,,3.5
Hp,14,11th Gen,16.0,256.0,Grey,1.74,AMD Ryzen 5,272.91,129601.35,45.39,3.5
Dell,X1,13th Gen,8.0,256.0,White,2.87,AMD Ryzen 5,,149451.25,48.02,2.8
Asus,VivoBook,11th Gen,8.0,1024.0,Silver,2.88,AMD Ryzen 3,,40525.3,3.91,4.4
Dell,15,12th Gen,4.0,1024.0,White,2.14,AMD Ryzen 7,,53017.49,,3.1
Asus,VivoBook,11th Gen,12.0,1024.0,Blue,1.4,AMD Ryzen 7,460.13,176139.32,,3.0
Lenovo,X1,12th Gen,16.0,1024.0,Silver,2.78,AMD Ryzen 5,993.45,67063.11,50.0,3.6
Acer,16,13th Gen,8.0,256.0,Silver,2.1,AMD Ryzen 7,139.87,166263.26,23.68,4.9
Asus,15,10th Gen,4.0,1024.0,Black,1.88,AMD Ryzen 3,693.33,147391.7,32.93,2.5
Hp,Inspiron,13th Gen,32.0,1024.0,Black,1.58,AMD Ryzen 5,,166633.6,23.95,2.8
Lenovo,14,11th Gen,16.0,512.0,White,2.33,AMD Ryzen 3,411.44,83776.83,,4.7
Hp,16,11th Gen,12.0,256.0,Silver,2.75,Intel Core i7,,72919.54,45.81,4.2
Asus,14,12th Gen,12.0,512.0,Grey,1.65,Intel Core i5,835.63,110700.21,21.04,3.5
Acer,14,10th Gen,16.0,512.0,Blue,2.64,Intel Core i5,,113722.81,,2.7
Asus,16,11th Gen,12.0,1024.0,Grey,1.44,AMD Ryzen 5,,159489.5,,3.0
Lenovo,14,11th Gen,32.0,256.0,White,2.01,AMD Ryzen 7,,20693.96,14.78,4.6
Lenovo,VivoBook,10th Gen,4.0,1024.0,Grey,2.88,AMD Ryzen 3,134.34,76920.89,,3.1
Acer,14,11th Gen,12.0,512.0,Blue,1.48,AMD Ryzen 3,,95704.45,0.77,3.8
Hp,16,11th Gen,4.0,1024.0,Blue,2.65,AMD Ryzen 3,958.68,138902.52,,2.7
Dell,Inspiron,11th Gen,32.0,1024.0,Grey,2.71,AMD Ryzen 3,338.05,107753.92,38.78,2.8
Asus,14,12th Gen,32.0,512.0,Black,1.47,Intel Core i5,,28658.13,,3.5
Hp,16,11th Gen,32.0,1024.0,Grey,2.55,AMD Ryzen 5,711.71,183983.09,,3.4
Hp,VivoBook,11th Gen,12.0,1024.0,Grey,2.19,Intel Core i5,129.01,24986.79,,3.0
Dell,15,12th Gen,12.0,1024.0,Black,1.97,AMD Ryzen 3,758.34,34691.12,17.95,4.6
Acer,16,10th Gen,12.0,512.0,Grey,2.54,AMD Ryzen 5,237.76,105964.67,,4.0
Hp,16,10th Gen,16.0,1024.0,Silver,2.34,Intel Core i5,109.95,87865.04,36.51,3.7
Dell,15,10th Gen,32.0,1024.0,Grey,2.51,AMD Ryzen 7,,35907.0,10.42,2.5
Dell,VivoBook,12th Gen,4.0,512.0,Grey,2.88,AMD Ryzen 5,454.6,139198.75,,3.6
Lenovo,14,12th Gen,4.0,1024.0,Silver,2.45,Intel Core i7,438.38,129430.66,26.3,4.7
Lenovo,X1,12th Gen,32.0,512.0,Grey,2.5,Intel Core i7,,93738.86,36.11,2.8
Lenovo,X1,12th Gen,32.0,1024.0,Grey,1.33,AMD Ryzen 5,370.61,102090.75,,2.8
Dell,Inspiron,10th Gen,8.0,256.0,Blue,2.04,AMD Ryzen 3,606.92,187345.89,44.91,2.5
Hp,14,10th Gen,32.0,512.0,Grey,2.67,Intel Core i5,428.16,156645.85,23.4,3.3
Dell,X1,11th Gen,,1024.0,Silver,1.29,Intel Core i7,,95640.56,24.03,3.2
Hp,16,10th Gen,8.0,512.0,Blue,2.45,AMD Ryzen 3,,179295.3,29.4,3.7
Asus,14,11th Gen,16.0,1024.0,Black,2.24,Intel Core i7,,118241.48,,3.2
Asus,VivoBook,10th Gen,12.0,256.0,Blue,1.36,AMD Ryzen 7,479.77,33668.3,47.2,4.9
Acer,15,12th Gen,32.0,1024.0,White,2.66,Intel Core i3,,99686.65,20.74,4.0
Hp,VivoBook,12th Gen,32.0,512.0,Blue,1.82,AMD Ryzen 7,,32161.29,28.05,3.2
Lenovo,Inspiron,10th Gen,8.0,1024.0,Blue,2.61,Intel Core i5,946.99,39687.61,,2.9
Acer,Inspiron,11th Gen,32.0,256.0,Black,2.23,AMD Ryzen 7,129.22,159242.32,22.76,3.7
Hp,X1,11th Gen,8.0,512.0,Grey,2.41,Intel Core i7,672.68,145174.72,,3.5
Asus,Inspiron,12th Gen,8.0,256.0,Grey,2.3,AMD Ryzen 5,283.46,28765.1,,4.5
Acer,Inspiron,12th Gen,16.0,1024.0,Black,2.21,AMD Ryzen 5,,72373.69,,4.0
Acer,Inspiron,11th Gen,16.0,512.0,Grey,2.55,Intel Core i7,,53043.74,24.31,4.1
Asus,X1,10th Gen,4.0,1024.0,Grey,2.2,Intel Core i5,,122969.57,20.97,3.9
Lenovo,Inspiron,10th Gen,16.0,256.0,White,2.27,Intel Core i3,,76940.98,,3.2
Lenovo,14,12th Gen,8.0,512.0,Blue,1.35,Intel Core i5,,69589.21,,3.8
Hp,14,10th Gen,4.0,512.0,White,2.9,AMD Ryzen 3,,142805.03,,3.9
Hp,VivoBook,11th Gen,32.0,1024.0,White,1.41,Intel Core i3,,194149.14,49.84,2.7
Asus,X1,11th Gen,16.0,,Blue,2.58,AMD Ryzen 7,636.34,154747.58,15.16,3.2
Lenovo,15,11th Gen,8.0,512.0,White,2.17,AMD Ryzen 7,,145270.32,,3.5
Asus,VivoBook,12th Gen,12.0,256.0,Grey,2.25,Intel Core i7,,52969.96,,2.7
Acer,VivoBook,12th Gen,16.0,1024.0,White,2.79,Intel Core i3,851.87,22241.78,21.58,3.9
Acer,VivoBook,11th Gen,12.0,512.0,Black,2.19,AMD Ryzen 7,556.51,48156.28,,2.6
Asus,15,10th Gen,12.0,512.0,Grey,2.37,AMD Ryzen 7,163.7,96893.2,34.29,4.2
Dell,16,13th Gen,4.0,1024.0,Black,2.96,AMD Ryzen 7,439.67,45611.54,36.36,4.9
Dell,15,10th Gen,16.0,512.0,White,2.09,AMD Ryzen 5,551.15,75405.0,14.45,4.1
Dell,VivoBook,11th Gen,4.0,1024.0,Silver,2.59,Intel Core i3,749.07,162346.49,17.9,3.0
Acer,X1,11th Gen,4.0,512.0,White,2.21,Intel Core i5,,105434.6,,4.2
Dell,14,11th Gen,32.0,256.0,Black,1.93,AMD Ryzen 7,125.58,114295.23,,4.1
Dell,15,13th Gen,32.0,1024.0,Silver,2.22,AMD Ryzen 7,,71106.18,25.72,3.2
Asus,16,13th Gen,32.0,256.0,White,2.1,Intel Core i3,,157681.08,46.7,2.6
Dell,14,11th Gen,16.0,256.0,Blue,2.73,Intel Core i7,818.35,42489.04,,3.0
Lenovo,X1,12th Gen,8.0,1024.0,Grey,1.93,AMD Ryzen 5,690.42,26236.63,,4.5
Hp,16,10th Gen,8.0,1024.0,Silver,2.65,AMD Ryzen 3,928.16,176787.31,12.09,4.7
Dell,Inspiron,11th Gen,4.0,256.0,Black,2.25,AMD Ryzen 5,368.49,107171.78,23.31,4.7
Asus,VivoBook,11th Gen,32.0,512.0,White,1.67,Intel Core i7,476.66,33580.15,6.78,4.1
Lenovo,15,13th Gen,8.0,512.0,Silver,2.38,AMD Ryzen 3,,113968.89,,4.9
Lenovo,16,13th Gen,4.0,256.0,Black,2.84,Intel Core i3,,62443.14,,4.9
Lenovo,VivoBook,11th Gen,16.0,256.0,Silver,1.87,AMD Ryzen 5,,199425.15,14.58,3.3
Lenovo,X1,13th Gen,16.0,1024.0,White,2.01,AMD Ryzen 3,683.35,82355.88,,4.0
Dell,VivoBook,13th Gen,12.0,1024.0,White,1.45,AMD Ryzen 5,,59498.62,,3.5
Dell,15,10th Gen,4.0,512.0,Silver,2.81,AMD Ryzen 3,,44693.29,,2.9
Lenovo,16,11th Gen,16.0,512.0,Silver,1.73,AMD Ryzen 3,656.27,103648.33,6.59,4.3
Lenovo,X1,10th Gen,4.0,1024.0,White,2.82,AMD Ryzen 7,947.56,112918.82,,4.8
Dell,Inspiron,13th Gen,8.0,512.0,Grey,1.35,AMD Ryzen 5,,107160.14,26.21,3.7
Dell,14,11th Gen,12.0,1024.0,Blue,1.3,Intel Core i5,152.77,159547.69,,3.9
Dell,15,12th Gen,16.0,1024.0,Silver,2.57,AMD Ryzen 7,466.21,139003.84,2.89,4.5
Dell,Inspiron,11th Gen,16.0,512.0,Blue,1.75,Intel Core i5,804.45,21112.89,,4.8
Dell,Inspiron,11th Gen,8.0,1024.0,Silver,1.73,AMD Ryzen 3,,51622.15,23.32,4.4
Asus,16,13th Gen,8.0,1024.0,Black,1.68,Intel Core i5,,159875.81,20.41,3.7
Hp,15,13th Gen,4.0,256.0,White,1.95,Intel Core i3,,87179.2,40.87,3.6
Dell,X1,12th Gen,4.0,256.0,White,1.85,Intel Core i5,,101294.85,,4.9
Lenovo,15,11th Gen,4.0,512.0,Black,2.52,Intel Core i3,,41355.9,,2.6
Dell,16,10th Gen,16.0,1024.0,Silver,2.94,Intel Core i5,793.9,158093.74,35.28,4.0
Acer,16,12th Gen,4.0,256.0,Blue,2.3,Intel Core i7,654.16,140977.69,,4.9
Asus,X1,12th Gen,16.0,512.0,Grey,2.83,Intel Core i3,771.04,100937.45,22.65,2.7
Hp,15,12th Gen,16.0,256.0,Blue,2.29,Intel Core i3,,26990.65,24.92,4.5
Acer,Inspiron,12th Gen,16.0,1024.0,White,2.05,Intel Core i5,194.77,166984.95,,4.3
Dell,VivoBook,10th Gen,32.0,1024.0,Silver,1.71,AMD Ryzen 5,,31925.91,37.87,2.6
Dell,14,10th Gen,12.0,1024.0,Silver,2.66,Intel Core i5,985.4,129788.58,39.9,3.8
Acer,14,11th Gen,16.0,512.0,Grey,2.82,AMD Ryzen 5,,27308.74,,3.3
Hp,VivoBook,13th Gen,32.0,512.0,Grey,2.19,Intel Core i5,,47043.3,,4.7
Dell,VivoBook,10th Gen,16.0,256.0,Black,2.16,AMD Ryzen 5,,85391.12,9.05,3.8
Lenovo,14,10th Gen,32.0,1024.0,White,2.07,AMD Ryzen 3,594.86,182085.75,13.08,4.7
Lenovo,15,12th Gen,16.0,1024.0,Black,1.95,AMD Ryzen 7,,54728.22,36.12,2.7
Lenovo,VivoBook,13th Gen,16.0,512.0,Black,2.33,AMD Ryzen 5,944.32,56320.9,26.69,3.8
Acer,Inspiron,13th Gen,4.0,1024.0,Blue,1.26,AMD Ryzen 5,282.99,133107.73,,4.9
Acer,16,12th Gen,16.0,256.0,Blue,2.76,AMD Ryzen 5,741.59,83338.69,,2.7
Acer,14,13th Gen,4.0,256.0,White,2.3,Intel Core i7,,64465.93,,3.1
Asus,Inspiron,10th Gen,8.0,512.0,Blue,1.64,AMD Ryzen 7,,136420.52,41.89,3.0
Acer,15,11th Gen,12.0,256.0,Grey,2.61,Intel Core i3,704.65,154326.52,24.6,2.5
Asus,14,11th Gen,8.0,512.0,Silver,,Intel Core i5,537.33,116725.12,21.14,4.7
Asus,15,13th Gen,8.0,256.0,Silver,2.9,AMD Ryzen 3,268.37,178180.61,8.13,3.4
Asus,VivoBook,12th Gen,12.0,512.0,White,2.97,Intel Core i3,646.86,179908.83,,4.5
Acer,X1,11th Gen,8.0,512.0,White,2.28,Intel Core i3,521.62,73355.37,,4.1
Acer,X1,11th Gen,32.0,512.0,Grey,2.76,Intel Core i5,950.75,129338.15,40.95,3.2
Hp,14,10th Gen,8.0,512.0,Silver,1.32,Intel Core i5,142.12,23609.39,43.68,3.5
Hp,15,11th Gen,4.0,512.0,White,1.87,Intel Core i3,240.28,77096.17,,3.5
Dell,15,13th Gen,32.0,1024.0,Blue,2.54,AMD Ryzen 5,,153207.22,35.08,4.1
Lenovo,Inspiron,12th Gen,16.0,1024.0,Grey,1.65,AMD Ryzen 3,626.23,102099.43,,4.1
Acer,15,11th Gen,12.0,512.0,Black,2.43,AMD Ryzen 5,630.72,93583.38,,4.4
Acer,Inspiron,13th Gen,4.0,256.0,Grey,2.29,Intel Core i7,,102619.74,,3.2
Asus,16,12th Gen,4.0,1024.0,Grey,2.87,Intel Core i3,,169237.97,42.05,4.8
Asus,Inspiron,13th Gen,8.0,512.0,Silver,2.0,AMD Ryzen 5,467.01,145416.17,,4.4
Dell,14,11th Gen,8.0,512.0,Grey,1.45,AMD Ryzen 7,404.92,164314.38,,2.6
Dell,Inspiron,12th Gen,4.0,256.0,Silver,2.2,Intel Core i5,,131864.24,4.2,2.9
Dell,15,11th Gen,16.0,512.0,Black,2.64,Intel Core i3,371.92,84856.09,17.95,4.6
Hp,14,10th Gen,8.0,1024.0,Silver,1.98,Intel Core i3,,191289.42,23.47,2.9
Asus,14,12th Gen,4.0,512.0,Silver,1.93,AMD Ryzen 7,,51092.33,49.03,4.7
Lenovo,14,12th Gen,4.0,1024.0,Silver,1.7,Intel Core i5,924.97,138409.42,,3.3
Lenovo,16,12th Gen,32.0,512.0,Blue,2.14,Intel Core i7,649.41,54172.01,,3.6
Acer,VivoBook,12th Gen,4.0,512.0,Blue,2.89,Intel Core i3,991.22,57081.93,18.39,4.2
Asus,15,12th Gen,32.0,512.0,Black,2.6,AMD Ryzen 3,,100054.86,,4.3
Acer,VivoBook,12th Gen,12.0,256.0,Silver,2.84,AMD Ryzen 7,,132979.14,,3.4
Asus,X1,10th Gen,32.0,256.0,Black,1.21,AMD Ryzen 7,,27189.89,42.05,4.8
Acer,Inspiron,11th Gen,16.0,512.0,Silver,1.62,AMD Ryzen 5,,199276.57,,2.9
Asus,VivoBook,10th Gen,16.0,512.0,White,2.52,AMD Ryzen 3,,168883.82,11.23,3.9
Hp,16,12th Gen,8.0,512.0,Silver,1.95,Intel Core i7,991.91,173169.27,,4.8
Dell,Inspiron,12th Gen,8.0,256.0,Blue,2.85,AMD Ryzen 3,,46293.23,20.65,4.6
Lenovo,X1,12th Gen,12.0,1024.0,Silver,2.63,AMD Ryzen 7,,30131.92,25.13,3.8
Hp,X1,13th Gen,16.0,256.0,Silver,1.47,AMD Ryzen 5,832.12,28144.61,19.99,3.6
Asus,16,13th Gen,12.0,256.0,Silver,1.79,AMD Ryzen 3,225.1,135564.96,,3.0
Acer,VivoBook,12th Gen,8.0,512.0,Grey,2.25,AMD Ryzen 5,,49100.74,,4.6
Dell,16,11th Gen,12.0,1024.0,White,2.54,AMD Ryzen 5,393.1,165395.06,17.23,4.9
Asus,VivoBook,13th Gen,12.0,256.0,White,2.64,Intel Core i5,118.29,193949.03,,3.6
Dell,14,10th Gen,16.0,512.0,Silver,2.26,Intel Core i3,591.23,161656.36,,3.6
Acer,VivoBook,11th Gen,12.0,256.0,Silver,2.54,AMD Ryzen 7,,124836.56,19.63,2.9
Lenovo,X1,11th Gen,32.0,1024.0,Black,1.8,Intel Core i5,495.6,107744.13,46.09,2.7
Acer,14,11th Gen,32.0,1024.0,Grey,2.91,Intel Core i3,942.79,149453.32,34.58,3.9
Lenovo,14,12th Gen,12.0,1024.0,White,2.45,AMD Ryzen 5,235.11,115081.43,,2.9
Lenovo,VivoBook,13th Gen,8.0,512.0,Grey,2.68,Intel Core i5,,166692.29,,4.0
Lenovo,16,13th Gen,12.0,512.0,White,2.47,AMD Ryzen 7,953.99,159825.02,13.08,2.8
Acer,Inspiron,10th Gen,32.0,512.0,Blue,2.89,AMD Ryzen 3,,128241.75,29.07,2.7
Acer,16,11th Gen,8.0,1024.0,Black,2.16,AMD Ryzen 3,861.4,59092.4,,4.2
Acer,X1,13th Gen,32.0,1024.0,Silver,2.44,Intel Core i7,,149400.34,34.6,4.5
Hp,16,13th Gen,16.0,512.0,Black,2.45,Intel Core i5,,133653.36,,3.6
Hp,X1,10th Gen,8.0,256.0,Blue,2.55,Intel Core i5,605.02,143999.12,24.52,4.4
Hp,16,11th Gen,16.0,512.0,Silver,2.87,Intel Core i5,,56191.21,49.77,3.5
Dell,15,11th Gen,8.0,1024.0,Silver,1.7,AMD Ryzen 5,246.9,100374.39,,4.6
Asus,X1,11th Gen,32.0,1024.0,Silver,1.43,Intel Core i7,284.72,67816.75,,3.6
Asus,16,11th Gen,4.0,256.0,White,1.65,Intel Core i5,,128197.69,21.46,2.9
Dell,Inspiron,11th Gen,12.0,512.0,Black,2.17,AMD Ryzen 3,,79377.28,,4.0
Acer,VivoBook,12th Gen,12.0,256.0,Grey,1.64,AMD Ryzen 7,,84284.49,,2.6
Dell,X1,13th Gen,16.0,1024.0,White,2.48,Intel Core i5,820.13,191929.4,,4.8
Hp,14,11th Gen,8.0,256.0,Grey,2.49,Intel Core i3,905.35,55673.64,26.79,4.6
Acer,VivoBook,12th Gen,8.0,512.0,Grey,1.8,AMD Ryzen 3,704.6,81662.7,28.21,2.6
Hp,15,13th Gen,4.0,512.0,Grey,1.33,Intel Core i3,,71459.37,43.8,3.3
Lenovo,15,12th Gen,16.0,1024.0,Blue,1.5,Intel Core i5,,37944.78,22.3,2.7
Hp,15,13th Gen,8.0,256.0,Silver,2.12,Intel Core i7,,142211.76,,3.7
Dell,VivoBook,11th Gen,16.0,512.0,Silver,1.53,AMD Ryzen 3,582.4,60044.88,,2.9
Dell,VivoBook,13th Gen,16.0,512.0,Silver,2.98,AMD Ryzen 7,388.65,138347.51,,4.4
Hp,16,10th Gen,32.0,1024.0,Grey,2.48,AMD Ryzen 7,363.71,74709.1,43.01,4.3
Asus,14,11th Gen,8.0,512.0,Silver,1.69,AMD Ryzen 7,929.2,99430.44,,4.0
Asus,VivoBook,11th Gen,12.0,256.0,Black,1.82,,434.17,70934.66,26.73,4.3
Hp,X1,12th Gen,8.0,256.0,Black,2.07,AMD Ryzen 7,142.28,24108.56,,2.7
Acer,Inspiron,11th Gen,32.0,,Black,1.24,Intel Core i7,,160036.86,11.77,3.3
Lenovo,15,11th Gen,16.0,256.0,Blue,2.46,Intel Core i5,,187413.43,40.7,4.2
Lenovo,14,12th Gen,4.0,256.0,White,2.83,AMD Ryzen 3,,152783.59,24.23,2.6
Acer,15,12th Gen,16.0,512.0,White,3.0,AMD Ryzen 5,,59435.59,14.98,4.4
Acer,VivoBook,11th Gen,32.0,512.0,White,2.87,Intel Core i5,,114237.91,,3.5
Acer,14,10th Gen,4.0,512.0,Blue,2.22,Intel Core i3,,66771.17,,4.4
Dell,14,11th Gen,4.0,256.0,Blue,1.95,AMD Ryzen 5,303.68,98128.5,12.44,3.6
Asus,14,10th Gen,,256.0,Blue,,Intel Core i5,791.91,188036.1,33.67,4.0
Lenovo,16,12th Gen,12.0,1024.0,Silver,2.37,AMD Ryzen 5,152.75,82730.99,44.02,3.1
Acer,16,10th Gen,16.0,1024.0,Blue,1.33,AMD Ryzen 7,697.93,194999.49,,3.5
Acer,16,13th Gen,12.0,256.0,Blue,2.17,Intel Core i5,985.59,135379.09,,3.7
Hp,X1,12th Gen,16.0,512.0,Black,2.93,Intel Core i5,,42887.87,28.45,2.9
Acer,VivoBook,13th Gen,8.0,256.0,Silver,2.51,Intel Core i5,922.27,44208.17,4.83,4.4
Hp,16,11th Gen,12.0,256.0,Silver,2.1,Intel Core i7,,93657.43,42.81,4.0
Acer,Inspiron,12th Gen,4.0,256.0,Grey,2.45,Intel Core i5,599.8,39546.29,,3.6
Asus,16,13th Gen,16.0,1024.0,Blue,2.15,Intel Core i5,620.89,48742.81,,3.6
Dell,15,13th Gen,12.0,256.0,Silver,2.44,AMD Ryzen 7,750.17,106682.69,,4.7
Acer,Inspiron,10th Gen,32.0,1024.0,Silver,2.89,Intel Core i5,345.43,104980.39,,4.8
Asus,VivoBook,13th Gen,32.0,256.0,Black,2.92,Intel Core i3,,68345.41,,4.9
Acer,VivoBook,10th Gen,16.0,512.0,White,2.62,Intel Core i5,,51488.42,,3.8
Asus,Inspiron,12th Gen,4.0,512.0,Grey,2.55,AMD Ryzen 3,258.12,143393.81,4.93,3.4
Dell,14,10th Gen,12.0,512.0,Silver,1.79,Intel Core i3,588.03,130965.28,43.95,3.7
Asus,14,12th Gen,4.0,1024.0,Grey,2.83,Intel Core i5,,161609.05,,2.9
Lenovo,15,12th Gen,32.0,1024.0,Black,2.85,Intel Core i5,,146072.59,,2.7
Lenovo,16,11th Gen,32.0,256.0,White,1.39,Intel Core i7,,149207.65,21.88,4.9
Dell,Inspiron,10th Gen,8.0,1024.0,Silver,2.15,Intel Core i7,461.91,154101.12,44.63,3.9
Lenovo,VivoBook,11th Gen,12.0,512.0,Silver,1.47,AMD Ryzen 5,,148089.33,,4.1
Acer,Inspiron,13th Gen,8.0,1024.0,White,2.18,AMD Ryzen 7,240.44,151132.14,47.91,5.0
Acer,VivoBook,11th Gen,16.0,256.0,Blue,2.27,AMD Ryzen 7,,197346.49,,4.2
Lenovo,Inspiron,10th Gen,4.0,256.0,Black,2.44,AMD Ryzen 7,102.78,186265.02,,4.6
Asus,VivoBook,13th Gen,32.0,1024.0,Grey,1.61,AMD Ryzen 3,,75441.01,40.32,4.4
Dell,15,11th Gen,16.0,1024.0,Grey,2.94,AMD Ryzen 5,563.45,156335.9,27.64,3.5
Dell,X1,11th Gen,4.0,256.0,Black,2.2,AMD Ryzen 3,609.93,92375.04,24.63,4.8
Asus,X1,11th Gen,8.0,1024.0,White,2.26,Intel Core i5,323.83,163156.26,,3.0
Hp,X1,10th Gen,32.0,1024.0,Silver,1.79,AMD Ryzen 5,613.36,140034.2,,4.9
Lenovo,Inspiron,12th Gen,32.0,256.0,Silver,1.56,Intel Core i7,714.56,144511.69,33.64,3.8
Acer,VivoBook,13th Gen,12.0,256.0,White,1.45,Intel Core i3,192.44,22934.8,,3.6
Asus,15,11th Gen,4.0,512.0,Black,1.57,AMD Ryzen 3,171.92,193502.64,11.44,4.8
Lenovo,14,12th Gen,32.0,1024.0,Blue,2.17,AMD Ryzen 7,681.67,173304.49,,4.0
Asus,15,12th Gen,32.0,1024.0,White,2.01,AMD Ryzen 3,704.32,141953.8,41.94,3.2
Asus,X1,11th Gen,4.0,256.0,Black,1.62,Intel Core i3,957.43,87900.82,,4.1
Hp,14,11th Gen,16.0,256.0,Black,2.28,Intel Core i3,,37030.23,,3.7
Asus,15,10th Gen,12.0,1024.0,Blue,1.75,AMD Ryzen 3,473.5,192598.24,17.54,2.5
Hp,Inspiron,13th Gen,4.0,512.0,Grey,2.98,AMD Ryzen 5,,71447.34,22.1,4.3
Hp,14,13th Gen,4.0,512.0,White,2.59,Intel Core i3,478.24,37199.07,18.65,3.0
Acer,Inspiron,10th Gen,16.0,1024.0,Silver,2.2,Intel Core i5,,197533.94,,4.7
Acer,VivoBook,10th Gen,32.0,512.0,Black,1.94,Intel Core i5,836.02,119275.84,22.66,3.5
Hp,Inspiron,13th Gen,,256.0,Black,2.27,AMD Ryzen 7,685.1,69260.47,36.11,3.9
Hp,X1,12th Gen,8.0,,Black,2.95,Intel Core i7,,102391.48,,2.9
Asus,VivoBook,10th Gen,4.0,1024.0,Black,2.7,AMD Ryzen 3,,28664.17,26.13,2.5
Dell,15,11th Gen,16.0,512.0,Black,2.37,AMD Ryzen 3,,112638.58,32.28,4.5
Hp,14,10th Gen,12.0,1024.0,White,1.36,AMD Ryzen 7,304.07,123393.6,,3.6
Acer,VivoBook,12th Gen,8.0,256.0,White,1.54,AMD Ryzen 7,520.38,119628.72,7.05,4.4
Lenovo,14,11th Gen,16.0,512.0,Blue,1.88,AMD Ryzen 7,,29811.12,12.93,2.8
Hp,15,12th Gen,8.0,1024.0,Black,2.52,AMD Ryzen 5,,151142.71,,2.6
Asus,VivoBook,11th Gen,32.0,512.0,Silver,2.86,AMD Ryzen 3,,86606.64,25.38,2.7
Asus,15,12th Gen,32.0,512.0,Silver,1.7,Intel Core i5,,172182.98,,3.6
Hp,X1,11th Gen,8.0,1024.0,Blue,2.75,AMD Ryzen 5,,52782.61,3.6,3.6
Dell,VivoBook,13th Gen,32.0,512.0,Grey,2.23,Intel Core i5,,22353.74,48.01,4.9
Lenovo,14,12th Gen,16.0,512.0,White,2.65,AMD Ryzen 7,,44922.47,,2.6
Asus,16,12th Gen,4.0,512.0,Black,2.76,Intel Core i7,,76447.8,2.0,4.6
Dell,X1,12th Gen,16.0,512.0,Silver,2.8,Intel Core i7,187.56,174669.85,3.59,5.0
Asus,VivoBook,13th Gen,4.0,512.0,Blue,1.91,AMD Ryzen 7,,53273.02,,4.7
Dell,14,12th Gen,12.0,256.0,Blue,1.72,AMD Ryzen 3,,95780.14,,4.8
Hp,15,13th Gen,16.0,1024.0,Grey,1.43,Intel Core i3,598.59,137700.52,,2.8
Dell,X1,10th Gen,8.0,1024.0,Blue,1.26,Intel Core i7,416.38,38236.34,,3.3
Asus,16,12th Gen,32.0,1024.0,Black,1.67,Intel Core i7,,86890.09,30.19,3.6
Hp,14,13th Gen,16.0,256.0,Silver,2.37,AMD Ryzen 7,,136145.91,,2.9
Dell,Inspiron,13th Gen,16.0,512.0,Blue,2.78,AMD Ryzen 5,151.94,144294.2,,4.2
Dell,X1,12th Gen,16.0,256.0,Grey,1.6,Intel Core i5,239.92,31475.2,47.98,3.5
Lenovo,VivoBook,12th Gen,16.0,512.0,Grey,1.56,Intel Core i5,258.17,92673.8,,3.2
Lenovo,Inspiron,13th Gen,12.0,256.0,White,1.47,Intel Core i7,,122457.94,25.66,3.6
Lenovo,Inspiron,10th Gen,4.0,1024.0,Black,1.45,,,156669.73,,3.9
Lenovo,X1,12th Gen,8.0,512.0,Grey,2.13,AMD Ryzen 7,,131798.63,,4.5
Hp,14,11th Gen,4.0,256.0,White,2.19,AMD Ryzen 3,,199503.69,,3.2
Dell,14,11th Gen,12.0,256.0,Grey,1.3,AMD Ryzen 3,,107797.33,,2.8
Asus,VivoBook,11th Gen,32.0,1024.0,Silver,2.11,Intel Core i3,614.64,70733.38,,3.3
Hp,Inspiron,10th Gen,4.0,512.0,Black,1.35,Intel Core i7,641.29,51178.36,,2.9
Lenovo,15,11th Gen,32.0,256.0,Blue,1.73,Intel Core i7,,120068.09,,3.2
Lenovo,X1,11th Gen,8.0,512.0,Grey,1.54,Intel Core i7,,21649.83,,3.7
Hp,15,13th Gen,16.0,1024.0,Black,2.32,Intel Core i7,,108326.97,15.24,3.4
Asus,14,11th Gen,12.0,1024.0,Black,1.71,Intel Core i3,969.92,35513.08,,3.1
Acer,X1,12th Gen,8.0,1024.0,Black,1.55,Intel Core i7,,24126.85,22.45,4.2
Acer,15,13th Gen,8.0,256.0,Grey,2.27,Intel Core i7,,123882.92,29.71,4.8
Lenovo,Inspiron,11th Gen,8.0,1024.0,Blue,1.56,AMD Ryzen 7,,97263.46,,3.4
Dell,VivoBook,12th Gen,12.0,1024.0,Blue,2.1,AMD Ryzen 7,,86289.2,,4.4
Hp,X1,13th Gen,16.0,512.0,White,2.98,AMD Ryzen 3,,170375.21,8.08,4.0
Hp,X1,13th Gen,12.0,1024.0,Blue,1.97,AMD Ryzen 7,850.9,124777.88,,4.7
Dell,14,13th Gen,16.0,256.0,Grey,1.6,Intel Core i3,,174470.29,,4.8
Acer,14,10th Gen,8.0,256.0,Blue,2.87,Intel Core i5,839.45,27234.38,,3.8
Hp,Inspiron,12th Gen,16.0,1024.0,Silver,2.77,Intel Core i3,107.2,63898.35,10.4,4.6
Asus,X1,12th Gen,16.0,1024.0,White,2.42,Intel Core i5,,164181.76,18.0,3.2
Lenovo,Inspiron,12th Gen,16.0,512.0,Silver,2.51,AMD Ryzen 5,641.75,182735.27,,5.0
Dell,VivoBook,13th Gen,4.0,512.0,Blue,1.65,AMD Ryzen 5,,125176.82,8.35,2.5
Lenovo,VivoBook,13th Gen,8.0,1024.0,Blue,2.94,Intel Core i5,734.53,170734.08,45.68,3.6
Asus,Inspiron,11th Gen,12.0,512.0,White,1.8,Intel Core i3,556.88,47450.22,15.07,3.9
Lenovo,16,12th Gen,32.0,512.0,Blue,2.69,Intel Core i5,,144406.58,46.02,3.7
Dell,14,11th Gen,8.0,512.0,Blue,1.21,Intel Core i5,540.46,169763.87,,4.2
Lenovo,15,12th Gen,32.0,256.0,Blue,1.23,AMD Ryzen 5,,42842.45,,4.2
Asus,14,11th Gen,16.0,512.0,Black,2.4,Intel Core i5,888.11,177239.53,,4.8
Lenovo,X1,12th Gen,8.0,1024.0,Black,2.34,Intel Core i5,,75228.8,28.22,3.1
Acer,15,13th Gen,16.0,256.0,Grey,2.74,AMD Ryzen 3,689.32,151180.55,43.85,3.7
Hp,16,12th Gen,32.0,256.0,Silver,1.58,AMD Ryzen 3,,26425.79,12.94,3.2
Lenovo,14,13th Gen,4.0,1024.0,Grey,1.95,Intel Core i5,,185042.36,38.61,4.1
Acer,VivoBook,10th Gen,32.0,1024.0,Black,1.63,Intel Core i5,839.09,36266.68,,4.6
Asus,16,10th Gen,4.0,512.0,Blue,2.18,AMD Ryzen 5,538.75,53975.66,7.27,4.6
Hp,VivoBook,12th Gen,16.0,1024.0,Black,2.66,Intel Core i3,812.0,96162.86,28.81,3.3
Hp,VivoBook,12th Gen,32.0,1024.0,Silver,2.26,,,42777.48,,2.7
Asus,16,13th Gen,32.0,512.0,Silver,2.14,AMD Ryzen 7,,27169.34,3.29,3.1
Dell,Inspiron,11th Gen,4.0,1024.0,Black,2.96,Intel Core i5,997.92,193190.21,,2.7
Asus,15,13th Gen,16.0,512.0,Blue,2.83,Intel Core i7,668.2,69515.31,,3.6
Hp,15,13th Gen,12.0,256.0,White,1.3,Intel Core i5,563.46,71314.9,,3.8
Acer,X1,10th Gen,12.0,256.0,Silver,2.62,AMD Ryzen 3,,171171.76,29.39,5.0
Asus,16,10th Gen,32.0,512.0,Black,2.33,Intel Core i3,730.26,149218.2,,3.8
Acer,15,11th Gen,8.0,1024.0,Silver,2.05,Intel Core i3,,161666.94,49.79,3.6
Asus,14,11th Gen,32.0,1024.0,Silver,2.93,Intel Core i7,,195592.94,4.79,2.6
Hp,16,13th Gen,12.0,1024.0,Silver,2.01,AMD Ryzen 3,637.45,74119.79,47.57,3.9
Hp,14,10th Gen,32.0,1024.0,Black,2.88,AMD Ryzen 5,,139867.91,,3.2
Dell,14,11th Gen,32.0,512.0,Blue,2.92,AMD Ryzen 5,302.69,127957.08,49.02,4.8
Lenovo,Inspiron,12th Gen,16.0,512.0,Grey,1.26,Intel Core i7,340.34,197502.06,30.73,3.5
Acer,14,13th Gen,32.0,1024.0,Silver,1.76,AMD Ryzen 3,,59914.14,,4.4
Acer,Inspiron,12th Gen,8.0,256.0,Grey,2.03,Intel Core i5,,185542.16,26.37,2.6
Dell,16,11th Gen,12.0,512.0,Black,2.4,AMD Ryzen 7,159.9,126871.5,,2.9
Acer,15,12th Gen,32.0,512.0,Silver,2.6,AMD Ryzen 3,765.8,87542.0,,4.9
Asus,14,13th Gen,16.0,1024.0,Blue,2.07,Intel Core i5,,43032.82,23.09,2.9
Lenovo,X1,10th Gen,12.0,512.0,Grey,1.61,AMD Ryzen 3,919.27,149272.53,14.27,3.4
Hp,Inspiron,12th Gen,16.0,1024.0,Black,1.37,Intel Core i3,716.36,196624.08,46.07,4.5
Asus,16,10th Gen,8.0,256.0,Grey,2.47,Intel Core i7,,109358.99,,4.9
Acer,VivoBook,10th Gen,32.0,1024.0,Black,1.61,AMD Ryzen 5,,116184.27,21.3,3.6
Acer,X1,12th Gen,32.0,256.0,Blue,2.92,Intel Core i7,585.08,137149.17,,4.7
Asus,16,10th Gen,16.0,1024.0,Blue,1.67,Intel Core i3,112.99,113504.17,,2.6
Hp,16,12th Gen,12.0,,Black,2.82,AMD Ryzen 5,880.43,62792.4,,3.7
Hp,Inspiron,13th Gen,4.0,1024.0,Black,1.68,AMD Ryzen 7,,175508.79,,4.0
Acer,15,10th Gen,32.0,1024.0,Black,2.89,AMD Ryzen 5,,183526.74,38.48,3.6
Dell,14,12th Gen,12.0,512.0,Blue,1.67,AMD Ryzen 3,168.73,69780.64,22.26,3.3
Acer,X1,13th Gen,12.0,256.0,Grey,1.85,Intel Core i5,678.81,151785.59,,2.9
Asus,14,10th Gen,16.0,512.0,Silver,2.22,AMD Ryzen 5,314.6,190972.39,,3.4
Lenovo,14,13th Gen,8.0,512.0,Silver,2.16,Intel Core i7,295.77,73595.42,4.56,4.8
Acer,14,12th Gen,12.0,1024.0,White,2.92,Intel Core i3,,49204.72,19.89,4.3
Hp,X1,10th Gen,12.0,512.0,Grey,1.62,AMD Ryzen 3,,198207.3,,4.7
Hp,VivoBook,11th Gen,4.0,512.0,Grey,1.5,AMD Ryzen 7,458.92,156129.74,,3.2
Asus,16,13th Gen,12.0,512.0,Grey,1.98,Intel Core i3,894.84,72612.38,,3.7
Acer,X1,13th Gen,4.0,256.0,Silver,1.78,AMD Ryzen 7,,111090.9,,4.6
Hp,14,11th Gen,4.0,512.0,Blue,2.28,AMD Ryzen 5,699.58,35188.05,37.18,4.9
Lenovo,VivoBook,10th Gen,16.0,256.0,Silver,1.77,Intel Core i5,292.48,131738.54,,4.4
Lenovo,Inspiron,13th Gen,4.0,1024.0,Grey,1.66,AMD Ryzen 7,,105485.04,24.32,3.9
Asus,X1,10th Gen,32.0,1024.0,Blue,2.16,AMD Ryzen 7,,28041.42,,3.0
Acer,16,10th Gen,4.0,1024.0,Grey,2.9,Intel Core i5,,169320.82,,4.5
Hp,14,12th Gen,32.0,1024.0,Grey,1.44,Intel Core i7,351.14,175486.17,11.32,2.7
Acer,15,11th Gen,8.0,256.0,Black,2.27,Intel Core i7,809.8,66171.82,20.03,4.8
Acer,VivoBook,12th Gen,8.0,512.0,Black,1.38,Intel Core i3,,128604.27,15.02,3.2
Asus,14,11th Gen,12.0,1024.0,Grey,2.74,Intel Core i3,,155662.19,,2.9
Acer,16,13th Gen,16.0,512.0,White,2.65,Intel Core i7,995.81,118253.76,,4.4
Hp,14,12th Gen,16.0,512.0,White,1.32,AMD Ryzen 3,,67556.75,,3.8
Dell,16,12th Gen,8.0,256.0,Black,2.04,Intel Core i7,,162139.02,27.19,3.9
Asus,15,13th Gen,4.0,512.0,White,2.91,AMD Ryzen 3,,141601.88,,2.8
Lenovo,Inspiron,12th Gen,8.0,1024.0,Silver,2.46,AMD Ryzen 3,740.1,191200.27,,4.2
Hp,14,13th Gen,4.0,1024.0,White,2.97,Intel Core i3,830.01,122205.93,1.91,3.1
Hp,16,13th Gen,4.0,512.0,Grey,1.31,Intel Core i7,959.57,110113.44,7.65,3.3
Acer,X1,11th Gen,16.0,1024.0,Silver,1.35,AMD Ryzen 7,,71155.38,,3.5
Acer,15,10th Gen,32.0,1024.0,Grey,2.69,Intel Core i7,828.57,47388.25,48.87,3.6
Dell,16,11th Gen,8.0,512.0,White,1.51,AMD Ryzen 5,,163234.87,,4.3
Dell,16,10th Gen,8.0,512.0,Black,2.07,AMD Ryzen 7,627.08,198873.31,,4.3
Asus,VivoBook,11th Gen,32.0,512.0,Black,2.75,Intel Core i7,,145486.9,,2.5
Hp,Inspiron,13th Gen,16.0,256.0,Black,2.99,AMD Ryzen 3,928.51,21205.45,17.11,2.9
Acer,14,13th Gen,12.0,512.0,Blue,1.45,AMD Ryzen 3,720.91,121531.88,,4.1
Dell,14,13th Gen,8.0,1024.0,Grey,2.59,Intel Core i3,,182977.91,30.26,3.6
Dell,VivoBook,11th Gen,8.0,1024.0,Blue,2.48,AMD Ryzen 7,,32277.03,,2.5
Dell,X1,13th Gen,16.0,512.0,Blue,2.98,Intel Core i5,,150831.83,7.89,3.2
Hp,X1,12th Gen,4.0,512.0,Blue,2.94,Intel Core i3,931.69,145278.27,,4.4
Acer,VivoBook,13th Gen,32.0,256.0,Blue,1.25,Intel Core i5,,91483.59,3.05,2.9
Dell,VivoBook,11th Gen,8.0,512.0,Silver,1.97,Intel Core i7,640.49,85479.44,17.49,2.6
Dell,16,13th Gen,32.0,1024.0,Silver,2.0,AMD Ryzen 7,,76910.58,,2.6
Hp,Inspiron,13th Gen,4.0,256.0,Silver,1.53,Intel Core i5,823.53,100844.36,38.1,4.5
Lenovo,16,12th Gen,4.0,256.0,Grey,2.06,Intel Core i3,609.52,77205.18,,3.0
Hp,16,12th Gen,4.0,1024.0,White,2.58,AMD Ryzen 7,,114302.78,,4.2
Asus,14,13th Gen,16.0,1024.0,Blue,2.42,Intel Core i7,,137282.84,,2.9
Dell,15,12th Gen,12.0,1024.0,White,1.91,Intel Core i3,,100836.06,22.58,3.9
Dell,X1,13th Gen,12.0,512.0,Black,1.97,Intel Core i5,,143319.32,,3.8
Dell,X1,12th Gen,32.0,1024.0,Black,2.45,AMD Ryzen 7,,116944.91,7.79,3.6
Hp,X1,11th Gen,32.0,1024.0,White,1.95,Intel Core i3,,198653.71,,4.7
Acer,16,12th Gen,16.0,256.0,White,2.97,Intel Core i7,219.17,57754.31,5.88,4.0
Hp,14,13th Gen,32.0,1024.0,Grey,2.79,AMD Ryzen 3,,75812.95,,4.4
Lenovo,15,13th Gen,8.0,256.0,Black,2.81,Intel Core i3,,20126.92,,3.8
Asus,VivoBook,11th Gen,8.0,512.0,Black,2.35,,,85961.24,44.67,4.4
Acer,VivoBook,11th Gen,4.0,1024.0,Grey,1.9,AMD Ryzen 7,255.79,168268.84,17.6,3.7
Dell,Inspiron,10th Gen,4.0,1024.0,Silver,1.55,AMD Ryzen 7,,111725.17,,4.7
Hp,X1,10th Gen,12.0,256.0,Blue,1.35,AMD Ryzen 7,,56578.68,25.94,3.6
Acer,VivoBook,12th Gen,12.0,512.0,Silver,2.78,AMD Ryzen 5,,40344.1,,2.6
Asus,X1,13th Gen,12.0,512.0,Silver,1.36,AMD Ryzen 5,,35787.75,,4.0
Acer,16,13th Gen,12.0,1024.0,Silver,2.27,AMD Ryzen 3,,83540.36,,2.9
Hp,X1,12th Gen,32.0,512.0,Blue,1.2,Intel Core i7,,74390.79,42.68,3.4
Acer,14,13th Gen,32.0,256.0,Blue,1.92,Intel Core i3,691.31,140949.79,19.84,3.4
Acer,14,12th Gen,16.0,256.0,Silver,1.86,AMD Ryzen 5,,177547.28,,4.8
Dell,X1,13th Gen,8.0,1024.0,Silver,1.25,,,20547.25,,4.8
Lenovo,15,13th Gen,8.0,256.0,Blue,1.8,Intel Core i7,,173418.77,14.7,2.7
Dell,15,11th Gen,32.0,1024.0,Blue,2.14,Intel Core i5,,163429.65,,3.6
Lenovo,Inspiron,12th Gen,12.0,256.0,Grey,1.5,AMD Ryzen 5,,154043.17,37.81,3.8
Acer,16,10th Gen,12.0,256.0,Grey,2.47,,445.18,155479.21,,2.8
Hp,15,12th Gen,12.0,1024.0,Blue,2.15,Intel Core i3,491.24,50384.86,,3.0
Lenovo,VivoBook,13th Gen,32.0,256.0,Blue,2.72,AMD Ryzen 7,,172531.78,14.5,3.1
Hp,14,11th Gen,4.0,512.0,White,1.81,Intel Core i7,737.73,69899.61,17.16,3.5
Asus,16,10th Gen,16.0,256.0,Silver,2.71,Intel Core i5,856.32,129254.53,,3.8
Dell,15,13th Gen,8.0,1024.0,Blue,1.33,AMD Ryzen 7,,142702.86,,3.5
Hp,14,10th Gen,8.0,1024.0,Silver,1.83,Intel Core i3,930.64,40251.72,41.56,4.7
Acer,14,13th Gen,32.0,1024.0,Silver,2.63,AMD Ryzen 5,401.36,95592.54,1.42,4.7
Dell,15,11th Gen,4.0,1024.0,Grey,1.81,AMD Ryzen 7,807.98,36138.0,,4.7
Acer,Inspiron,10th Gen,32.0,1024.0,Silver,2.66,Intel Core i7,,197627.3,,4.0
Hp,VivoBook,13th Gen,16.0,1024.0,Grey,2.56,AMD Ryzen 3,255.74,131886.52,32.14,2.8
Asus,VivoBook,10th Gen,8.0,512.0,Black,1.92,AMD Ryzen 7,412.95,197965.44,,3.9
Asus,15,10th Gen,4.0,512.0,Grey,1.7,AMD Ryzen 5,311.25,97540.21,,2.7
Asus,16,11th Gen,8.0,1024.0,Blue,2.24,AMD Ryzen 7,747.42,164234.22,,4.6
Dell,X1,10th Gen,4.0,256.0,Black,2.2,Intel Core i7,,92537.12,,4.9
Hp,14,11th Gen,8.0,512.0,Silver,1.5,AMD Ryzen 7,,167489.36,,3.3
Acer,VivoBook,13th Gen,8.0,512.0,White,2.69,AMD Ryzen 5,446.14,104036.35,,4.7
Asus,Inspiron,11th Gen,32.0,1024.0,Black,2.69,AMD Ryzen 3,213.27,160507.42,,2.6
Dell,16,10th Gen,16.0,1024.0,Black,2.56,Intel Core i7,251.17,68376.88,37.02,4.1
Dell,14,11th Gen,8.0,1024.0,Blue,2.32,AMD Ryzen 5,,53682.57,39.81,4.2
Asus,VivoBook,13th Gen,8.0,1024.0,Black,2.92,Intel Core i5,,170937.21,15.53,4.1
Lenovo,14,10th Gen,8.0,1024.0,Blue,1.66,Intel Core i7,,29631.25,,4.2
Dell,VivoBook,10th Gen,16.0,512.0,Grey,1.5,AMD Ryzen 7,350.43,196397.95,,3.5
Hp,15,13th Gen,8.0,512.0,Black,1.94,AMD Ryzen 7,954.44,125927.33,9.85,4.1
Lenovo,X1,11th Gen,4.0,256.0,Grey,2.5,,946.82,160228.35,,3.0
Hp,14,12th Gen,12.0,256.0,Silver,1.41,Intel Core i3,707.41,39971.35,,4.1
Lenovo,14,10th Gen,12.0,512.0,Grey,2.57,Intel Core i7,802.07,67734.39,39.47,4.0
Asus,VivoBook,10th Gen,8.0,256.0,Silver,2.2,AMD Ryzen 3,504.27,135534.27,,4.9
Lenovo,15,12th Gen,32.0,256.0,White,2.89,Intel Core i7,,56623.05,27.2,3.9
Hp,X1,11th Gen,12.0,256.0,Black,2.76,AMD Ryzen 5,,57442.13,,4.5
Asus,X1,11th Gen,12.0,512.0,Silver,2.55,Intel Core i5,889.05,98818.01,25.57,4.7
Asus,VivoBook,12th Gen,16.0,512.0,Black,2.52,AMD Ryzen 5,,178427.59,37.58,3.3
Dell,VivoBook,13th Gen,4.0,1024.0,Black,1.35,AMD Ryzen 7,603.1,44389.64,,2.9
Acer,VivoBook,12th Gen,12.0,512.0,Black,1.33,AMD Ryzen 7,430.55,74336.89,,3.5
Asus,16,11th Gen,16.0,512.0,Grey,2.36,Intel Core i3,203.45,198140.86,9.38,2.9
Dell,X1,12th Gen,4.0,1024.0,Grey,1.43,AMD Ryzen 7,,190238.88,,3.1
Lenovo,16,11th Gen,32.0,512.0,Silver,2.14,AMD Ryzen 3,983.21,79306.0,,4.9
Dell,14,13th Gen,12.0,512.0,White,2.12,Intel Core i3,965.7,123773.0,,3.7
Asus,15,10th Gen,4.0,256.0,Blue,2.6,Intel Core i5,,34600.73,,4.2
Lenovo,X1,11th Gen,8.0,512.0,Grey,1.25,AMD Ryzen 7,,31684.06,,2.9
Lenovo,15,11th Gen,12.0,256.0,Black,1.8,Intel Core i7,767.18,96624.92,23.2,4.2
Acer,14,13th Gen,8.0,512.0,Black,1.8,AMD Ryzen 7,919.56,173641.95,,3.5
Acer,16,11th Gen,16.0,1024.0,Silver,1.23,AMD Ryzen 3,660.96,108626.55,,4.5
Lenovo,14,11th Gen,12.0,1024.0,Blue,2.54,Intel Core i5,219.97,129856.77,,2.6
Dell,14,12th Gen,8.0,512.0,White,2.91,AMD Ryzen 7,,124332.92,,3.3
Lenovo,14,12th Gen,8.0,512.0,Blue,2.12,Intel Core i3,,124777.61,,2.9
Dell,15,13th Gen,8.0,256.0,Silver,1.58,Intel Core i3,,179097.54,25.5,2.6
Lenovo,VivoBook,13th Gen,32.0,512.0,White,2.56,AMD Ryzen 3,,144327.82,46.32,4.9
Asus,VivoBook,11th Gen,4.0,256.0,Black,2.49,Intel Core i5,968.2,94511.81,26.28,3.2
Dell,14,13th Gen,4.0,512.0,Black,1.42,AMD Ryzen 3,544.82,129573.26,,4.6
Lenovo,Inspiron,13th Gen,8.0,1024.0,Black,1.28,Intel Core i5,,49465.75,,4.8
Asus,VivoBook,12th Gen,8.0,256.0,Grey,1.35,AMD Ryzen 5,438.49,46536.08,,3.5
Hp,X1,10th Gen,12.0,1024.0,Blue,2.78,Intel Core i3,332.08,71529.25,41.67,3.6
Lenovo,X1,13th Gen,4.0,1024.0,Grey,2.88,AMD Ryzen 3,228.71,24088.6,,3.6
Acer,16,13th Gen,4.0,1024.0,Silver,1.56,AMD Ryzen 3,,175997.88,,3.7
Dell,X1,12th Gen,32.0,512.0,Blue,2.93,Intel Core i7,,165107.3,6.07,2.8
Hp,15,10th Gen,32.0,512.0,Black,2.55,Intel Core i3,341.46,166019.87,18.6,4.6
Lenovo,14,10th Gen,12.0,512.0,Grey,2.43,AMD Ryzen 5,126.88,45198.71,14.81,3.7
Asus,VivoBook,10th Gen,12.0,1024.0,White,2.4,Intel Core i3,941.41,152211.73,,3.8
Asus,15,12th Gen,16.0,256.0,Blue,1.56,AMD Ryzen 5,,53103.06,,2.6
Dell,16,12th Gen,16.0,512.0,Black,2.52,AMD Ryzen 7,,138950.17,,3.3
Dell,Inspiron,11th Gen,32.0,256.0,White,2.72,AMD Ryzen 7,,147261.8,38.2,3.6
Lenovo,X1,12th Gen,8.0,512.0,White,1.46,AMD Ryzen 7,617.52,184571.41,1.27,4.7
Dell,14,10th Gen,16.0,512.0,Black,2.31,Intel Core i5,674.39,178007.46,,2.7
Acer,X1,13th Gen,16.0,512.0,Black,2.45,AMD Ryzen 7,,102986.37,,2.8
Acer,15,11th Gen,12.0,256.0,Silver,2.37,AMD Ryzen 7,364.17,177320.59,1.02,3.0
Asus,15,10th Gen,8.0,1024.0,Blue,2.35,AMD Ryzen 5,,190854.65,,3.3
Lenovo,Inspiron,12th Gen,8.0,512.0,White,2.81,Intel Core i5,769.71,157012.73,16.59,3.6
Lenovo,VivoBook,13th Gen,12.0,512.0,White,1.56,Intel Core i7,432.3,129663.78,10.43,3.3
Dell,15,11th Gen,32.0,1024.0,Black,2.47,AMD Ryzen 7,175.27,142573.47,,2.7
Asus,VivoBook,13th Gen,12.0,256.0,Black,2.76,AMD Ryzen 3,156.3,124783.42,,4.8
Asus,X1,11th Gen,12.0,256.0,White,2.24,,,35692.23,41.12,4.9
Acer,Inspiron,10th Gen,12.0,256.0,Silver,2.09,AMD Ryzen 5,,85701.31,,4.2
Hp,X1,12th Gen,4.0,1024.0,Blue,2.98,AMD Ryzen 7,491.07,89711.67,,3.5
Acer,15,13th Gen,4.0,1024.0,Silver,2.36,AMD Ryzen 5,,182761.9,,3.4
Hp,15,11th Gen,12.0,256.0,Blue,2.62,AMD Ryzen 3,978.18,97551.86,37.07,2.9
Dell,VivoBook,10th Gen,16.0,256.0,Black,1.67,AMD Ryzen 3,,20664.63,,3.0
Asus,16,10th Gen,16.0,256.0,White,2.37,Intel Core i7,,79068.0,,2.5
Asus,14,12th Gen,8.0,1024.0,White,1.75,Intel Core i7,,34891.89,,3.9
Acer,Inspiron,11th Gen,4.0,512.0,Silver,1.75,AMD Ryzen 7,631.03,47571.05,34.4,2.6
Dell,16,12th Gen,8.0,256.0,Silver,2.15,Intel Core i3,117.12,195102.76,2.67,5.0
Acer,14,10th Gen,4.0,256.0,Grey,2.8,Intel Core i3,,23075.6,,3.7
Hp,16,13th Gen,12.0,512.0,White,1.42,Intel Core i7,670.59,179955.96,,4.5
Hp,X1,12th Gen,16.0,1024.0,Silver,1.81,AMD Ryzen 5,571.44,78743.69,,4.1
Lenovo,X1,13th Gen,4.0,512.0,White,1.42,AMD Ryzen 3,783.85,111181.21,,4.2
Dell,Inspiron,10th Gen,8.0,256.0,Black,2.9,Intel Core i5,,121769.01,34.47,3.7
Asus,14,12th Gen,32.0,256.0,Grey,1.81,Intel Core i5,,98488.95,,3.9
Asus,VivoBook,11th Gen,4.0,256.0,Grey,2.38,AMD Ryzen 7,420.51,111239.03,,4.8
Asus,14,10th Gen,16.0,256.0,Grey,1.74,AMD Ryzen 3,,75951.8,,4.5
Dell,15,10th Gen,12.0,512.0,Grey,2.47,AMD Ryzen 5,955.5,72569.86,30.51,3.6
Hp,16,11th Gen,12.0,512.0,White,1.43,Intel Core i7,663.57,194572.17,9.27,3.8
Acer,X1,10th Gen,4.0,1024.0,Black,2.1,Intel Core i7,,186779.79,,2.6
Dell,15,10th Gen,12.0,1024.0,Grey,2.59,Intel Core i5,,33557.08,35.68,3.2
Hp,X1,10th Gen,12.0,512.0,Silver,1.5,AMD Ryzen 3,244.25,96868.92,32.17,4.0
Hp,X1,10th Gen,16.0,1024.0,Black,2.36,AMD Ryzen 7,,136494.46,,2.5
Dell,Inspiron,12th Gen,16.0,512.0,Black,2.27,Intel Core i5,,108378.05,48.21,3.4
Acer,14,10th Gen,4.0,512.0,Silver,1.96,AMD Ryzen 7,,37068.33,33.12,4.8
Acer,14,13th Gen,8.0,256.0,Grey,1.22,AMD Ryzen 3,698.43,64460.88,,4.5
Dell,X1,11th Gen,16.0,1024.0,Grey,,Intel Core i3,505.93,71401.67,2.95,4.4
Asus,15,13th Gen,4.0,512.0,White,2.9,AMD Ryzen 5,483.0,90586.54,,3.2
Lenovo,Inspiron,12th Gen,32.0,1024.0,Blue,2.71,AMD Ryzen 3,,157789.02,,4.6
Acer,X1,11th Gen,8.0,1024.0,Black,1.55,Intel Core i5,,57295.14,,3.5
Acer,X1,10th Gen,32.0,512.0,Grey,1.33,AMD Ryzen 5,,133169.27,30.67,4.5
Dell,X1,12th Gen,16.0,512.0,White,2.88,Intel Core i7,280.6,140896.73,6.73,3.6
Acer,15,12th Gen,8.0,1024.0,White,2.49,AMD Ryzen 5,554.55,47071.13,,4.6
Hp,X1,12th Gen,16.0,256.0,Silver,2.2,AMD Ryzen 5,237.55,197142.35,,4.1
Dell,14,12th Gen,12.0,1024.0,Black,2.15,Intel Core i5,948.28,162129.3,,4.6
Asus,VivoBook,10th Gen,12.0,256.0,White,2.55,Intel Core i7,102.87,193170.66,24.97,4.6
Hp,Inspiron,10th Gen,12.0,512.0,Grey,2.02,Intel Core i3,364.88,167120.19,,3.1
Dell,15,10th Gen,32.0,512.0,Grey,1.96,AMD Ryzen 5,,55108.34,,3.3
Dell,14,13th Gen,4.0,512.0,Silver,2.64,Intel Core i7,886.29,110748.77,29.42,3.5
Asus,VivoBook,13th Gen,12.0,1024.0,Black,2.53,AMD Ryzen 5,,80244.28,,3.8
Lenovo,VivoBook,12th Gen,12.0,1024.0,Blue,2.37,Intel Core i3,,191440.36,,3.2
Asus,15,11th Gen,12.0,512.0,Silver,1.77,Intel Core i5,886.59,188553.23,40.76,3.9
Dell,VivoBook,13th Gen,8.0,256.0,White,1.95,AMD Ryzen 7,567.06,97748.69,21.74,3.9
Acer,14,13th Gen,16.0,512.0,Blue,2.37,AMD Ryzen 5,221.17,192110.34,,2.6
Lenovo,16,13th Gen,16.0,256.0,Black,1.51,Intel Core i5,,50774.6,,3.3
Hp,15,12th Gen,12.0,256.0,White,1.87,AMD Ryzen 5,583.57,82002.7,1.66,3.1
Lenovo,VivoBook,13th Gen,16.0,256.0,White,1.65,Intel Core i7,657.99,156741.66,,2.7
Lenovo,Inspiron,10th Gen,4.0,1024.0,Black,1.62,AMD Ryzen 7,,81242.29,31.57,3.0
Asus,15,13th Gen,8.0,1024.0,Black,2.59,Intel Core i5,,113789.11,11.13,3.8
Dell,14,13th Gen,12.0,256.0,White,2.17,Intel Core i7,,24648.09,18.41,3.4
Asus,16,13th Gen,32.0,256.0,Blue,1.26,Intel Core i3,,41943.6,42.1,3.7
Dell,Inspiron,11th Gen,8.0,256.0,Silver,1.33,AMD Ryzen 7,,112821.92,,4.2
Lenovo,X1,10th Gen,4.0,1024.0,Blue,2.63,AMD Ryzen 5,730.37,21531.8,49.81,3.1
Dell,X1,13th Gen,16.0,256.0,Black,1.96,AMD Ryzen 3,,106473.16,,3.9
Hp,16,11th Gen,12.0,1024.0,Black,2.61,AMD Ryzen 7,,24282.48,48.9,3.0
Asus,VivoBook,10th Gen,32.0,256.0,Black,2.09,Intel Core i7,,33389.74,,2.8
Acer,X1,11th Gen,12.0,512.0,Blue,1.99,AMD Ryzen 3,939.49,75681.85,,4.4
Asus,14,12th Gen,32.0,512.0,White,2.63,Intel Core i3,301.7,189785.82,19.06,3.7
Lenovo,14,11th Gen,16.0,512.0,Silver,,Intel Core i5,,191095.25,,4.4
Asus,15,11th Gen,,256.0,Blue,2.67,AMD Ryzen 3,728.4,162919.63,,4.8
Acer,Inspiron,13th Gen,12.0,256.0,White,1.56,AMD Ryzen 3,,25216.12,,3.0
Dell,VivoBook,12th Gen,12.0,256.0,Black,1.34,AMD Ryzen 7,,158930.52,,3.7
Hp,X1,11th Gen,4.0,512.0,Grey,2.33,Intel Core i5,,77133.7,31.4,4.5
Acer,VivoBook,13th Gen,12.0,1024.0,Silver,2.99,Intel Core i3,,26596.73,15.02,2.5
Hp,X1,10th Gen,16.0,1024.0,Grey,1.55,Intel Core i5,378.33,27682.81,5.76,2.9
Dell,14,11th Gen,16.0,512.0,Black,2.3,AMD Ryzen 7,778.22,31100.62,42.23,4.6
Asus,14,11th Gen,32.0,256.0,Blue,2.88,Intel Core i7,,64172.52,,2.9
Lenovo,Inspiron,10th Gen,4.0,1024.0,Grey,2.78,AMD Ryzen 7,898.42,86972.08,40.33,3.0
Asus,15,12th Gen,32.0,1024.0,White,1.42,Intel Core i7,,108653.33,11.84,4.5
Dell,X1,12th Gen,32.0,512.0,White,1.21,AMD Ryzen 5,,46582.12,,3.5
Acer,VivoBook,10th Gen,12.0,512.0,White,2.41,Intel Core i3,,50523.96,6.71,4.3
Dell,X1,12th Gen,8.0,512.0,Black,2.02,AMD Ryzen 3,583.48,105055.95,,2.5
Lenovo,15,10th Gen,4.0,256.0,White,2.69,Intel Core i7,,103791.93,,4.6
Asus,15,12th Gen,12.0,256.0,Silver,2.2,Intel Core i5,,128869.47,,4.2
Hp,Inspiron,13th Gen,32.0,512.0,Blue,1.3,AMD Ryzen 3,,184790.88,,3.3
Lenovo,14,10th Gen,16.0,1024.0,Silver,2.3,AMD Ryzen 7,665.63,143135.6,11.38,2.7
Dell,15,12th Gen,8.0,1024.0,Silver,2.37,Intel Core i3,,114898.57,,3.5
Dell,14,13th Gen,8.0,256.0,Silver,2.64,AMD Ryzen 7,,113330.63,30.88,3.7
Asus,Inspiron,10th Gen,16.0,256.0,Silver,2.63,AMD Ryzen 5,,61886.2,,5.0
Asus,Inspiron,13th Gen,8.0,1024.0,White,1.41,AMD Ryzen 7,,157340.32,,4.1
Dell,VivoBook,11th Gen,32.0,1024.0,Black,1.37,Intel Core i5,,163540.72,40.76,2.5
Asus,16,13th Gen,12.0,512.0,Silver,2.51,AMD Ryzen 3,,99632.56,,3.2
Dell,Inspiron,11th Gen,32.0,1024.0,Black,2.44,Intel Core i3,,79880.98,38.13,3.7
Lenovo,15,10th Gen,4.0,256.0,White,1.6,Intel Core i3,,83957.23,40.87,4.9
Dell,14,10th Gen,4.0,256.0,Black,1.9,AMD Ryzen 7,726.41,35175.85,,3.6
Hp,VivoBook,11th Gen,4.0,256.0,White,2.99,AMD Ryzen 3,,133322.63,,3.0
Lenovo,16,13th Gen,12.0,256.0,Blue,2.09,AMD Ryzen 3,436.64,188931.0,45.52,3.0
Lenovo,14,11th Gen,12.0,1024.0,Silver,1.3,AMD Ryzen 5,,199725.74,,3.2
Lenovo,X1,12th Gen,32.0,1024.0,Silver,2.45,AMD Ryzen 3,,132005.64,,4.2
Asus,16,13th Gen,32.0,1024.0,Silver,1.82,AMD Ryzen 5,649.12,135237.24,,3.0
Lenovo,16,13th Gen,12.0,1024.0,Silver,2.07,AMD Ryzen 3,308.95,81264.71,39.32,3.1
Dell,15,11th Gen,32.0,512.0,Silver,2.14,Intel Core i3,351.93,115956.33,1.21,3.8
Dell,VivoBook,11th Gen,32.0,1024.0,Black,2.59,AMD Ryzen 3,,134470.85,,4.1
Lenovo,Inspiron,13th Gen,16.0,512.0,Blue,2.01,AMD Ryzen 5,,127557.47,37.71,3.7
Hp,16,11th Gen,4.0,512.0,White,1.22,AMD Ryzen 3,,115645.83,15.21,4.9
Hp,Inspiron,11th Gen,32.0,1024.0,White,1.62,AMD Ryzen 7,282.19,91912.61,13.73,3.4
Acer,Inspiron,12th Gen,12.0,1024.0,Black,2.05,Intel Core i5,,119644.32,,4.6
Lenovo,15,11th Gen,12.0,512.0,Blue,2.86,AMD Ryzen 5,880.99,30411.28,27.5,4.5
Dell,VivoBook,11th Gen,16.0,512.0,Grey,2.6,AMD Ryzen 5,769.49,182372.56,15.67,3.6
Lenovo,15,11th Gen,32.0,256.0,Grey,1.55,Intel Core i5,856.47,92076.48,39.19,4.6
Hp,Inspiron,11th Gen,4.0,512.0,Grey,2.42,AMD Ryzen 5,,41138.59,37.42,2.5
Asus,16,13th Gen,4.0,1024.0,Blue,1.66,AMD Ryzen 5,389.19,180736.61,,3.4
Acer,X1,11th Gen,32.0,1024.0,White,1.97,AMD Ryzen 7,,179115.69,8.56,4.8
Dell,VivoBook,10th Gen,4.0,512.0,Black,2.11,Intel Core i5,178.08,186641.75,,3.5
Dell,VivoBook,11th Gen,32.0,1024.0,Grey,1.54,Intel Core i3,,179264.47,,4.2
Hp,14,10th Gen,4.0,512.0,Silver,1.67,AMD Ryzen 3,,197500.15,,4.6
Lenovo,15,11th Gen,12.0,256.0,Silver,2.45,AMD Ryzen 7,,76828.82,9.0,3.9
Dell,15,10th Gen,4.0,512.0,Grey,2.23,Intel Core i3,,123629.49,40.64,4.0
Hp,X1,10th Gen,12.0,256.0,White,1.72,AMD Ryzen 3,,198417.46,,4.9
Dell,Inspiron,11th Gen,4.0,512.0,White,1.83,AMD Ryzen 7,102.92,181817.95,8.74,2.6
Acer,VivoBook,10th Gen,8.0,512.0,Black,1.8,AMD Ryzen 5,774.63,56624.15,44.8,4.0
Acer,X1,10th Gen,,512.0,Silver,2.83,Intel Core i7,,116703.55,,4.2
Asus,VivoBook,13th Gen,8.0,512.0,Blue,2.82,Intel Core i3,,42584.09,,3.7
Asus,VivoBook,11th Gen,32.0,1024.0,Silver,2.97,AMD Ryzen 3,198.77,118698.07,29.35,3.8
Asus,16,12th Gen,16.0,512.0,Black,1.92,AMD Ryzen 5,619.61,73595.35,31.68,4.8
Asus,Inspiron,13th Gen,4.0,256.0,Blue,1.22,Intel Core i3,115.7,169026.75,20.2,3.1
Acer,Inspiron,12th Gen,16.0,1024.0,Grey,2.38,AMD Ryzen 7,,162586.73,,4.0
Hp,Inspiron,10th Gen,16.0,256.0,Silver,1.28,Intel Core i3,518.99,181429.52,,2.5
Acer,Inspiron,13th Gen,4.0,512.0,Grey,2.66,Intel Core i7,,92317.46,26.27,3.4
Lenovo,Inspiron,13th Gen,4.0,512.0,Grey,2.21,AMD Ryzen 3,500.56,71501.81,19.84,4.8
Acer,VivoBook,11th Gen,12.0,256.0,Silver,2.29,Intel Core i5,727.32,156718.04,,3.8
Dell,Inspiron,10th Gen,32.0,512.0,Silver,1.92,AMD Ryzen 3,889.7,71179.25,30.28,2.7
Dell,VivoBook,12th Gen,4.0,1024.0,Grey,2.27,AMD Ryzen 5,,182561.02,16.15,4.3
Dell,VivoBook,10th Gen,12.0,256.0,White,2.83,Intel Core i7,,129005.58,,3.8
Dell,X1,10th Gen,12.0,256.0,Blue,2.36,AMD Ryzen 3,752.23,80678.99,,2.6
Hp,X1,13th Gen,16.0,256.0,Grey,1.33,AMD Ryzen 3,248.34,100300.06,,4.7
Asus,X1,13th Gen,32.0,512.0,Grey,2.2,AMD Ryzen 7,686.59,115929.79,5.04,3.1
Acer,16,13th Gen,4.0,1024.0,Black,2.09,AMD Ryzen 7,,116184.03,8.26,3.6
Acer,Inspiron,11th Gen,16.0,1024.0,White,2.15,AMD Ryzen 7,354.97,87701.47,,3.5
Dell,X1,13th Gen,16.0,512.0,Grey,1.97,Intel Core i7,,170742.32,,3.0
Hp,15,13th Gen,12.0,1024.0,Silver,1.7,AMD Ryzen 5,453.08,154457.62,,3.4
Acer,16,10th Gen,16.0,256.0,Black,2.76,AMD Ryzen 5,281.93,60933.28,,4.3
Dell,Inspiron,13th Gen,16.0,512.0,Grey,1.21,Intel Core i3,,176500.57,,3.0
Hp,VivoBook,12th Gen,8.0,512.0,White,2.94,AMD Ryzen 3,,33904.25,42.34,2.7
Acer,X1,12th Gen,8.0,1024.0,Blue,1.65,Intel Core i7,380.4,160134.04,,3.2
Acer,Inspiron,13th Gen,8.0,1024.0,Black,2.76,AMD Ryzen 3,292.92,56530.22,9.31,4.6
Acer,14,10th Gen,12.0,1024.0,Black,2.54,Intel Core i5,760.69,53884.88,23.07,4.2
Acer,Inspiron,10th Gen,12.0,256.0,Black,2.4,AMD Ryzen 3,,65233.21,45.61,4.2
Hp,VivoBook,13th Gen,12.0,1024.0,Silver,2.37,Intel Core i7,705.39,166885.21,,3.7
Lenovo,X1,10th Gen,16.0,512.0,Silver,1.83,AMD Ryzen 7,,150283.7,,4.3
Hp,Inspiron,12th Gen,16.0,256.0,Black,1.54,Intel Core i7,,79568.63,13.53,3.0
Asus,14,12th Gen,16.0,1024.0,Silver,2.6,Intel Core i3,,76616.74,12.29,2.9
Dell,VivoBook,13th Gen,4.0,256.0,Black,1.96,AMD Ryzen 7,,94783.47,,2.8
Asus,Inspiron,13th Gen,12.0,256.0,Blue,1.48,AMD Ryzen 5,514.29,123749.79,,3.2
Asus,14,11th Gen,16.0,1024.0,Black,1.91,AMD Ryzen 5,,120335.19,47.45,3.4
Acer,VivoBook,13th Gen,16.0,512.0,Grey,2.44,Intel Core i3,270.87,183768.52,13.89,3.9
Acer,14,11th Gen,16.0,1024.0,White,1.4,Intel Core i7,701.14,146009.53,24.86,4.5
Hp,14,13th Gen,4.0,512.0,Grey,2.33,AMD Ryzen 5,227.5,135527.92,,4.2
Dell,15,13th Gen,4.0,256.0,Grey,2.16,AMD Ryzen 3,954.17,41663.32,46.0,4.8
Dell,X1,11th Gen,12.0,,Grey,1.71,AMD Ryzen 3,,65290.0,41.45,4.8
Asus,15,10th Gen,12.0,1024.0,Silver,,Intel Core i7,460.36,38493.79,6.34,3.5
Acer,X1,10th Gen,4.0,1024.0,Grey,2.05,Intel Core i3,,179087.2,26.12,2.8
Dell,15,12th Gen,16.0,256.0,Silver,2.08,AMD Ryzen 7,,129462.08,31.71,2.8
Acer,14,13th Gen,4.0,1024.0,Silver,1.92,Intel Core i7,772.2,123254.45,,3.7
Acer,15,13th Gen,8.0,256.0,Black,2.25,AMD Ryzen 3,111.51,151471.8,26.47,2.8
Lenovo,VivoBook,10th Gen,8.0,256.0,Blue,2.1,Intel Core i7,940.41,146814.76,,3.2
Lenovo,15,10th Gen,8.0,256.0,White,1.75,Intel Core i3,656.46,111141.13,,4.6
Dell,14,13th Gen,32.0,512.0,Black,2.48,AMD Ryzen 7,752.83,56746.44,,4.2
Asus,X1,12th Gen,32.0,256.0,Black,2.57,AMD Ryzen 7,,135101.75,12.18,3.2
Hp,X1,13th Gen,12.0,512.0,Blue,2.19,AMD Ryzen 5,,186365.45,46.44,2.8
Acer,X1,11th Gen,12.0,1024.0,Silver,1.76,AMD Ryzen 5,,144846.42,17.13,3.7
Acer,15,12th Gen,16.0,256.0,Grey,2.25,AMD Ryzen 3,,30701.71,4.76,3.3
Dell,X1,13th Gen,8.0,1024.0,Grey,1.99,AMD Ryzen 3,,21156.41,32.91,3.9
Asus,VivoBook,13th Gen,32.0,1024.0,Blue,2.9,AMD Ryzen 7,700.26,48320.23,36.29,3.4
Asus,14,10th Gen,32.0,1024.0,Silver,1.39,Intel Core i3,398.59,95337.28,46.33,3.2
Asus,X1,11th Gen,16.0,1024.0,Grey,1.6,AMD Ryzen 3,,166224.17,,3.2
Dell,16,12th Gen,12.0,512.0,White,1.68,AMD Ryzen 7,156.75,27656.14,21.94,4.3
Asus,15,10th Gen,32.0,256.0,Black,2.84,Intel Core i3,627.76,111632.48,,3.0
Asus,Inspiron,10th Gen,32.0,512.0,Silver,2.4,AMD Ryzen 5,217.83,44973.7,,3.4
Dell,X1,10th Gen,12.0,256.0,Blue,1.33,AMD Ryzen 7,389.32,32648.09,,4.3
Lenovo,VivoBook,13th Gen,8.0,512.0,Black,2.39,Intel Core i5,874.15,122891.18,,4.6
Hp,Inspiron,11th Gen,32.0,1024.0,Black,2.59,AMD Ryzen 5,,98334.53,30.72,4.8
Lenovo,X1,13th Gen,4.0,512.0,Blue,1.34,AMD Ryzen 5,615.08,45960.18,39.38,2.6
Acer,14,11th Gen,16.0,256.0,Black,1.66,AMD Ryzen 3,981.62,165269.71,7.61,4.9
Hp,14,11th Gen,16.0,1024.0,Grey,2.39,Intel Core i5,,178399.1,,4.1
Hp,VivoBook,12th Gen,32.0,1024.0,Blue,2.62,Intel Core i7,328.88,183438.12,43.98,4.4
Acer,Inspiron,11th Gen,16.0,256.0,Blue,2.6,Intel Core i3,256.58,132936.33,,4.1
Dell,VivoBook,12th Gen,12.0,1024.0,Blue,1.94,AMD Ryzen 5,889.91,57460.96,9.85,3.8
Acer,VivoBook,12th Gen,32.0,512.0,Black,1.35,AMD Ryzen 3,724.84,42180.62,42.47,4.3
Hp,16,13th Gen,8.0,512.0,Black,2.28,Intel Core i3,,138109.52,23.13,2.6
Asus,14,12th Gen,32.0,256.0,Silver,2.14,Intel Core i3,,134633.46,6.44,2.9
Dell,16,13th Gen,8.0,256.0,White,2.46,Intel Core i5,,186841.48,16.58,3.2
Hp,VivoBook,12th Gen,4.0,512.0,Black,2.02,AMD Ryzen 5,255.21,114588.61,37.84,2.8
Asus,14,10th Gen,4.0,256.0,Grey,1.96,Intel Core i7,,70501.16,,3.3
Asus,14,10th Gen,4.0,,Black,1.69,Intel Core i3,,31250.34,40.03,3.1
Acer,X1,12th Gen,12.0,,Grey,2.72,AMD Ryzen 3,,116399.34,,3.1
Hp,14,11th Gen,16.0,256.0,Blue,1.64,AMD Ryzen 7,,34209.02,21.21,4.1
Asus,X1,11th Gen,12.0,256.0,Blue,1.58,AMD Ryzen 5,,95287.9,,2.5
Acer,X1,12th Gen,8.0,1024.0,Blue,1.21,AMD Ryzen 7,,51995.0,,4.3
Hp,X1,13th Gen,12.0,256.0,White,1.35,Intel Core i7,736.2,72416.09,,2.9
Lenovo,15,13th Gen,12.0,256.0,Silver,2.63,AMD Ryzen 7,439.9,165867.39,,3.6
Asus,16,11th Gen,16.0,512.0,Black,1.66,Intel Core i5,,168996.52,25.01,3.1
Acer,VivoBook,10th Gen,12.0,512.0,Blue,2.76,AMD Ryzen 3,,172149.85,16.88,3.2
Asus,14,13th Gen,16.0,256.0,Silver,2.83,Intel Core i7,,25908.72,16.15,4.3
Hp,Inspiron,10th Gen,8.0,512.0,Blue,1.83,Intel Core i5,,24228.99,41.78,2.6
Hp,VivoBook,13th Gen,16.0,512.0,White,2.95,Intel Core i5,792.62,91336.51,36.92,4.8
Acer,X1,13th Gen,16.0,1024.0,Grey,2.1,Intel Core i7,476.56,48617.1,5.31,2.7
Asus,VivoBook,10th Gen,16.0,512.0,Grey,2.76,AMD Ryzen 3,321.84,98782.39,26.4,2.6
Acer,15,12th Gen,8.0,256.0,Silver,2.2,Intel Core i5,525.42,103781.77,6.82,4.8
Asus,14,13th Gen,16.0,256.0,Blue,2.91,AMD Ryzen 7,,116846.9,,3.5
Asus,14,11th Gen,8.0,512.0,White,1.74,Intel Core i7,138.87,83715.87,22.15,2.5
Dell,VivoBook,12th Gen,4.0,256.0,Silver,2.88,AMD Ryzen 7,,142184.2,12.74,2.7
Lenovo,15,12th Gen,32.0,512.0,White,1.63,Intel Core i5,243.9,57262.35,,4.4
Acer,X1,13th Gen,16.0,256.0,Grey,2.27,AMD Ryzen 5,,155483.28,27.44,3.7
Dell,14,12th Gen,16.0,512.0,Silver,1.97,Intel Core i5,,73211.73,,3.4
Lenovo,16,11th Gen,12.0,1024.0,Blue,2.31,AMD Ryzen 7,478.45,124509.9,,2.9
Dell,X1,10th Gen,4.0,512.0,Black,1.21,AMD Ryzen 5,160.93,199599.56,21.49,4.6
Acer,Inspiron,10th Gen,4.0,1024.0,Black,2.99,Intel Core i5,,47158.31,,3.1
Hp,VivoBook,13th Gen,32.0,1024.0,Grey,1.66,Intel Core i7,602.03,53786.58,,3.6
Dell,VivoBook,11th Gen,32.0,256.0,Blue,2.85,Intel Core i7,,75468.58,,2.6
Dell,VivoBook,10th Gen,12.0,256.0,Blue,1.68,Intel Core i3,494.0,118859.41,,3.2
Lenovo,16,11th Gen,4.0,512.0,Black,1.21,AMD Ryzen 3,,166555.77,,3.5
Asus,X1,11th Gen,16.0,256.0,Black,2.23,AMD Ryzen 7,,46587.75,49.7,2.7
Dell,14,10th Gen,16.0,512.0,Blue,1.39,AMD Ryzen 7,,194441.98,,4.6
Acer,14,11th Gen,4.0,1024.0,White,1.24,Intel Core i3,,104073.29,,2.6
Dell,15,11th Gen,16.0,1024.0,White,2.92,AMD Ryzen 7,,24429.76,30.38,4.2
Acer,14,10th Gen,8.0,256.0,White,1.66,AMD Ryzen 5,282.29,22169.23,18.18,3.1
Asus,X1,12th Gen,8.0,256.0,Black,2.64,Intel Core i7,458.89,128303.91,45.84,4.7
Hp,VivoBook,11th Gen,12.0,512.0,White,1.34,AMD Ryzen 3,,172821.96,,3.8
Asus,15,13th Gen,32.0,256.0,Blue,2.02,Intel Core i5,144.61,110659.53,40.47,2.8
Hp,14,11th Gen,32.0,256.0,White,2.46,Intel Core i7,735.73,120555.45,,2.6
Dell,14,11th Gen,16.0,1024.0,Silver,1.81,AMD Ryzen 7,590.63,32436.8,,3.3
Hp,14,10th Gen,4.0,512.0,Silver,2.91,Intel Core i3,,159365.43,36.36,3.2
Asus,15,11th Gen,4.0,512.0,White,2.74,Intel Core i5,798.99,175331.4,,4.1
Acer,16,13th Gen,4.0,256.0,Grey,1.93,Intel Core i5,,184929.11,28.1,3.2
Lenovo,Inspiron,10th Gen,8.0,512.0,White,2.99,Intel Core i5,,57261.17,,4.3
Asus,VivoBook,12th Gen,8.0,512.0,Silver,2.3,AMD Ryzen 7,,62974.36,37.2,2.7
Asus,15,12th Gen,32.0,256.0,Grey,2.66,Intel Core i5,,97087.0,21.12,3.8
Lenovo,16,13th Gen,16.0,256.0,Blue,2.77,AMD Ryzen 5,,115378.67,,3.8
Asus,VivoBook,10th Gen,8.0,1024.0,Grey,1.51,Intel Core i3,,185223.73,19.37,3.1
Acer,15,12th Gen,4.0,256.0,Silver,2.76,Intel Core i7,,119506.16,20.34,2.8
Acer,14,11th Gen,16.0,256.0,White,2.7,AMD Ryzen 5,452.82,106540.45,,3.3
Hp,X1,13th Gen,8.0,512.0,Black,2.41,AMD Ryzen 5,,100624.15,46.85,4.3
Lenovo,14,11th Gen,,512.0,Silver,2.68,AMD Ryzen 7,,122830.67,,4.4
Hp,15,12th Gen,8.0,,Silver,1.83,AMD Ryzen 3,,107792.69,8.92,4.8
Asus,Inspiron,11th Gen,12.0,1024.0,Grey,2.11,AMD Ryzen 5,909.51,73809.54,,2.6
Lenovo,VivoBook,12th Gen,8.0,1024.0,Grey,1.89,AMD Ryzen 3,,81972.78,49.89,4.9
Asus,X1,13th Gen,12.0,512.0,Black,2.25,Intel Core i5,,65054.65,16.0,3.2
Acer,Inspiron,13th Gen,4.0,1024.0,Silver,2.83,AMD Ryzen 3,,175230.28,27.11,2.7
Dell,16,11th Gen,16.0,1024.0,White,2.68,AMD Ryzen 7,298.46,77062.55,29.11,3.2
Lenovo,16,11th Gen,12.0,256.0,Grey,1.93,Intel Core i7,,52991.92,35.91,4.3
Dell,VivoBook,11th Gen,12.0,256.0,Grey,2.6,AMD Ryzen 5,,37089.12,,4.4
Asus,VivoBook,12th Gen,16.0,512.0,Blue,1.84,AMD Ryzen 5,793.52,95258.19,,3.2
Acer,VivoBook,13th Gen,8.0,256.0,Black,1.43,AMD Ryzen 5,,152329.8,,3.7
Dell,VivoBook,13th Gen,12.0,512.0,Grey,2.9,AMD Ryzen 5,,72683.47,,4.9
Asus,X1,13th Gen,8.0,1024.0,Grey,1.77,AMD Ryzen 5,877.96,105799.93,,4.4
Acer,15,13th Gen,16.0,256.0,Blue,2.17,AMD Ryzen 7,714.49,90387.28,44.49,3.0
Lenovo,VivoBook,12th Gen,16.0,1024.0,Grey,2.92,Intel Core i7,751.51,82072.09,,3.0
Hp,X1,12th Gen,8.0,1024.0,Blue,2.02,Intel Core i3,,109887.29,29.97,4.4
Asus,Inspiron,12th Gen,8.0,1024.0,White,2.9,AMD Ryzen 7,,88190.59,40.67,2.6
Hp,Inspiron,13th Gen,8.0,256.0,Grey,1.64,Intel Core i5,,79557.33,,2.9
Acer,15,13th Gen,32.0,512.0,Silver,2.05,AMD Ryzen 7,522.24,184288.86,,3.0
Asus,14,11th Gen,8.0,512.0,Grey,1.94,Intel Core i3,,170045.25,28.04,4.7
Dell,15,11th Gen,4.0,1024.0,White,1.74,Intel Core i7,816.51,165948.89,,4.2
Hp,14,13th Gen,8.0,1024.0,Silver,2.72,AMD Ryzen 5,262.57,147392.57,,4.8
Hp,15,11th Gen,32.0,1024.0,Black,1.32,Intel Core i7,898.12,112075.09,,2.8
Dell,16,11th Gen,32.0,256.0,Blue,2.48,Intel Core i3,,33975.37,9.62,2.7
Asus,14,11th Gen,8.0,512.0,Blue,1.67,AMD Ryzen 5,877.47,84866.92,,3.4
Dell,Inspiron,12th Gen,12.0,1024.0,Black,2.91,Intel Core i5,,29144.76,,3.3
Lenovo,X1,10th Gen,12.0,512.0,Grey,2.79,AMD Ryzen 7,609.06,37766.7,,4.3
Lenovo,Inspiron,13th Gen,32.0,1024.0,Grey,2.61,AMD Ryzen 3,424.75,182199.92,,4.6
Acer,16,10th Gen,16.0,1024.0,Grey,1.63,AMD Ryzen 5,375.12,158918.66,,3.8
Hp,16,10th Gen,32.0,1024.0,Blue,2.59,Intel Core i5,586.92,106225.59,,3.6
Asus,Inspiron,11th Gen,4.0,1024.0,Blue,2.19,Intel Core i7,,41128.82,30.07,3.7
Asus,X1,12th Gen,12.0,256.0,Black,1.57,AMD Ryzen 3,,147520.97,17.9,3.8
Dell,VivoBook,13th Gen,32.0,1024.0,Silver,2.28,AMD Ryzen 7,123.23,88526.27,20.45,3.2
Asus,15,13th Gen,12.0,1024.0,Grey,1.63,AMD Ryzen 3,,118084.86,,4.8
Hp,X1,11th Gen,12.0,1024.0,Grey,2.62,Intel Core i5,,93255.65,,3.6
Lenovo,16,12th Gen,4.0,512.0,Black,1.71,AMD Ryzen 5,530.51,195332.03,,4.2
Acer,15,11th Gen,16.0,,Grey,2.87,Intel Core i7,,134785.12,7.32,2.9
Asus,Inspiron,13th Gen,16.0,256.0,Silver,2.44,Intel Core i3,,62876.98,,2.5
Asus,14,11th Gen,8.0,512.0,Black,1.35,AMD Ryzen 5,424.28,30329.7,21.42,3.2
Asus,Inspiron,13th Gen,4.0,256.0,Grey,1.58,Intel Core i3,,21264.27,31.9,3.6
Acer,16,12th Gen,12.0,256.0,Grey,2.66,Intel Core i5,,197269.04,,4.2
Lenovo,VivoBook,10th Gen,12.0,1024.0,Black,1.4,Intel Core i7,,100404.03,,4.2
Hp,X1,12th Gen,32.0,256.0,Blue,1.76,Intel Core i3,,70329.34,40.43,4.8
Lenovo,16,13th Gen,4.0,512.0,White,2.39,AMD Ryzen 3,289.76,48882.57,,4.9
Dell,VivoBook,13th Gen,16.0,512.0,Silver,1.77,Intel Core i3,,81381.17,25.88,4.5
Hp,16,12th Gen,16.0,512.0,Grey,2.85,Intel Core i3,,86415.37,41.93,3.1
Acer,VivoBook,10th Gen,16.0,1024.0,Black,2.06,AMD Ryzen 7,168.6,95270.76,,2.6
Acer,X1,10th Gen,16.0,512.0,Silver,2.07,AMD Ryzen 5,930.88,97687.94,,3.8
Asus,Inspiron,10th Gen,32.0,1024.0,Grey,1.65,AMD Ryzen 7,562.0,91559.95,46.77,2.6
Dell,14,10th Gen,16.0,256.0,White,2.77,Intel Core i5,126.43,167605.01,,4.3
Dell,15,10th Gen,32.0,512.0,Blue,2.02,Intel Core i3,740.15,41964.67,42.35,3.5
Hp,15,12th Gen,12.0,1024.0,Blue,2.17,AMD Ryzen 5,459.46,168015.64,22.68,4.6
Acer,15,13th Gen,12.0,1024.0,White,2.4,AMD Ryzen 5,,70567.44,,3.7
Lenovo,15,10th Gen,16.0,256.0,Blue,1.38,Intel Core i7,,116160.57,,4.4
Lenovo,X1,11th Gen,8.0,1024.0,Blue,2.63,Intel Core i7,,167963.91,,3.0
Acer,Inspiron,10th Gen,12.0,256.0,White,2.1,AMD Ryzen 5,946.06,159695.46,32.21,4.7
Lenovo,Inspiron,12th Gen,8.0,512.0,Grey,1.71,AMD Ryzen 3,,41308.07,,4.1
Dell,X1,10th Gen,12.0,1024.0,White,2.85,Intel Core i3,,73631.41,,4.5
Dell,X1,11th Gen,4.0,1024.0,Black,2.26,AMD Ryzen 5,,102386.67,34.58,3.4
Asus,16,12th Gen,12.0,512.0,Silver,1.47,Intel Core i3,179.1,178533.23,,3.2
Lenovo,16,10th Gen,12.0,256.0,Grey,1.88,Intel Core i5,274.17,137040.26,,2.7
Asus,14,13th Gen,32.0,1024.0,Silver,2.42,AMD Ryzen 3,224.92,167293.11,19.44,3.5
Hp,X1,10th Gen,4.0,256.0,Silver,2.72,AMD Ryzen 7,399.77,86697.81,11.04,3.4
Acer,X1,10th Gen,16.0,256.0,Silver,2.18,AMD Ryzen 7,359.52,77643.76,43.99,3.0
Hp,X1,13th Gen,16.0,256.0,White,1.6,AMD Ryzen 7,889.09,28374.56,11.71,3.1
Asus,VivoBook,10th Gen,4.0,1024.0,Grey,2.13,AMD Ryzen 7,,126578.85,,4.8
Acer,X1,13th Gen,4.0,512.0,White,1.9,Intel Core i5,,22320.13,42.51,4.4
Asus,16,13th Gen,8.0,512.0,Grey,1.63,AMD Ryzen 5,,186971.14,,4.4
Acer,16,12th Gen,12.0,1024.0,Silver,1.95,AMD Ryzen 7,,152165.98,31.44,3.6
Dell,Inspiron,10th Gen,32.0,256.0,Grey,2.6,AMD Ryzen 7,,66937.78,26.22,3.8
Asus,X1,11th Gen,4.0,256.0,White,1.32,Intel Core i5,459.03,102410.36,,4.5
Lenovo,X1,10th Gen,16.0,1024.0,White,1.54,AMD Ryzen 5,682.11,102622.68,16.53,4.9
Hp,15,11th Gen,12.0,256.0,White,2.53,AMD Ryzen 7,,138462.33,6.21,3.7
Acer,X1,10th Gen,12.0,256.0,Blue,1.99,AMD Ryzen 7,642.75,174110.91,0.76,2.7
Dell,Inspiron,12th Gen,8.0,512.0,Black,1.83,AMD Ryzen 5,592.11,118162.95,46.24,2.5
Asus,Inspiron,12th Gen,4.0,256.0,White,2.58,AMD Ryzen 7,,21423.1,9.29,2.5
Hp,16,10th Gen,12.0,1024.0,Blue,1.29,Intel Core i7,717.74,120512.54,,4.9
Lenovo,VivoBook,12th Gen,16.0,256.0,Blue,2.36,Intel Core i5,,117354.45,2.25,3.6
Hp,VivoBook,13th Gen,8.0,1024.0,Black,1.26,Intel Core i3,986.03,153264.57,,4.6
Dell,14,12th Gen,4.0,512.0,Grey,2.42,Intel Core i5,,90929.74,47.44,2.8
Asus,16,12th Gen,32.0,512.0,Blue,1.58,AMD Ryzen 5,520.36,60897.83,38.28,3.0
Lenovo,14,12th Gen,16.0,512.0,Blue,2.92,Intel Core i5,,102063.07,,2.7
Asus,14,10th Gen,4.0,512.0,White,2.7,AMD Ryzen 7,219.85,65160.93,,4.4
Acer,14,13th Gen,32.0,1024.0,Grey,1.89,AMD Ryzen 5,,125773.64,35.1,2.9
Dell,Inspiron,13th Gen,4.0,1024.0,White,2.68,AMD Ryzen 5,530.6,61643.96,,3.9
Acer,X1,11th Gen,12.0,512.0,Blue,2.1,Intel Core i5,,62670.21,,2.9
Asus,X1,11th Gen,12.0,512.0,Grey,2.42,Intel Core i5,304.79,167642.26,42.3,4.5
Lenovo,16,13th Gen,4.0,256.0,White,2.41,AMD Ryzen 3,988.5,83197.41,5.62,4.0
Asus,14,13th Gen,32.0,1024.0,Silver,2.84,Intel Core i3,,182363.38,0.72,3.6
Asus,15,12th Gen,8.0,512.0,Black,1.33,AMD Ryzen 3,,183187.78,29.33,2.5
Hp,14,11th Gen,32.0,256.0,Blue,1.62,AMD Ryzen 3,461.45,141743.77,22.76,4.3
Dell,14,12th Gen,8.0,256.0,Blue,1.46,AMD Ryzen 5,,179251.96,,3.2
Dell,X1,11th Gen,32.0,256.0,Black,2.12,Intel Core i5,,117880.61,35.0,2.6
Hp,VivoBook,10th Gen,4.0,,White,1.78,Intel Core i5,505.23,84174.87,0.47,3.8
Asus,VivoBook,13th Gen,32.0,1024.0,Blue,1.52,AMD Ryzen 7,938.94,90192.13,3.78,4.4
Lenovo,16,13th Gen,4.0,512.0,Black,1.34,AMD Ryzen 7,,112483.58,33.93,4.8
Hp,15,13th Gen,4.0,1024.0,White,2.24,Intel Core i7,832.72,96447.11,46.88,3.0
Asus,Inspiron,12th Gen,4.0,1024.0,Blue,2.55,Intel Core i3,,135686.44,26.14,4.1
Asus,16,10th Gen,12.0,256.0,Black,2.3,AMD Ryzen 3,756.48,21163.54,15.2,4.6
Acer,16,10th Gen,4.0,256.0,Grey,2.16,AMD Ryzen 3,,152924.32,,3.9
Asus,X1,11th Gen,4.0,1024.0,White,2.76,AMD Ryzen 7,950.44,111901.04,,3.2
Lenovo,X1,13th Gen,16.0,1024.0,Black,2.16,AMD Ryzen 3,,136922.34,0.22,4.9
Hp,X1,10th Gen,4.0,256.0,Silver,2.65,Intel Core i7,744.73,88887.61,11.05,4.0
Asus,Inspiron,10th Gen,8.0,512.0,White,1.45,Intel Core i7,,198210.35,,2.6
Asus,14,10th Gen,8.0,1024.0,Blue,1.48,AMD Ryzen 3,,46436.75,2.36,4.4
Dell,15,11th Gen,32.0,512.0,Black,1.7,AMD Ryzen 5,,160860.17,,2.9
Acer,X1,12th Gen,8.0,1024.0,Silver,1.47,AMD Ryzen 7,,147277.01,,3.0
Asus,Inspiron,10th Gen,,1024.0,Blue,2.99,AMD Ryzen 7,,55664.15,,4.1
Acer,14,12th Gen,16.0,1024.0,Black,2.59,Intel Core i7,,154292.86,,3.1
Acer,Inspiron,13th Gen,8.0,512.0,Black,1.21,AMD Ryzen 7,,155003.48,,4.3
Hp,Inspiron,13th Gen,12.0,1024.0,Grey,1.38,AMD Ryzen 3,414.6,44355.78,25.59,3.3
Hp,15,10th Gen,4.0,512.0,Blue,2.72,Intel Core i7,,32918.28,37.96,2.8
Lenovo,X1,10th Gen,4.0,512.0,Black,2.67,Intel Core i5,,133794.42,,3.2
Lenovo,15,11th Gen,16.0,256.0,White,2.65,AMD Ryzen 3,312.34,156667.99,33.99,3.0
Acer,X1,11th Gen,4.0,512.0,White,1.23,Intel Core i7,,188733.47,,3.0
Dell,VivoBook,12th Gen,32.0,256.0,Silver,2.49,Intel Core i5,973.75,180888.25,13.83,2.9
Acer,15,12th Gen,12.0,512.0,Black,2.11,AMD Ryzen 7,234.53,100019.26,30.88,2.5
Asus,Inspiron,10th Gen,12.0,256.0,White,1.92,Intel Core i7,,77443.99,,4.5
Hp,15,11th Gen,4.0,256.0,White,2.68,AMD Ryzen 7,654.85,159580.42,,4.9
Acer,14,13th Gen,8.0,1024.0,Blue,2.0,Intel Core i3,,118377.61,30.76,4.2
Lenovo,15,13th Gen,4.0,512.0,Silver,2.86,Intel Core i3,,110829.73,,3.8
Hp,15,11th Gen,12.0,256.0,Blue,2.23,AMD Ryzen 5,985.64,132788.06,12.61,4.1
Asus,14,12th Gen,32.0,1024.0,Black,1.21,Intel Core i5,,177599.97,10.72,3.2
Hp,Inspiron,12th Gen,4.0,1024.0,Grey,2.89,Intel Core i7,969.98,145994.48,,3.8
Lenovo,14,12th Gen,4.0,1024.0,Black,2.85,Intel Core i3,,179573.18,1.77,4.4
Hp,16,12th Gen,12.0,1024.0,Blue,2.61,Intel Core i7,542.71,124775.87,5.85,2.5
Lenovo,14,13th Gen,8.0,256.0,Blue,2.33,AMD Ryzen 3,,112335.35,,2.8
Hp,14,10th Gen,16.0,512.0,Black,1.75,AMD Ryzen 3,,147995.9,19.94,2.8
Hp,Inspiron,12th Gen,8.0,512.0,Black,2.0,AMD Ryzen 5,,25811.76,,4.8
Dell,Inspiron,12th Gen,16.0,256.0,Silver,2.97,AMD Ryzen 7,,145468.09,16.48,3.5
Hp,14,12th Gen,16.0,512.0,White,1.32,Intel Core i3,,192513.11,44.3,3.4
Dell,Inspiron,13th Gen,32.0,1024.0,Blue,1.27,Intel Core i5,592.81,118328.12,,2.9
Hp,15,12th Gen,32.0,512.0,Silver,2.64,AMD Ryzen 5,,26234.65,,4.4
Lenovo,VivoBook,11th Gen,16.0,1024.0,Black,2.79,AMD Ryzen 3,,22778.97,32.11,4.3
Asus,VivoBook,10th Gen,16.0,256.0,Blue,2.44,AMD Ryzen 7,,186352.42,,4.4
Dell,Inspiron,11th Gen,32.0,1024.0,Grey,2.14,Intel Core i5,,110760.5,19.21,4.6
Dell,16,12th Gen,16.0,1024.0,Black,2.62,Intel Core i3,,78165.48,0.18,4.1
Lenovo,X1,13th Gen,16.0,1024.0,Grey,1.59,Intel Core i7,,34713.67,,4.5
Asus,16,12th Gen,16.0,256.0,Grey,2.12,Intel Core i7,,161032.2,,2.7
Asus,16,13th Gen,16.0,512.0,Blue,1.63,AMD Ryzen 7,,112558.65,,2.8
Lenovo,14,11th Gen,8.0,256.0,White,1.51,AMD Ryzen 3,,121119.01,47.93,4.6
Dell,15,13th Gen,4.0,512.0,Blue,1.9,Intel Core i3,,108745.83,0.8,3.8
Acer,X1,11th Gen,32.0,256.0,Silver,1.58,AMD Ryzen 3,,79899.69,36.86,3.8
Asus,Inspiron,10th Gen,4.0,256.0,Grey,2.28,Intel Core i3,988.88,96467.3,4.95,4.8
Dell,Inspiron,10th Gen,16.0,256.0,Blue,2.09,Intel Core i7,778.61,199614.53,,3.0
Lenovo,16,12th Gen,8.0,512.0,Blue,2.25,AMD Ryzen 5,698.06,163197.35,14.6,4.4
Lenovo,15,10th Gen,32.0,1024.0,Grey,2.45,Intel Core i7,,94965.36,,4.0
Asus,16,13th Gen,32.0,256.0,White,1.41,Intel Core i3,,96086.64,,2.9
Asus,Inspiron,13th Gen,12.0,256.0,White,1.26,Intel Core i3,711.46,32324.9,14.34,4.1
Hp,Inspiron,11th Gen,8.0,512.0,White,1.37,AMD Ryzen 5,,199489.91,7.96,3.8
Dell,15,13th Gen,12.0,512.0,Grey,2.83,Intel Core i3,,188044.59,,3.7
Dell,16,13th Gen,8.0,512.0,Grey,1.36,Intel Core i5,,100048.63,9.49,2.8
Lenovo,16,10th Gen,32.0,512.0,Blue,2.55,AMD Ryzen 5,,171615.03,,4.8
Hp,15,12th Gen,32.0,1024.0,Silver,1.78,AMD Ryzen 5,,35079.7,11.07,3.9
Acer,15,13th Gen,8.0,256.0,Blue,1.48,AMD Ryzen 5,268.15,21896.22,,3.6
Hp,X1,13th Gen,8.0,256.0,Black,2.66,Intel Core i7,298.73,104224.03,,3.2
Hp,16,11th Gen,4.0,256.0,Silver,1.31,AMD Ryzen 7,841.8,77853.25,37.31,3.5
Dell,15,12th Gen,16.0,512.0,Black,2.72,AMD Ryzen 3,,25361.0,6.79,4.6
Asus,Inspiron,13th Gen,16.0,1024.0,Black,1.37,AMD Ryzen 3,,24877.71,,3.9
Asus,X1,12th Gen,8.0,1024.0,Silver,2.45,Intel Core i5,,145123.16,41.4,4.3
Lenovo,X1,13th Gen,12.0,256.0,Blue,1.56,AMD Ryzen 5,,26551.16,,4.6
Hp,14,11th Gen,,1024.0,White,2.41,AMD Ryzen 3,273.95,44122.88,,4.4
Hp,Inspiron,13th Gen,8.0,1024.0,Blue,1.85,AMD Ryzen 7,,37352.52,,4.4
Acer,15,10th Gen,32.0,256.0,White,1.94,AMD Ryzen 7,,92788.83,,3.7
Acer,16,10th Gen,8.0,1024.0,Blue,2.54,Intel Core i3,218.43,181093.98,49.96,3.8
Lenovo,15,12th Gen,12.0,512.0,Black,1.21,AMD Ryzen 5,583.71,55805.79,21.48,3.3
Asus,X1,12th Gen,4.0,1024.0,White,2.66,AMD Ryzen 3,,106163.35,,2.7
Asus,VivoBook,11th Gen,32.0,1024.0,Grey,1.69,AMD Ryzen 5,,174316.83,43.19,3.8
Dell,14,12th Gen,8.0,256.0,Grey,1.27,Intel Core i7,868.25,110133.64,10.88,3.1
Asus,VivoBook,12th Gen,16.0,1024.0,Grey,2.2,Intel Core i3,874.55,78518.36,,4.3
Hp,Inspiron,10th Gen,32.0,512.0,White,2.23,AMD Ryzen 7,879.24,72495.67,,3.1
Asus,Inspiron,13th Gen,4.0,256.0,Silver,1.95,Intel Core i5,388.49,80212.33,21.17,4.2
Dell,16,10th Gen,32.0,256.0,White,2.91,Intel Core i7,,191386.78,,4.9
Acer,16,11th Gen,32.0,,White,1.36,AMD Ryzen 5,745.96,114613.34,37.22,3.2
Dell,X1,11th Gen,4.0,256.0,White,2.78,AMD Ryzen 3,754.22,189965.36,34.92,2.6
Lenovo,Inspiron,12th Gen,4.0,512.0,Blue,2.47,Intel Core i3,143.08,106396.68,8.69,4.7
Hp,VivoBook,11th Gen,32.0,256.0,Grey,1.62,AMD Ryzen 7,575.37,165742.55,37.42,4.0
Asus,Inspiron,12th Gen,4.0,512.0,Grey,2.79,Intel Core i3,297.69,46807.63,,4.6
Acer,X1,12th Gen,32.0,512.0,Grey,1.31,Intel Core i7,,39549.59,41.34,3.8
Acer,16,10th Gen,4.0,512.0,Blue,1.36,AMD Ryzen 5,882.4,142086.95,36.99,4.8
Asus,VivoBook,10th Gen,8.0,1024.0,Black,1.87,Intel Core i5,,137850.24,,3.7
Hp,X1,10th Gen,32.0,256.0,White,1.4,Intel Core i3,,102705.71,47.74,2.5
Hp,Inspiron,12th Gen,16.0,1024.0,White,1.85,Intel Core i7,,50731.35,,4.9
Asus,Inspiron,11th Gen,32.0,1024.0,White,3.0,AMD Ryzen 3,498.73,81572.7,10.18,3.8
Asus,16,12th Gen,32.0,256.0,Black,1.96,Intel Core i3,810.58,181460.12,44.16,3.6
Hp,X1,11th Gen,8.0,256.0,Black,1.8,Intel Core i3,,82374.59,,3.8
Hp,Inspiron,13th Gen,32.0,512.0,Grey,2.57,AMD Ryzen 7,441.97,94571.88,49.32,4.1
Lenovo,15,10th Gen,32.0,256.0,Silver,1.43,Intel Core i7,521.35,68821.33,4.6,2.7
Lenovo,14,12th Gen,16.0,256.0,Grey,1.57,Intel Core i3,,146745.71,13.68,2.8
Dell,VivoBook,12th Gen,12.0,512.0,Silver,1.86,AMD Ryzen 3,114.44,54047.55,,4.2
Dell,15,12th Gen,16.0,1024.0,Silver,2.94,Intel Core i7,,70576.48,,2.8
Dell,14,13th Gen,8.0,256.0,White,1.33,AMD Ryzen 7,657.24,52435.53,35.97,3.8
Hp,16,10th Gen,8.0,1024.0,Silver,2.63,AMD Ryzen 3,972.99,62580.02,40.28,3.0
Hp,15,10th Gen,16.0,256.0,Black,1.59,Intel Core i5,,44311.48,,3.3
Asus,X1,12th Gen,12.0,256.0,Blue,2.29,Intel Core i7,702.23,163086.33,,3.3
Hp,16,10th Gen,8.0,512.0,Blue,2.05,Intel Core i7,669.22,61325.88,25.26,4.9
Asus,X1,11th Gen,8.0,1024.0,White,1.75,AMD Ryzen 3,831.85,179265.31,,3.4
Asus,Inspiron,10th Gen,8.0,256.0,White,2.85,AMD Ryzen 3,,124221.01,,3.0
Acer,15,13th Gen,4.0,1024.0,Silver,1.56,AMD Ryzen 5,524.53,178045.09,,3.5
Dell,16,10th Gen,32.0,256.0,Silver,1.68,Intel Core i7,562.13,148854.46,,3.0
Hp,14,12th Gen,32.0,1024.0,Grey,2.14,Intel Core i3,109.03,134612.14,17.42,4.6
Asus,15,12th Gen,8.0,1024.0,Blue,1.27,Intel Core i3,177.95,104863.34,,5.0
Hp,Inspiron,13th Gen,12.0,256.0,Grey,1.23,AMD Ryzen 3,,77335.95,,3.3
Hp,14,11th Gen,4.0,512.0,White,1.3,AMD Ryzen 5,288.5,75270.08,5.89,3.4
Asus,Inspiron,10th Gen,8.0,1024.0,Blue,1.76,AMD Ryzen 5,879.8,50170.5,,4.7
Lenovo,16,10th Gen,8.0,1024.0,Grey,2.4,Intel Core i3,829.31,97742.0,,4.6
Dell,14,10th Gen,12.0,256.0,Blue,1.87,Intel Core i3,,178456.0,36.1,3.2
Hp,VivoBook,11th Gen,32.0,256.0,Black,2.07,Intel Core i5,512.37,34111.23,,3.4
Lenovo,14,13th Gen,8.0,256.0,White,2.08,AMD Ryzen 7,851.11,40381.37,43.77,2.9
Hp,15,12th Gen,8.0,256.0,Grey,2.33,AMD Ryzen 5,,76543.47,,3.5
Acer,14,11th Gen,32.0,1024.0,Silver,1.77,Intel Core i3,103.68,141417.98,13.47,3.1
Hp,VivoBook,12th Gen,4.0,1024.0,Silver,2.95,AMD Ryzen 7,,22253.24,,2.6
Hp,VivoBook,12th Gen,12.0,1024.0,Silver,2.16,Intel Core i3,,149764.82,13.27,3.5
Acer,X1,11th Gen,16.0,256.0,Blue,2.33,Intel Core i5,990.59,178667.38,47.1,4.2
Dell,VivoBook,11th Gen,4.0,256.0,Black,2.91,AMD Ryzen 3,505.52,181050.21,,3.1
Acer,Inspiron,13th Gen,4.0,512.0,Blue,2.02,Intel Core i5,104.59,138642.14,,3.8
Hp,Inspiron,10th Gen,32.0,1024.0,White,1.71,Intel Core i7,252.04,105023.89,,3.6
Acer,14,11th Gen,8.0,1024.0,Black,1.82,Intel Core i3,,74873.31,19.26,4.9
Hp,X1,10th Gen,16.0,256.0,Black,1.47,Intel Core i3,104.08,108294.28,,2.7
Acer,15,13th Gen,8.0,256.0,Black,2.52,AMD Ryzen 5,191.1,124550.73,0.01,3.6
Dell,14,10th Gen,12.0,256.0,Blue,1.78,Intel Core i5,689.1,45719.15,13.91,4.3
Acer,VivoBook,12th Gen,8.0,512.0,White,1.39,AMD Ryzen 5,519.41,162351.96,,3.1
Acer,15,11th Gen,8.0,512.0,Black,2.93,Intel Core i3,219.11,188541.11,,2.6
Asus,Inspiron,10th Gen,16.0,256.0,White,2.92,AMD Ryzen 3,582.97,94325.89,18.43,2.7
Lenovo,VivoBook,10th Gen,32.0,1024.0,Silver,2.14,AMD Ryzen 3,244.03,72874.97,,3.6
Lenovo,X1,11th Gen,12.0,1024.0,Grey,1.68,AMD Ryzen 7,,112143.66,17.0,2.8
Hp,14,11th Gen,,1024.0,Grey,1.59,AMD Ryzen 7,349.1,87497.66,,4.3
Asus,Inspiron,10th Gen,4.0,256.0,Silver,2.44,Intel Core i7,,43412.56,30.24,3.2
Lenovo,15,12th Gen,16.0,512.0,Blue,2.42,Intel Core i3,,131932.18,,2.7
Asus,Inspiron,12th Gen,32.0,256.0,Silver,1.52,AMD Ryzen 5,,125101.28,33.09,4.3
Hp,X1,10th Gen,4.0,512.0,Blue,1.26,AMD Ryzen 7,,71437.95,,3.5
Dell,16,11th Gen,16.0,1024.0,Black,2.75,AMD Ryzen 7,,148616.66,,2.6
Lenovo,VivoBook,13th Gen,32.0,1024.0,Grey,2.67,Intel Core i3,476.06,93627.61,,4.9
Hp,16,13th Gen,12.0,1024.0,Black,2.68,Intel Core i7,935.03,162377.95,13.59,3.7
Lenovo,15,11th Gen,12.0,256.0,Black,2.39,Intel Core i3,165.01,144445.04,,3.6
Lenovo,14,11th Gen,12.0,1024.0,Black,1.5,AMD Ryzen 3,,172012.71,,2.8
Hp,Inspiron,13th Gen,16.0,512.0,White,1.47,Intel Core i3,,51558.81,18.67,4.6
Hp,16,10th Gen,16.0,256.0,Black,2.02,AMD Ryzen 7,809.37,181081.69,13.41,2.6
Acer,14,11th Gen,12.0,1024.0,Black,1.2,Intel Core i3,831.81,43544.67,11.37,3.6
Lenovo,X1,10th Gen,4.0,512.0,Silver,1.57,Intel Core i3,234.47,83521.58,,3.2
Lenovo,VivoBook,11th Gen,8.0,256.0,Grey,2.07,Intel Core i7,,21681.47,32.92,4.2
Acer,VivoBook,10th Gen,12.0,256.0,Black,2.01,Intel Core i3,326.87,70864.26,,3.4
Dell,VivoBook,11th Gen,4.0,1024.0,White,1.7,Intel Core i7,958.18,136295.03,,3.5
Hp,14,12th Gen,12.0,256.0,Black,2.99,Intel Core i3,660.39,184213.07,,3.5
Asus,X1,11th Gen,4.0,512.0,Grey,2.09,AMD Ryzen 3,,116984.72,,4.8
Dell,15,11th Gen,4.0,512.0,Grey,2.7,AMD Ryzen 5,,59023.04,,2.5
Lenovo,15,11th Gen,16.0,1024.0,Black,2.41,Intel Core i5,731.49,190964.71,,2.7
Acer,X1,12th Gen,32.0,1024.0,Silver,1.45,Intel Core i7,,104173.33,,3.0
Hp,Inspiron,11th Gen,8.0,256.0,Grey,2.84,Intel Core i3,298.9,50486.84,5.25,3.4
Lenovo,15,12th Gen,16.0,512.0,Silver,2.82,Intel Core i7,555.62,26559.01,14.08,4.5
Asus,Inspiron,12th Gen,4.0,1024.0,White,2.4,Intel Core i5,,77711.87,,3.4
Dell,Inspiron,13th Gen,16.0,512.0,Grey,1.71,AMD Ryzen 5,398.97,173788.35,37.2,4.3
Acer,14,13th Gen,4.0,256.0,White,1.49,Intel Core i7,,83723.87,10.45,3.5
Hp,Inspiron,11th Gen,32.0,256.0,Blue,2.72,Intel Core i7,,102925.53,34.1,4.9
Hp,VivoBook,12th Gen,4.0,256.0,Black,1.48,AMD Ryzen 5,,126747.9,,4.3
Asus,VivoBook,12th Gen,16.0,1024.0,Blue,2.56,AMD Ryzen 3,472.35,188959.99,,4.5
Acer,X1,11th Gen,8.0,1024.0,Blue,1.56,Intel Core i3,,23708.9,,3.1
Acer,14,12th Gen,8.0,512.0,Grey,1.31,Intel Core i7,,121338.18,12.33,4.5
Hp,15,10th Gen,8.0,512.0,White,2.72,AMD Ryzen 3,,128455.43,43.05,2.9
Hp,14,12th Gen,8.0,1024.0,Grey,2.16,Intel Core i7,,136600.6,,4.0
Acer,Inspiron,11th Gen,8.0,256.0,Blue,1.32,AMD Ryzen 5,,166402.06,2.81,3.2
Hp,16,10th Gen,12.0,512.0,Black,1.8,AMD Ryzen 5,344.19,171967.34,,5.0
Hp,X1,12th Gen,32.0,256.0,Blue,1.85,,414.67,69218.34,47.56,3.3
Asus,15,11th Gen,4.0,512.0,Blue,2.08,AMD Ryzen 5,619.45,158021.7,,4.4
Acer,VivoBook,13th Gen,12.0,512.0,Blue,1.53,AMD Ryzen 7,533.94,143032.69,,3.5
Lenovo,X1,11th Gen,,512.0,Blue,2.77,AMD Ryzen 3,435.24,155998.33,17.34,3.4
Lenovo,16,10th Gen,4.0,256.0,Blue,2.21,AMD Ryzen 7,,99868.72,45.31,4.6
Lenovo,X1,10th Gen,8.0,512.0,Grey,1.73,Intel Core i3,922.93,160729.51,,3.1
Hp,X1,12th Gen,12.0,512.0,Black,1.54,AMD Ryzen 5,,36289.57,,2.8
Lenovo,14,13th Gen,12.0,512.0,White,1.36,Intel Core i3,,153684.61,,4.4
Hp,VivoBook,10th Gen,16.0,256.0,Blue,2.57,Intel Core i5,217.29,142334.65,8.24,4.0
Hp,15,13th Gen,16.0,1024.0,Blue,2.69,AMD Ryzen 3,,151287.66,46.69,3.1
Dell,16,10th Gen,16.0,1024.0,Black,1.94,Intel Core i5,,53943.24,,3.6
Asus,VivoBook,11th Gen,32.0,256.0,White,1.35,AMD Ryzen 7,438.36,142226.61,,2.7
Hp,14,10th Gen,8.0,256.0,Grey,1.54,AMD Ryzen 7,440.75,198224.4,,4.3
Acer,16,10th Gen,8.0,256.0,Blue,1.53,AMD Ryzen 7,951.84,44704.22,23.16,3.1
Hp,15,10th Gen,12.0,256.0,Black,1.21,Intel Core i7,,172908.66,,4.2
Dell,Inspiron,10th Gen,4.0,1024.0,Blue,1.47,AMD Ryzen 5,492.76,188761.26,,3.0
Dell,15,13th Gen,4.0,1024.0,Grey,2.18,AMD Ryzen 7,631.7,144094.67,17.46,3.1
Lenovo,16,10th Gen,12.0,256.0,Black,1.73,Intel Core i7,157.46,134936.74,15.78,4.0
Lenovo,Inspiron,11th Gen,12.0,512.0,Grey,1.53,Intel Core i5,,117946.36,,3.9
Hp,X1,12th Gen,32.0,256.0,Grey,2.21,AMD Ryzen 7,964.36,143669.86,,3.1
Lenovo,X1,13th Gen,4.0,1024.0,Grey,2.67,Intel Core i3,384.73,163976.85,27.09,3.1
Asus,14,10th Gen,4.0,1024.0,Grey,2.48,AMD Ryzen 7,,79620.7,,4.1
Asus,16,10th Gen,32.0,1024.0,Black,2.01,Intel Core i3,,27745.51,48.96,3.6
Hp,VivoBook,10th Gen,4.0,1024.0,Silver,1.56,Intel Core i7,,136546.26,,4.1
Lenovo,Inspiron,11th Gen,32.0,1024.0,Blue,1.56,Intel Core i3,,118813.45,,2.8
Acer,14,10th Gen,16.0,1024.0,Silver,2.93,AMD Ryzen 3,278.13,188730.7,,4.0
Asus,14,11th Gen,8.0,256.0,White,1.7,Intel Core i5,476.69,98684.79,,4.2
Hp,Inspiron,11th Gen,16.0,256.0,White,2.25,AMD Ryzen 3,882.61,163549.62,,3.2
Hp,Inspiron,10th Gen,16.0,512.0,Grey,2.0,AMD Ryzen 3,,86919.01,,2.9
Dell,14,12th Gen,8.0,512.0,Silver,2.7,Intel Core i3,,103045.18,,4.0
Dell,16,13th Gen,8.0,256.0,Black,1.35,Intel Core i7,,99917.87,,5.0
Acer,15,12th Gen,8.0,256.0,White,1.7,AMD Ryzen 5,627.73,118061.43,,4.1
Dell,16,12th Gen,12.0,1024.0,Blue,1.62,AMD Ryzen 5,804.58,25425.05,,3.4
Hp,14,12th Gen,8.0,512.0,Black,1.56,Intel Core i7,847.83,25466.19,,5.0
Asus,16,10th Gen,8.0,1024.0,Black,1.45,AMD Ryzen 7,338.04,55206.23,,4.5
Lenovo,14,11th Gen,8.0,256.0,Black,1.4,Intel Core i7,819.37,39457.84,12.87,4.7
Asus,16,10th Gen,32.0,512.0,Silver,1.81,Intel Core i3,526.48,33199.31,,3.5
Acer,Inspiron,12th Gen,32.0,1024.0,White,1.21,Intel Core i3,,125535.38,,2.8
Hp,16,11th Gen,16.0,256.0,Silver,1.37,Intel Core i5,,22685.36,,3.1
Hp,16,12th Gen,4.0,1024.0,Silver,1.46,AMD Ryzen 3,,147413.01,37.55,3.3
Asus,16,13th Gen,8.0,256.0,Black,1.87,AMD Ryzen 5,978.69,169241.84,,4.2
Hp,VivoBook,10th Gen,16.0,512.0,White,1.52,Intel Core i7,,79416.25,,4.2
Asus,15,13th Gen,8.0,1024.0,Silver,2.34,Intel Core i7,,78562.61,,4.1
Dell,14,12th Gen,4.0,256.0,Grey,2.32,AMD Ryzen 3,374.96,51216.98,,3.6
Acer,14,11th Gen,4.0,256.0,White,2.96,AMD Ryzen 7,,21626.35,,4.6
Hp,14,12th Gen,32.0,512.0,White,1.24,AMD Ryzen 3,,143127.68,,4.1
Lenovo,14,11th Gen,8.0,512.0,Blue,2.02,AMD Ryzen 7,,147679.45,2.95,4.0
Asus,Inspiron,12th Gen,4.0,512.0,Blue,2.5,AMD Ryzen 3,,143846.55,,4.9
Dell,15,12th Gen,,512.0,Grey,1.6,AMD Ryzen 5,,65048.48,,3.1
Asus,X1,13th Gen,12.0,1024.0,Black,2.84,Intel Core i5,,79127.74,,3.1
Lenovo,VivoBook,12th Gen,4.0,256.0,White,1.28,AMD Ryzen 7,,22913.32,,4.4
Dell,VivoBook,13th Gen,32.0,1024.0,Silver,,AMD Ryzen 3,,193177.75,,3.6
Acer,X1,13th Gen,8.0,1024.0,White,2.88,Intel Core i3,817.41,128762.87,,4.0
Hp,VivoBook,10th Gen,16.0,512.0,White,1.78,AMD Ryzen 3,,55695.48,,4.9
Dell,Inspiron,13th Gen,8.0,512.0,Grey,1.81,AMD Ryzen 3,,170846.23,27.47,4.3
Dell,Inspiron,11th Gen,32.0,512.0,White,2.36,Intel Core i5,,51991.47,7.81,4.7
Lenovo,14,10th Gen,16.0,256.0,Grey,1.83,AMD Ryzen 7,,81065.05,,2.5
Lenovo,16,13th Gen,12.0,1024.0,Grey,2.65,AMD Ryzen 5,,137282.52,,3.0
Hp,14,10th Gen,4.0,256.0,Silver,2.5,Intel Core i3,473.67,114529.48,,4.4
Dell,16,13th Gen,4.0,256.0,Silver,2.31,AMD Ryzen 3,533.62,106844.86,,2.6
Acer,16,12th Gen,8.0,1024.0,Black,2.92,Intel Core i5,,179662.48,,2.7
Asus,15,11th Gen,12.0,256.0,Blue,1.84,Intel Core i7,739.07,102344.37,,3.6
Dell,X1,12th Gen,8.0,256.0,Silver,1.85,Intel Core i7,151.64,143181.85,,2.8
Lenovo,VivoBook,10th Gen,8.0,512.0,Black,2.51,Intel Core i3,979.99,72870.49,21.18,3.3
Hp,X1,10th Gen,8.0,1024.0,Blue,1.23,Intel Core i7,540.17,38962.89,,3.4
Dell,16,12th Gen,8.0,1024.0,Grey,2.9,AMD Ryzen 7,679.07,178676.87,,4.0
Asus,VivoBook,11th Gen,4.0,512.0,Black,2.78,AMD Ryzen 3,203.4,74696.47,,2.6
Lenovo,X1,12th Gen,12.0,512.0,Grey,1.64,Intel Core i3,,111149.49,,4.0
Asus,16,12th Gen,16.0,256.0,Grey,1.66,Intel Core i3,,126731.6,,4.0
Asus,VivoBook,11th Gen,4.0,256.0,White,1.66,AMD Ryzen 5,,197768.46,35.12,3.4
Hp,15,12th Gen,16.0,1024.0,White,2.86,AMD Ryzen 7,718.93,143226.72,,2.8
Asus,16,12th Gen,32.0,1024.0,Grey,2.12,Intel Core i5,582.6,21697.05,,3.5
Hp,14,13th Gen,8.0,256.0,Silver,1.59,AMD Ryzen 7,481.32,84972.19,20.72,4.9
Acer,X1,13th Gen,32.0,512.0,White,2.36,AMD Ryzen 3,195.43,102163.21,,3.6
Acer,14,13th Gen,4.0,256.0,Silver,1.21,Intel Core i3,441.54,194877.67,21.09,2.7
Hp,X1,10th Gen,16.0,,Grey,2.09,AMD Ryzen 7,656.14,163071.13,1.88,2.6
Lenovo,Inspiron,11th Gen,4.0,512.0,Blue,2.89,AMD Ryzen 5,,169894.4,13.19,3.3
Hp,Inspiron,12th Gen,12.0,256.0,Black,1.65,AMD Ryzen 7,,114276.29,18.66,5.0
Dell,15,10th Gen,16.0,256.0,Black,2.58,Intel Core i5,166.52,191475.98,40.34,4.7
Hp,X1,10th Gen,8.0,256.0,Blue,2.1,AMD Ryzen 3,281.83,131663.82,4.75,3.9
Asus,VivoBook,11th Gen,12.0,512.0,White,1.86,Intel Core i7,799.91,22183.66,2.2,3.2
Lenovo,Inspiron,13th Gen,12.0,256.0,Black,1.54,AMD Ryzen 3,,54183.07,,4.8
Hp,14,11th Gen,16.0,512.0,Black,2.13,AMD Ryzen 3,,103678.0,,4.6
Asus,16,13th Gen,8.0,256.0,Silver,2.41,Intel Core i7,119.38,132263.9,,5.0
Asus,15,11th Gen,12.0,256.0,Black,1.58,AMD Ryzen 7,,114146.44,32.33,4.3
Asus,16,11th Gen,4.0,1024.0,Blue,1.24,Intel Core i7,,157523.42,49.13,4.1
Lenovo,X1,10th Gen,8.0,256.0,White,1.94,Intel Core i3,807.76,50958.14,34.91,3.4
Acer,16,11th Gen,4.0,1024.0,White,1.99,Intel Core i3,416.44,134489.82,11.68,4.6
Acer,14,11th Gen,16.0,256.0,White,2.84,Intel Core i7,,101885.63,,4.3
Asus,15,12th Gen,12.0,256.0,White,2.12,Intel Core i5,,57454.25,42.41,4.5
Acer,X1,11th Gen,32.0,1024.0,Grey,1.22,AMD Ryzen 7,842.56,59272.21,,3.9
Dell,14,11th Gen,12.0,256.0,Blue,2.27,AMD Ryzen 7,,149536.23,,4.5
Hp,X1,13th Gen,32.0,512.0,Black,1.63,AMD Ryzen 3,956.45,79235.88,4.87,3.0
Dell,16,13th Gen,16.0,1024.0,White,2.23,Intel Core i7,983.93,23972.31,48.31,4.8
Dell,VivoBook,12th Gen,16.0,256.0,Silver,2.93,AMD Ryzen 7,165.13,144138.76,1.01,4.8
Acer,VivoBook,13th Gen,4.0,1024.0,Black,1.39,Intel Core i3,,22542.23,,3.8
Dell,X1,12th Gen,4.0,256.0,Blue,1.98,AMD Ryzen 3,824.71,92980.5,40.78,4.2
Asus,Inspiron,11th Gen,32.0,512.0,Silver,1.67,AMD Ryzen 3,579.75,37532.59,,4.8
Dell,X1,13th Gen,4.0,256.0,Blue,1.65,AMD Ryzen 3,,71266.02,,4.6
Acer,Inspiron,10th Gen,8.0,512.0,White,2.66,AMD Ryzen 7,680.81,190947.88,31.7,4.7
Acer,16,13th Gen,4.0,1024.0,White,1.83,AMD Ryzen 5,667.51,32709.97,,2.9
Dell,14,11th Gen,4.0,256.0,Black,2.29,Intel Core i3,428.06,35251.18,,4.0
Asus,X1,12th Gen,32.0,1024.0,Blue,2.85,AMD Ryzen 7,,77983.3,,3.0
Lenovo,VivoBook,12th Gen,16.0,512.0,Black,2.37,AMD Ryzen 3,,175495.53,,3.9
Asus,16,13th Gen,8.0,1024.0,Black,2.82,Intel Core i3,969.25,141394.44,,4.8
Lenovo,16,11th Gen,4.0,512.0,Black,1.84,AMD Ryzen 3,457.27,106882.17,8.88,4.4
Hp,VivoBook,13th Gen,32.0,1024.0,Black,1.53,Intel Core i7,774.69,32289.98,47.28,2.8
Asus,Inspiron,11th Gen,12.0,512.0,Grey,2.07,,467.57,110418.57,,2.6
Hp,Inspiron,10th Gen,32.0,256.0,Black,1.71,Intel Core i7,,80574.9,45.11,3.9
Hp,VivoBook,11th Gen,32.0,256.0,Blue,1.76,Intel Core i3,,123913.49,,4.5
Hp,15,10th Gen,4.0,512.0,Grey,2.01,Intel Core i3,,116646.91,,4.3
Dell,16,13th Gen,16.0,256.0,Silver,1.21,Intel Core i3,,124737.16,,2.6
Hp,X1,11th Gen,8.0,256.0,Blue,1.42,Intel Core i7,,105062.79,,4.7
Lenovo,VivoBook,12th Gen,8.0,1024.0,Silver,1.26,Intel Core i7,,69995.38,,2.9
Hp,16,10th Gen,16.0,1024.0,White,1.99,AMD Ryzen 7,468.96,123430.44,39.58,4.0
Lenovo,16,11th Gen,8.0,1024.0,Grey,2.36,Intel Core i3,,174950.91,,4.8
Dell,16,10th Gen,12.0,1024.0,Blue,2.5,AMD Ryzen 5,,181076.07,,4.4
Lenovo,14,12th Gen,32.0,1024.0,White,1.26,Intel Core i7,719.85,163483.56,45.61,4.3
Dell,16,12th Gen,12.0,512.0,Grey,2.5,Intel Core i3,,34298.65,5.73,4.5
Lenovo,14,11th Gen,4.0,1024.0,Grey,1.33,AMD Ryzen 5,177.72,147814.95,14.42,4.2
Acer,VivoBook,13th Gen,12.0,512.0,Silver,2.53,Intel Core i7,,194869.91,49.91,5.0
Acer,VivoBook,13th Gen,32.0,1024.0,Blue,1.75,AMD Ryzen 3,,45570.71,18.12,3.5
Hp,15,12th Gen,8.0,256.0,Silver,2.61,Intel Core i5,203.93,104147.57,34.95,2.6
Lenovo,X1,10th Gen,12.0,1024.0,White,1.29,AMD Ryzen 5,242.28,132576.47,,3.9
Lenovo,VivoBook,10th Gen,4.0,1024.0,White,2.55,Intel Core i5,918.63,143214.43,,3.8
Dell,VivoBook,12th Gen,16.0,256.0,Silver,2.47,AMD Ryzen 7,321.01,107892.23,,3.4
Acer,16,12th Gen,8.0,256.0,Silver,2.5,AMD Ryzen 7,234.79,131506.22,,4.1
Dell,X1,11th Gen,16.0,512.0,Grey,2.21,AMD Ryzen 5,899.01,104452.69,2.43,4.8
Dell,X1,13th Gen,16.0,512.0,Black,1.2,AMD Ryzen 7,,96195.24,38.39,4.2
Hp,14,12th Gen,4.0,256.0,White,1.91,AMD Ryzen 5,258.51,118424.04,6.48,3.2
Acer,14,12th Gen,12.0,1024.0,White,1.41,AMD Ryzen 3,,116579.4,8.34,5.0
Asus,Inspiron,11th Gen,4.0,256.0,White,2.65,Intel Core i7,,166610.14,41.51,4.9
Asus,X1,10th Gen,16.0,512.0,Black,2.23,Intel Core i5,,39864.5,32.02,4.8
Acer,X1,11th Gen,12.0,512.0,Grey,1.55,AMD Ryzen 5,,72918.94,,2.9
Lenovo,VivoBook,11th Gen,8.0,1024.0,White,1.33,Intel Core i5,860.66,159452.62,,2.6
Asus,X1,11th Gen,16.0,1024.0,White,1.64,Intel Core i3,,23969.47,,2.8
Asus,X1,13th Gen,4.0,256.0,Blue,1.94,Intel Core i3,,51970.76,,4.5
Acer,15,12th Gen,12.0,512.0,White,1.79,Intel Core i7,,116481.31,,2.8
Dell,Inspiron,11th Gen,32.0,1024.0,Grey,2.42,Intel Core i5,541.39,95220.77,23.8,3.1
Acer,Inspiron,11th Gen,16.0,256.0,Blue,1.45,Intel Core i5,,78927.87,,3.7
Asus,14,13th Gen,16.0,256.0,Grey,2.13,AMD Ryzen 3,693.8,121028.11,41.33,2.7
Dell,VivoBook,10th Gen,32.0,,White,2.6,AMD Ryzen 7,113.61,140628.14,1.43,4.0
Hp,X1,13th Gen,32.0,1024.0,Blue,2.25,AMD Ryzen 7,552.13,25669.82,5.85,4.2
Acer,X1,13th Gen,32.0,512.0,Black,1.4,AMD Ryzen 3,,69870.52,,2.7
Asus,15,11th Gen,16.0,256.0,Grey,2.62,AMD Ryzen 3,,55917.42,,4.1
Acer,VivoBook,12th Gen,32.0,1024.0,Grey,1.78,AMD Ryzen 3,150.41,175060.12,,4.7
Acer,16,12th Gen,16.0,256.0,White,2.18,Intel Core i7,775.26,107474.8,,3.6
Lenovo,Inspiron,12th Gen,8.0,256.0,Black,2.76,Intel Core i3,,149881.86,26.28,3.8
Dell,15,13th Gen,12.0,256.0,Black,2.46,AMD Ryzen 5,,171408.52,47.74,2.5
Acer,X1,12th Gen,12.0,512.0,Silver,2.04,Intel Core i7,,156803.09,,2.6
Asus,X1,11th Gen,16.0,256.0,White,1.29,Intel Core i3,,142504.06,36.04,3.9
Acer,15,10th Gen,12.0,1024.0,White,2.29,Intel Core i7,375.73,171271.17,33.03,4.6
Asus,Inspiron,10th Gen,12.0,1024.0,Blue,2.19,Intel Core i3,621.8,141121.94,,3.3
Acer,X1,13th Gen,12.0,256.0,Grey,2.38,Intel Core i5,,124979.23,5.12,4.1
Asus,Inspiron,12th Gen,32.0,1024.0,Black,2.66,Intel Core i3,,69768.73,23.3,3.6
Lenovo,Inspiron,12th Gen,16.0,256.0,Blue,2.12,Intel Core i5,,59470.73,31.18,2.5
Asus,Inspiron,12th Gen,16.0,1024.0,Black,,AMD Ryzen 5,,186904.88,42.31,3.9
Lenovo,15,11th Gen,32.0,512.0,Silver,1.96,Intel Core i3,,109631.15,,4.8
Asus,14,10th Gen,8.0,512.0,White,2.77,Intel Core i7,,144042.56,,4.4
Dell,15,11th Gen,12.0,1024.0,Blue,2.95,Intel Core i7,346.58,41592.98,28.36,3.7
Acer,Inspiron,13th Gen,8.0,1024.0,Blue,2.31,Intel Core i3,560.37,178942.4,38.1,2.5
Acer,X1,10th Gen,32.0,512.0,Black,1.8,Intel Core i3,,190028.07,2.33,3.8
Lenovo,X1,13th Gen,16.0,512.0,Silver,2.63,Intel Core i7,,120498.46,,3.8
Lenovo,VivoBook,13th Gen,32.0,256.0,Grey,,AMD Ryzen 5,,156523.85,35.63,4.7
Asus,15,12th Gen,4.0,256.0,White,2.57,AMD Ryzen 5,881.84,92443.43,,4.1
Asus,X1,11th Gen,8.0,256.0,Blue,1.41,Intel Core i7,385.59,86651.94,4.44,4.9
Dell,14,12th Gen,16.0,512.0,Blue,2.66,Intel Core i3,,186046.86,,2.6
Asus,16,13th Gen,32.0,1024.0,Silver,2.2,Intel Core i3,392.79,70739.0,,4.2
Asus,14,13th Gen,8.0,256.0,Blue,2.42,Intel Core i3,,23920.28,,4.2
Dell,X1,10th Gen,32.0,1024.0,Blue,1.23,AMD Ryzen 7,238.44,111385.0,,3.9
Asus,14,13th Gen,12.0,256.0,Blue,1.47,Intel Core i5,372.25,133527.15,22.66,4.5
Acer,Inspiron,13th Gen,4.0,256.0,Silver,2.58,AMD Ryzen 7,,55512.57,,3.6
Asus,VivoBook,12th Gen,4.0,512.0,Black,1.25,Intel Core i3,,54587.73,,3.6
Acer,VivoBook,11th Gen,16.0,256.0,Blue,1.35,AMD Ryzen 3,,64263.61,,4.2
Acer,X1,11th Gen,32.0,512.0,White,1.78,Intel Core i5,585.93,39665.92,18.37,4.6
Dell,VivoBook,13th Gen,12.0,256.0,Blue,2.22,AMD Ryzen 3,,171977.5,,3.7
Hp,16,11th Gen,12.0,1024.0,Blue,1.81,AMD Ryzen 5,,56561.73,25.81,4.9
Asus,X1,13th Gen,12.0,256.0,Blue,1.46,AMD Ryzen 5,,187792.68,,4.1
Asus,Inspiron,10th Gen,32.0,256.0,Silver,2.71,Intel Core i7,,162479.82,44.63,2.6
Acer,Inspiron,13th Gen,16.0,256.0,Grey,,AMD Ryzen 5,,36746.9,,4.6
Hp,16,10th Gen,4.0,256.0,Silver,2.54,AMD Ryzen 7,,148862.22,,5.0
Lenovo,15,10th Gen,4.0,256.0,Black,1.22,Intel Core i3,481.84,189451.97,,2.6
Dell,X1,11th Gen,4.0,,White,2.54,AMD Ryzen 7,,36031.74,13.79,4.7
Hp,15,12th Gen,12.0,1024.0,Black,2.81,Intel Core i3,,187959.32,46.58,3.3
Dell,Inspiron,12th Gen,4.0,256.0,Silver,1.79,Intel Core i3,904.15,150901.44,,4.0
Lenovo,VivoBook,12th Gen,32.0,512.0,Blue,2.41,Intel Core i5,302.92,56004.68,,3.2
Lenovo,VivoBook,11th Gen,8.0,256.0,White,2.29,AMD Ryzen 3,,172205.5,,3.9
Dell,Inspiron,11th Gen,12.0,1024.0,Grey,2.31,Intel Core i5,,75738.88,,4.1
Hp,Inspiron,12th Gen,32.0,256.0,Grey,2.19,Intel Core i5,,35265.87,22.14,4.4
Acer,15,13th Gen,8.0,256.0,Blue,2.11,AMD Ryzen 3,,190265.9,9.53,4.1
Asus,15,13th Gen,4.0,512.0,Silver,1.34,Intel Core i5,,104706.56,,2.8
Acer,16,13th Gen,8.0,1024.0,Silver,1.43,AMD Ryzen 5,,145182.36,6.23,3.5
Asus,14,10th Gen,12.0,256.0,Black,1.26,AMD Ryzen 7,942.39,21468.87,10.84,3.0
Acer,VivoBook,13th Gen,4.0,512.0,Blue,1.54,AMD Ryzen 7,,193885.64,47.13,2.9
Lenovo,15,13th Gen,4.0,256.0,Black,2.5,Intel Core i7,920.86,149019.62,,4.8
Hp,Inspiron,13th Gen,32.0,256.0,Blue,2.26,Intel Core i7,,132619.64,32.14,2.6
Lenovo,X1,11th Gen,16.0,256.0,Black,1.55,Intel Core i5,244.65,126653.22,32.17,4.7
Acer,VivoBook,11th Gen,32.0,256.0,Grey,2.77,AMD Ryzen 5,,78600.86,,3.6
Acer,16,12th Gen,16.0,256.0,Blue,1.5,Intel Core i5,531.69,171016.5,,4.2
Hp,15,12th Gen,,1024.0,Grey,1.67,Intel Core i3,807.16,75405.57,10.52,2.6
Acer,15,11th Gen,16.0,256.0,Silver,2.97,AMD Ryzen 7,,112257.34,10.94,3.7
Hp,16,12th Gen,4.0,1024.0,White,,AMD Ryzen 5,408.63,50931.89,,4.3
Dell,16,12th Gen,32.0,1024.0,Grey,2.69,AMD Ryzen 3,944.17,74472.79,,4.2
Dell,15,11th Gen,16.0,1024.0,White,1.93,AMD Ryzen 5,,161293.0,,3.9
Lenovo,VivoBook,12th Gen,12.0,512.0,Black,2.49,Intel Core i3,,140145.74,3.61,3.6
Hp,Inspiron,13th Gen,8.0,512.0,Black,1.82,Intel Core i7,,184393.66,3.25,4.1
Asus,14,13th Gen,32.0,1024.0,White,1.38,Intel Core i7,561.1,139181.25,,3.7
Acer,15,13th Gen,16.0,1024.0,Blue,2.33,AMD Ryzen 3,410.55,36979.59,20.89,3.1
Asus,VivoBook,10th Gen,16.0,1024.0,Grey,2.57,AMD Ryzen 5,342.52,60883.7,9.68,3.5
Asus,VivoBook,10th Gen,16.0,256.0,Grey,1.25,AMD Ryzen 7,,46619.2,,4.9
Acer,Inspiron,13th Gen,,256.0,White,1.24,AMD Ryzen 5,178.69,195609.01,,4.4
Asus,14,13th Gen,32.0,512.0,Grey,1.65,AMD Ryzen 7,992.45,82361.28,,3.1
Lenovo,14,13th Gen,12.0,1024.0,Blue,1.44,AMD Ryzen 7,,131168.71,3.29,3.6
Hp,15,13th Gen,12.0,1024.0,Silver,2.32,Intel Core i3,,108393.0,5.7,4.0
Hp,15,10th Gen,16.0,512.0,White,1.63,Intel Core i5,,194730.66,,4.7
Lenovo,X1,13th Gen,12.0,1024.0,Grey,1.21,Intel Core i5,,68447.57,6.44,2.7
Dell,Inspiron,11th Gen,4.0,256.0,Grey,1.73,Intel Core i5,,98332.9,,3.0
Asus,16,13th Gen,16.0,1024.0,White,2.06,AMD Ryzen 7,,52076.97,45.87,3.1
Lenovo,X1,12th Gen,12.0,512.0,Blue,2.41,Intel Core i3,495.69,175158.73,42.62,2.8
Hp,14,11th Gen,12.0,,Silver,1.4,AMD Ryzen 3,325.75,48429.19,32.13,4.9
Lenovo,14,12th Gen,12.0,1024.0,Grey,2.23,,,147552.95,,4.2
Dell,16,13th Gen,16.0,256.0,Black,1.4,AMD Ryzen 3,,138405.88,37.74,2.8
Asus,Inspiron,12th Gen,16.0,256.0,Black,1.6,Intel Core i3,,29996.38,16.89,3.1
Dell,X1,12th Gen,16.0,512.0,Blue,2.8,Intel Core i5,444.01,58999.34,42.99,4.6
Dell,16,13th Gen,8.0,1024.0,Black,2.2,Intel Core i5,,185639.13,8.58,4.9
Dell,15,12th Gen,16.0,1024.0,Blue,1.9,AMD Ryzen 7,908.15,196104.26,,3.5
Asus,15,13th Gen,16.0,256.0,Black,2.78,Intel Core i3,338.88,55726.89,10.11,4.4
Hp,Inspiron,12th Gen,8.0,512.0,Black,1.5,Intel Core i3,434.68,43786.55,,2.5
Dell,14,13th Gen,8.0,256.0,Grey,2.98,AMD Ryzen 7,272.75,101700.54,9.38,4.7
Dell,Inspiron,13th Gen,4.0,1024.0,Grey,2.37,Intel Core i7,762.9,160909.88,,3.7
Asus,Inspiron,11th Gen,16.0,1024.0,Black,2.1,AMD Ryzen 7,899.2,22102.17,,4.5
Dell,VivoBook,13th Gen,32.0,512.0,Silver,2.14,AMD Ryzen 5,,86234.19,,4.7
Acer,15,13th Gen,8.0,512.0,White,1.38,AMD Ryzen 7,,184756.0,,4.1
Acer,X1,10th Gen,32.0,512.0,Blue,1.84,Intel Core i3,,53844.53,,2.5
Acer,15,13th Gen,12.0,1024.0,Blue,2.19,Intel Core i7,,185875.83,,4.3
Acer,15,11th Gen,4.0,512.0,Silver,2.47,Intel Core i7,,157938.43,,4.1
Acer,16,11th Gen,32.0,256.0,White,1.26,AMD Ryzen 3,,63977.74,,3.4
Hp,VivoBook,12th Gen,32.0,512.0,Blue,1.65,AMD Ryzen 7,102.06,99121.52,,2.7
Asus,Inspiron,13th Gen,4.0,1024.0,Blue,2.68,Intel Core i3,630.79,105789.79,,4.4
Hp,VivoBook,12th Gen,12.0,1024.0,Grey,2.43,Intel Core i5,160.95,109491.26,39.46,3.1
Asus,14,11th Gen,16.0,1024.0,Black,1.66,AMD Ryzen 3,401.5,82369.89,,4.8
Hp,X1,11th Gen,16.0,1024.0,Blue,1.49,Intel Core i3,653.21,36139.69,,4.3
Asus,X1,12th Gen,8.0,256.0,Blue,1.43,Intel Core i3,,128278.53,,3.2
Lenovo,VivoBook,10th Gen,32.0,512.0,Blue,2.37,AMD Ryzen 5,967.71,177612.72,,4.3
Asus,VivoBook,10th Gen,8.0,512.0,Grey,1.88,AMD Ryzen 5,534.23,107090.86,,3.2
Dell,14,10th Gen,12.0,1024.0,White,2.8,AMD Ryzen 7,,120935.81,,4.7
Acer,15,11th Gen,12.0,256.0,Black,2.02,Intel Core i5,,51954.13,,4.8
Asus,X1,12th Gen,32.0,256.0,Silver,1.83,AMD Ryzen 3,,40326.07,33.35,4.7
Dell,15,13th Gen,4.0,256.0,Black,,Intel Core i7,131.68,89489.1,18.96,3.0
Hp,14,13th Gen,8.0,512.0,Blue,1.78,AMD Ryzen 7,789.73,121391.39,25.4,5.0
Asus,VivoBook,13th Gen,32.0,512.0,Black,2.37,AMD Ryzen 3,,92432.78,11.19,3.8
Dell,16,13th Gen,32.0,256.0,Blue,2.18,AMD Ryzen 5,151.98,21671.58,0.8,4.5
Lenovo,VivoBook,12th Gen,4.0,512.0,Silver,2.29,AMD Ryzen 3,497.41,50777.92,6.18,3.3
Lenovo,16,10th Gen,4.0,256.0,Grey,2.14,Intel Core i7,,174009.27,21.49,4.9
Hp,Inspiron,10th Gen,8.0,1024.0,Grey,1.45,Intel Core i3,,175868.56,,4.4
Asus,X1,10th Gen,12.0,1024.0,Black,1.49,Intel Core i7,,137591.55,,3.3
Acer,14,13th Gen,16.0,512.0,White,2.5,Intel Core i7,219.8,143249.64,,5.0
Lenovo,14,13th Gen,32.0,1024.0,White,1.48,Intel Core i5,,185288.9,18.52,4.8
Dell,Inspiron,13th Gen,32.0,1024.0,Black,2.02,Intel Core i7,,175487.69,10.66,3.7
Asus,14,13th Gen,8.0,256.0,Grey,2.12,Intel Core i3,,146493.5,13.86,3.1
Asus,Inspiron,10th Gen,32.0,256.0,Blue,1.82,AMD Ryzen 5,,77519.52,,4.9
Hp,14,10th Gen,4.0,512.0,Blue,1.99,AMD Ryzen 5,,59197.72,49.82,3.5
Acer,VivoBook,13th Gen,8.0,256.0,Grey,1.5,Intel Core i3,885.25,62530.53,22.31,3.1
Asus,16,12th Gen,12.0,256.0,Grey,2.45,Intel Core i3,285.93,177480.76,43.46,4.9
Dell,15,13th Gen,4.0,256.0,Grey,2.67,Intel Core i3,859.82,97676.56,,2.9
Hp,Inspiron,11th Gen,16.0,256.0,White,2.81,Intel Core i5,,174497.96,31.74,2.8
Hp,X1,13th Gen,8.0,1024.0,Grey,2.54,AMD Ryzen 7,,105077.17,,3.5
Acer,VivoBook,12th Gen,12.0,512.0,Grey,2.46,Intel Core i3,247.8,59563.76,,3.0
Dell,X1,13th Gen,,256.0,Blue,1.67,AMD Ryzen 3,,24764.1,34.64,4.1
Dell,X1,13th Gen,16.0,512.0,Silver,1.96,AMD Ryzen 7,,185065.42,,3.1
Acer,15,10th Gen,32.0,512.0,Silver,2.99,AMD Ryzen 7,,190337.14,,3.4
Asus,VivoBook,13th Gen,,256.0,Black,1.78,Intel Core i5,657.68,75205.27,,3.7
Acer,15,13th Gen,12.0,1024.0,Blue,2.46,AMD Ryzen 3,124.8,155479.18,38.03,4.6
Hp,VivoBook,11th Gen,8.0,512.0,Black,2.25,AMD Ryzen 5,960.93,126870.14,30.11,4.2
Acer,14,12th Gen,16.0,1024.0,Blue,1.31,Intel Core i3,,175388.9,,4.3
Hp,Inspiron,12th Gen,32.0,512.0,White,1.44,Intel Core i7,291.36,138766.19,,2.6
Lenovo,16,13th Gen,8.0,256.0,Black,2.75,Intel Core i7,,112098.15,0.85,4.8
Acer,16,13th Gen,8.0,1024.0,Black,2.95,Intel Core i7,917.07,100193.27,15.08,3.7
Asus,16,13th Gen,8.0,1024.0,Black,2.44,Intel Core i7,150.17,32244.2,49.6,4.0
Dell,16,10th Gen,4.0,256.0,Silver,1.83,Intel Core i3,297.38,134671.44,7.46,3.8
Acer,14,10th Gen,32.0,256.0,Blue,1.76,Intel Core i5,243.58,114844.19,47.23,4.4
Lenovo,Inspiron,11th Gen,12.0,512.0,Silver,2.23,AMD Ryzen 3,,62408.6,,2.7
Acer,Inspiron,12th Gen,32.0,512.0,Silver,1.25,AMD Ryzen 3,560.1,159917.25,47.14,3.3
Asus,VivoBook,12th Gen,12.0,512.0,White,2.33,Intel Core i5,,156691.5,9.43,3.0
Lenovo,16,10th Gen,8.0,512.0,Silver,2.61,Intel Core i5,,82718.66,19.76,3.6
Acer,X1,10th Gen,4.0,512.0,Grey,2.63,Intel Core i7,,142432.13,1.37,3.7
Lenovo,Inspiron,11th Gen,32.0,512.0,Silver,2.37,AMD Ryzen 3,845.46,149402.0,40.95,4.3
Hp,16,11th Gen,12.0,256.0,Grey,2.12,AMD Ryzen 5,186.02,136693.0,,3.7
Hp,Inspiron,13th Gen,4.0,1024.0,White,2.79,AMD Ryzen 3,,69748.99,19.32,2.7
Dell,14,10th Gen,8.0,512.0,White,2.02,AMD Ryzen 7,,141823.29,,3.1
Lenovo,15,12th Gen,8.0,256.0,White,2.85,AMD Ryzen 3,,138416.54,40.44,4.8
Dell,VivoBook,10th Gen,8.0,256.0,Silver,1.68,AMD Ryzen 7,,50689.28,14.6,3.9
Acer,Inspiron,12th Gen,4.0,256.0,Blue,2.41,Intel Core i3,,76582.74,38.4,3.4
Asus,15,11th Gen,12.0,512.0,Blue,1.64,Intel Core i5,922.87,137829.82,5.37,4.1
Dell,15,12th Gen,16.0,512.0,Black,2.8,AMD Ryzen 5,,184411.8,,4.0
Hp,15,12th Gen,32.0,256.0,Blue,,AMD Ryzen 5,645.03,144154.4,,4.4
Asus,X1,13th Gen,16.0,1024.0,Black,1.65,Intel Core i7,369.64,163698.53,0.99,4.5
Hp,16,13th Gen,32.0,256.0,Blue,1.71,Intel Core i5,,67847.83,36.81,4.8
Acer,X1,12th Gen,32.0,256.0,Blue,1.97,Intel Core i3,189.21,62322.32,44.9,4.1
Hp,14,11th Gen,8.0,512.0,White,2.38,Intel Core i5,,116583.75,,4.8
Lenovo,X1,11th Gen,16.0,512.0,Black,2.58,Intel Core i7,955.5,75210.31,,3.7
Acer,X1,12th Gen,12.0,512.0,Black,2.95,Intel Core i3,128.9,28124.5,,3.9
Dell,15,13th Gen,32.0,1024.0,Silver,2.0,AMD Ryzen 5,,135332.18,,2.9
Asus,16,10th Gen,4.0,512.0,Blue,2.94,AMD Ryzen 3,,108360.28,21.83,4.5
Dell,X1,13th Gen,12.0,1024.0,Silver,2.88,AMD Ryzen 5,,168419.29,,4.8
Dell,16,10th Gen,4.0,256.0,Silver,1.52,AMD Ryzen 7,820.9,189327.34,33.05,2.9
Dell,VivoBook,12th Gen,4.0,512.0,Black,1.65,Intel Core i5,,55462.89,,3.1
Hp,14,13th Gen,4.0,1024.0,Black,1.64,AMD Ryzen 7,,123518.39,,4.7
Hp,16,11th Gen,16.0,1024.0,White,2.13,Intel Core i7,,160177.18,21.54,3.9
Lenovo,14,12th Gen,32.0,,White,1.56,Intel Core i5,,129021.8,36.9,2.8
Acer,VivoBook,13th Gen,32.0,256.0,Black,1.61,Intel Core i7,,64314.64,13.02,4.3
Hp,16,13th Gen,12.0,256.0,Blue,1.75,AMD Ryzen 3,817.98,71936.79,28.29,4.8
Acer,Inspiron,10th Gen,16.0,256.0,White,2.94,Intel Core i3,228.74,49789.1,1.42,2.6
Hp,VivoBook,11th Gen,16.0,1024.0,White,1.94,AMD Ryzen 7,934.92,43395.13,,4.7
Asus,X1,12th Gen,8.0,256.0,Grey,2.36,AMD Ryzen 7,265.09,97295.14,40.77,3.3
Acer,14,10th Gen,16.0,256.0,White,1.94,AMD Ryzen 3,,199010.08,41.21,4.4
Lenovo,X1,12th Gen,4.0,1024.0,White,1.36,AMD Ryzen 5,837.62,145017.87,,4.1
Hp,X1,11th Gen,8.0,512.0,White,2.69,Intel Core i5,251.64,139824.94,45.76,3.8
Hp,X1,11th Gen,16.0,512.0,Black,2.06,AMD Ryzen 7,580.6,118343.52,,4.7
Lenovo,VivoBook,10th Gen,12.0,1024.0,Grey,1.71,AMD Ryzen 7,929.75,25301.91,38.01,2.7
Hp,14,10th Gen,4.0,256.0,Blue,1.96,Intel Core i5,,36922.2,,3.9
Lenovo,X1,10th Gen,,1024.0,Grey,2.37,AMD Ryzen 3,821.65,189961.01,,3.0
Acer,VivoBook,11th Gen,32.0,1024.0,Grey,2.98,Intel Core i3,463.84,98445.54,37.62,3.9
Lenovo,X1,12th Gen,12.0,1024.0,Blue,2.8,,,25070.43,,4.6
Acer,Inspiron,10th Gen,4.0,1024.0,Blue,2.28,Intel Core i5,,184992.56,,5.0
Asus,X1,13th Gen,32.0,512.0,Silver,1.41,AMD Ryzen 3,,171776.32,30.26,4.2
Dell,14,11th Gen,4.0,512.0,Black,2.17,AMD Ryzen 7,,67126.94,,3.0
Acer,Inspiron,13th Gen,32.0,512.0,Black,1.34,AMD Ryzen 7,417.34,169983.44,,4.7
Dell,X1,13th Gen,32.0,512.0,Black,1.58,AMD Ryzen 3,786.55,34586.91,27.76,3.8
Acer,VivoBook,11th Gen,32.0,1024.0,White,1.87,Intel Core i5,,84711.47,29.69,3.0
Dell,14,11th Gen,16.0,1024.0,Black,2.01,AMD Ryzen 7,,185029.85,,3.3
Dell,Inspiron,12th Gen,12.0,256.0,Grey,1.68,Intel Core i3,,155330.62,35.81,4.9
Hp,16,12th Gen,8.0,1024.0,White,2.23,AMD Ryzen 3,,57459.28,18.95,3.3
Acer,15,11th Gen,4.0,1024.0,Grey,1.42,AMD Ryzen 5,,176746.6,32.13,2.9
Asus,15,12th Gen,4.0,1024.0,Black,1.95,AMD Ryzen 3,,75564.06,14.25,3.4
Acer,14,10th Gen,4.0,512.0,Grey,1.35,Intel Core i3,649.6,194445.13,16.2,3.3
Dell,X1,11th Gen,12.0,256.0,White,1.23,AMD Ryzen 3,,131442.14,34.01,4.3
Hp,Inspiron,13th Gen,8.0,256.0,Silver,1.27,AMD Ryzen 3,,172554.19,47.03,3.1
Lenovo,VivoBook,12th Gen,12.0,512.0,Grey,2.92,Intel Core i3,,39924.35,,5.0
Lenovo,16,11th Gen,8.0,256.0,Silver,2.01,Intel Core i3,,161539.14,,2.9
Hp,16,13th Gen,8.0,1024.0,Blue,1.94,AMD Ryzen 7,,96300.65,,3.9
Lenovo,14,13th Gen,16.0,1024.0,White,2.08,Intel Core i7,,82074.7,,3.1
Acer,14,13th Gen,16.0,1024.0,Black,1.97,Intel Core i5,,130458.06,,3.2
Asus,X1,13th Gen,4.0,512.0,Silver,1.89,AMD Ryzen 5,132.46,195457.92,7.32,3.2
Acer,Inspiron,13th Gen,16.0,512.0,Black,2.63,AMD Ryzen 7,749.73,54769.15,32.26,4.2
Acer,16,11th Gen,32.0,1024.0,Silver,2.72,Intel Core i3,681.43,190083.71,,2.7
Asus,15,12th Gen,32.0,512.0,Silver,2.82,AMD Ryzen 7,,74159.59,14.43,2.9
Asus,Inspiron,13th Gen,32.0,1024.0,Blue,2.18,Intel Core i5,629.06,135621.77,,2.8
Asus,X1,13th Gen,12.0,512.0,White,2.31,Intel Core i5,,26677.31,43.77,3.2
Dell,15,10th Gen,4.0,512.0,Grey,1.78,AMD Ryzen 5,,113786.6,,2.6
Hp,VivoBook,12th Gen,8.0,512.0,Blue,1.6,Intel Core i5,,121038.18,,3.5
Asus,Inspiron,13th Gen,8.0,256.0,White,1.55,Intel Core i7,489.22,194866.25,,2.9
Hp,X1,12th Gen,4.0,1024.0,Black,1.45,AMD Ryzen 3,133.39,191943.76,,4.9
Lenovo,14,13th Gen,32.0,256.0,White,2.29,AMD Ryzen 7,167.7,177519.64,27.72,4.7
Lenovo,Inspiron,10th Gen,4.0,512.0,Silver,1.44,Intel Core i3,391.12,190307.12,21.71,3.2
Acer,16,12th Gen,8.0,512.0,Black,2.65,AMD Ryzen 5,,193742.49,,3.4
Asus,Inspiron,13th Gen,8.0,512.0,Blue,2.94,AMD Ryzen 3,,83750.39,,3.9
Dell,VivoBook,11th Gen,32.0,256.0,Silver,1.24,Intel Core i7,,80603.87,37.24,4.1
Hp,VivoBook,10th Gen,32.0,1024.0,White,1.22,Intel Core i7,874.07,151356.5,34.7,3.6
Asus,VivoBook,10th Gen,8.0,1024.0,White,1.73,AMD Ryzen 5,328.55,122627.71,0.98,2.7
Dell,X1,10th Gen,12.0,1024.0,Blue,1.47,Intel Core i7,,75584.17,4.72,2.7
Asus,15,11th Gen,16.0,1024.0,Grey,2.61,Intel Core i7,,35449.82,47.52,4.0
Asus,X1,12th Gen,8.0,1024.0,Blue,1.57,Intel Core i7,398.11,148276.74,6.65,3.1
Hp,14,12th Gen,32.0,512.0,Grey,1.32,Intel Core i5,,95176.82,4.24,4.4
Asus,15,10th Gen,12.0,1024.0,Silver,2.02,AMD Ryzen 3,,161152.14,35.38,4.2
Acer,15,13th Gen,8.0,1024.0,Black,2.9,AMD Ryzen 7,,165657.99,,4.5
Dell,16,11th Gen,16.0,256.0,Blue,2.79,AMD Ryzen 3,418.75,118349.41,,2.7
Dell,16,11th Gen,32.0,256.0,Silver,1.72,Intel Core i3,,122671.0,,4.5
Lenovo,VivoBook,11th Gen,16.0,512.0,Black,1.38,Intel Core i7,699.82,70770.34,26.67,3.7
Lenovo,15,10th Gen,8.0,1024.0,Black,1.27,AMD Ryzen 3,661.01,126277.44,13.46,3.1
Hp,15,12th Gen,12.0,1024.0,Silver,2.55,AMD Ryzen 7,345.38,178355.87,19.04,4.7
Hp,VivoBook,11th Gen,16.0,256.0,Grey,1.63,Intel Core i5,,89518.52,5.0,4.8
Acer,15,10th Gen,4.0,256.0,White,2.58,Intel Core i7,,95168.4,46.79,4.8
Acer,15,10th Gen,4.0,512.0,Black,2.87,Intel Core i5,,129171.47,39.27,4.3
Asus,16,12th Gen,4.0,512.0,Grey,2.13,Intel Core i7,,173291.73,28.46,3.5
Hp,16,11th Gen,16.0,256.0,Black,1.74,AMD Ryzen 5,,104307.58,,3.5
Lenovo,14,12th Gen,32.0,256.0,Silver,2.96,AMD Ryzen 3,,36515.15,,4.6
Lenovo,14,12th Gen,32.0,1024.0,Grey,1.36,Intel Core i3,473.12,154196.79,38.08,3.8
Acer,X1,11th Gen,4.0,256.0,Black,2.76,Intel Core i5,317.32,196173.8,,4.0
Hp,15,13th Gen,8.0,512.0,Blue,2.95,Intel Core i7,607.96,35695.62,3.12,4.8
Hp,14,12th Gen,4.0,512.0,White,2.66,Intel Core i5,,81058.89,,4.0
Asus,16,11th Gen,16.0,1024.0,Black,1.28,AMD Ryzen 7,,46894.9,24.5,3.3
Lenovo,14,10th Gen,12.0,512.0,White,2.96,AMD Ryzen 5,249.33,147971.32,,3.0
Dell,VivoBook,10th Gen,12.0,1024.0,Black,1.77,Intel Core i5,,94930.28,45.03,2.6
Asus,X1,13th Gen,12.0,1024.0,Black,1.26,Intel Core i3,942.67,23388.01,31.26,3.6
Dell,VivoBook,10th Gen,12.0,256.0,White,2.09,Intel Core i7,687.7,157081.07,18.04,2.9
Dell,14,11th Gen,4.0,1024.0,Silver,1.61,AMD Ryzen 5,341.34,150977.56,34.39,4.7
Acer,14,13th Gen,4.0,512.0,White,1.83,AMD Ryzen 5,967.17,165238.79,,3.9
Hp,15,12th Gen,,512.0,Black,2.38,AMD Ryzen 3,,195515.32,38.43,2.9
Hp,14,11th Gen,32.0,1024.0,Blue,2.36,Intel Core i5,,78084.22,,2.6
Lenovo,VivoBook,11th Gen,12.0,,Black,1.77,AMD Ryzen 5,,76485.0,,3.7
Asus,16,10th Gen,32.0,1024.0,Grey,1.69,AMD Ryzen 5,,71903.96,,4.6
Hp,15,11th Gen,16.0,1024.0,Grey,1.99,AMD Ryzen 5,123.44,81250.97,,2.5
Lenovo,14,11th Gen,4.0,1024.0,Blue,2.73,AMD Ryzen 5,,140001.86,26.93,2.6
Acer,VivoBook,12th Gen,4.0,512.0,Blue,2.34,Intel Core i7,,193934.07,5.45,4.6
Asus,16,12th Gen,8.0,512.0,Blue,2.62,Intel Core i3,291.93,134011.6,,3.5
Asus,15,10th Gen,4.0,1024.0,Silver,1.33,Intel Core i5,870.73,31022.78,,3.9
Acer,X1,13th Gen,8.0,512.0,Blue,,Intel Core i3,,161313.03,,3.6
Lenovo,VivoBook,13th Gen,32.0,512.0,Grey,1.94,Intel Core i3,513.96,145208.36,7.53,4.0
Hp,Inspiron,11th Gen,12.0,256.0,Black,1.36,AMD Ryzen 7,749.84,170924.33,32.35,4.5
Hp,14,11th Gen,16.0,1024.0,Silver,2.2,Intel Core i7,,164261.0,8.6,3.0
Dell,16,13th Gen,4.0,512.0,White,2.39,Intel Core i5,575.13,169502.25,28.45,4.9
Asus,X1,13th Gen,12.0,256.0,Black,1.66,AMD Ryzen 5,905.39,22717.28,,4.1
Acer,VivoBook,10th Gen,8.0,512.0,Black,1.24,Intel Core i3,,67792.15,32.13,3.2
Dell,15,10th Gen,12.0,1024.0,Black,1.28,AMD Ryzen 7,,75609.41,18.28,4.0
Hp,16,11th Gen,8.0,256.0,White,1.49,AMD Ryzen 5,,115003.46,20.7,4.9
Asus,VivoBook,10th Gen,12.0,256.0,White,1.28,AMD Ryzen 3,681.87,100260.01,,4.3
Acer,Inspiron,12th Gen,32.0,1024.0,Black,1.39,Intel Core i7,,56793.7,40.62,2.7
Acer,15,11th Gen,8.0,512.0,Grey,1.22,Intel Core i3,850.86,87770.33,,4.5
Acer,15,13th Gen,12.0,256.0,White,2.71,AMD Ryzen 5,,32519.58,,4.8
Dell,Inspiron,12th Gen,12.0,256.0,Blue,2.0,AMD Ryzen 7,730.28,158035.31,,2.8
Dell,X1,11th Gen,16.0,1024.0,White,1.99,Intel Core i7,171.56,116924.05,47.49,3.1
Lenovo,VivoBook,13th Gen,12.0,1024.0,Grey,1.74,AMD Ryzen 5,,155452.74,39.78,3.6
Acer,16,13th Gen,4.0,256.0,Grey,1.84,AMD Ryzen 7,681.82,84484.61,,2.6
Lenovo,16,13th Gen,16.0,1024.0,Silver,1.24,AMD Ryzen 7,840.43,31647.96,,4.6
Acer,Inspiron,13th Gen,16.0,256.0,Silver,2.74,Intel Core i7,,86871.81,,4.7
Acer,X1,11th Gen,16.0,512.0,White,1.72,Intel Core i5,,167348.87,,4.9
Hp,15,11th Gen,4.0,256.0,White,1.71,Intel Core i7,377.4,83318.06,37.98,4.0
Acer,VivoBook,13th Gen,12.0,1024.0,Blue,2.95,Intel Core i3,387.96,55939.01,,3.0
Asus,14,12th Gen,32.0,1024.0,Grey,2.98,AMD Ryzen 5,,165918.29,33.48,4.0
Acer,16,11th Gen,32.0,256.0,White,2.3,AMD Ryzen 7,,176919.12,,2.8
Dell,X1,12th Gen,16.0,256.0,Silver,1.27,AMD Ryzen 5,201.35,80038.64,,3.8
Asus,Inspiron,13th Gen,4.0,512.0,Blue,1.69,Intel Core i5,736.18,30319.31,9.13,3.9
Asus,X1,12th Gen,32.0,512.0,Silver,2.21,Intel Core i3,,97127.81,,3.6
Asus,14,12th Gen,8.0,1024.0,Silver,1.77,AMD Ryzen 3,999.42,79865.62,,3.0
Acer,14,10th Gen,4.0,1024.0,Grey,2.91,Intel Core i7,364.72,166519.46,,4.8
Asus,Inspiron,10th Gen,12.0,1024.0,Grey,1.63,Intel Core i5,,72827.12,40.99,4.1
Dell,X1,13th Gen,8.0,512.0,Grey,2.32,Intel Core i7,625.32,173995.35,25.45,2.7
Asus,15,11th Gen,32.0,512.0,Black,2.93,Intel Core i3,522.54,39723.41,38.44,3.2
Hp,14,13th Gen,32.0,512.0,Blue,2.02,AMD Ryzen 7,,140056.67,,5.0
Hp,VivoBook,10th Gen,12.0,256.0,White,2.82,AMD Ryzen 5,245.99,81500.63,,2.7
Lenovo,X1,11th Gen,16.0,512.0,Black,2.86,AMD Ryzen 7,665.12,111806.84,39.72,4.7
Acer,15,11th Gen,8.0,1024.0,Grey,1.37,Intel Core i7,,22189.94,49.8,4.0
Hp,15,12th Gen,32.0,512.0,Silver,2.71,AMD Ryzen 7,203.56,52042.42,,3.3
Acer,16,13th Gen,4.0,512.0,Blue,2.45,Intel Core i7,627.93,99896.54,34.69,3.5
Hp,Inspiron,10th Gen,12.0,1024.0,Black,2.61,AMD Ryzen 3,804.74,124574.75,,3.8
Asus,15,13th Gen,16.0,256.0,Silver,2.77,AMD Ryzen 5,,173507.57,44.4,3.5
Hp,15,10th Gen,32.0,512.0,Blue,1.45,Intel Core i3,750.42,176307.61,,3.0
Acer,Inspiron,11th Gen,32.0,1024.0,White,2.16,Intel Core i7,,27720.75,18.52,2.7
Dell,14,10th Gen,8.0,256.0,Blue,1.29,AMD Ryzen 5,595.73,39303.74,,3.4
Acer,16,10th Gen,8.0,1024.0,Silver,2.4,AMD Ryzen 3,,115264.19,,5.0
Dell,16,10th Gen,4.0,512.0,Blue,1.26,AMD Ryzen 3,503.3,155774.21,2.13,3.5
Dell,15,10th Gen,12.0,512.0,Grey,1.29,Intel Core i7,,184945.6,,4.2
Acer,X1,13th Gen,12.0,1024.0,Black,2.96,AMD Ryzen 5,270.69,138438.67,11.53,4.5
Lenovo,Inspiron,10th Gen,32.0,1024.0,Blue,2.49,Intel Core i7,857.14,174808.64,,4.2
Lenovo,14,11th Gen,12.0,512.0,Black,2.68,AMD Ryzen 7,,179066.6,,4.9
Asus,16,11th Gen,16.0,512.0,Grey,1.39,AMD Ryzen 7,,157348.54,,3.2
Lenovo,15,12th Gen,12.0,512.0,Silver,1.57,AMD Ryzen 7,213.01,145987.65,36.77,5.0
Asus,14,10th Gen,32.0,,White,1.22,Intel Core i3,,55054.6,7.77,3.7
Hp,X1,11th Gen,16.0,1024.0,Black,2.32,Intel Core i7,812.37,197567.38,47.88,4.8
Asus,X1,10th Gen,12.0,256.0,Grey,2.64,Intel Core i7,,79254.1,,4.0
Dell,VivoBook,13th Gen,12.0,1024.0,Blue,2.18,Intel Core i7,388.87,98825.37,7.92,2.7
Dell,X1,13th Gen,12.0,1024.0,Black,2.05,AMD Ryzen 5,,23736.96,25.61,4.2
Hp,X1,12th Gen,12.0,256.0,Blue,1.87,,273.17,31845.49,7.78,2.7
Lenovo,15,10th Gen,8.0,1024.0,Blue,2.83,Intel Core i7,,30287.38,30.32,3.3
Asus,VivoBook,12th Gen,8.0,256.0,Blue,2.45,AMD Ryzen 3,,179906.38,,3.1
Dell,VivoBook,10th Gen,32.0,1024.0,Black,2.03,AMD Ryzen 7,145.08,64560.2,,3.1
Lenovo,15,12th Gen,8.0,1024.0,Silver,1.25,AMD Ryzen 3,962.71,145824.3,,3.1
Acer,15,10th Gen,4.0,512.0,Blue,1.84,Intel Core i5,303.77,42717.14,,4.2
Asus,VivoBook,12th Gen,8.0,1024.0,Silver,1.45,Intel Core i7,,84026.52,39.3,2.6
Hp,16,10th Gen,4.0,512.0,Silver,1.22,Intel Core i5,,61473.09,41.34,2.7
Acer,16,10th Gen,4.0,256.0,White,1.7,Intel Core i5,,127738.49,,4.4
Acer,15,13th Gen,12.0,512.0,White,1.7,Intel Core i3,,121948.86,44.79,2.9
Lenovo,VivoBook,10th Gen,32.0,512.0,White,2.36,AMD Ryzen 5,,188756.68,,4.7
Lenovo,14,10th Gen,16.0,256.0,White,1.42,AMD Ryzen 7,,103109.53,,3.5
Acer,15,10th Gen,4.0,512.0,Grey,1.58,AMD Ryzen 7,,92903.88,45.56,4.8
Acer,Inspiron,10th Gen,12.0,1024.0,Blue,1.27,Intel Core i5,130.61,166292.42,41.91,4.3
Acer,14,11th Gen,4.0,256.0,White,2.46,AMD Ryzen 5,994.49,49842.65,,4.5
Hp,VivoBook,12th Gen,12.0,1024.0,Grey,2.64,AMD Ryzen 5,985.52,118744.52,16.89,3.4
Dell,X1,11th Gen,16.0,512.0,White,1.62,AMD Ryzen 3,892.32,152719.39,48.92,2.7
Hp,14,10th Gen,16.0,,Black,1.35,AMD Ryzen 3,,183214.0,29.26,4.2
Lenovo,14,11th Gen,4.0,512.0,White,2.92,AMD Ryzen 5,759.56,55197.81,26.32,3.6
Acer,VivoBook,12th Gen,12.0,1024.0,Blue,2.67,Intel Core i3,191.24,43298.87,43.14,4.1
Acer,VivoBook,13th Gen,16.0,512.0,Silver,2.26,AMD Ryzen 3,875.82,68007.18,47.38,3.4
Acer,16,13th Gen,32.0,256.0,Grey,2.29,Intel Core i3,741.07,76422.66,,2.6
Acer,VivoBook,12th Gen,8.0,256.0,Black,1.98,Intel Core i5,694.78,84544.69,3.22,3.1
Dell,15,11th Gen,16.0,256.0,Blue,2.17,AMD Ryzen 5,554.97,129033.49,9.21,3.7
Asus,X1,10th Gen,4.0,256.0,White,2.78,AMD Ryzen 7,,131547.37,39.25,4.0
Asus,Inspiron,10th Gen,8.0,512.0,Blue,2.61,Intel Core i5,,20476.32,45.7,4.2
Dell,X1,10th Gen,16.0,256.0,Grey,2.26,AMD Ryzen 5,,193497.16,36.2,4.7
Lenovo,X1,13th Gen,16.0,1024.0,Black,2.61,Intel Core i3,,31791.06,,3.8
Dell,16,12th Gen,32.0,256.0,Silver,,AMD Ryzen 3,,174595.57,49.8,2.5
Acer,Inspiron,11th Gen,4.0,512.0,Grey,2.48,AMD Ryzen 7,525.68,51080.32,,3.1
Dell,X1,10th Gen,4.0,1024.0,Grey,1.63,AMD Ryzen 5,,143241.6,,3.6
Lenovo,14,12th Gen,8.0,256.0,Blue,1.52,Intel Core i7,,86658.0,5.38,4.2
Lenovo,Inspiron,12th Gen,8.0,256.0,Blue,2.2,Intel Core i3,,82658.38,,5.0
Asus,VivoBook,12th Gen,4.0,256.0,Silver,2.16,Intel Core i5,146.73,68679.2,44.79,4.6
Hp,VivoBook,13th Gen,12.0,256.0,Grey,2.06,AMD Ryzen 3,782.54,44094.04,19.09,2.7
Dell,14,10th Gen,4.0,512.0,White,1.62,Intel Core i5,,134621.68,,3.7
Dell,Inspiron,12th Gen,12.0,256.0,Silver,1.67,Intel Core i7,194.91,80371.2,45.59,3.1
Asus,15,10th Gen,8.0,512.0,Silver,1.29,AMD Ryzen 5,846.65,163534.44,,3.5
Acer,X1,10th Gen,32.0,512.0,White,2.3,AMD Ryzen 5,,157822.83,,4.4
Acer,16,12th Gen,4.0,512.0,Silver,1.75,AMD Ryzen 5,202.56,46381.95,,3.4
Dell,Inspiron,11th Gen,4.0,1024.0,White,2.15,Intel Core i5,,193797.0,,2.6
Lenovo,Inspiron,11th Gen,4.0,256.0,Black,2.7,Intel Core i7,316.05,186527.31,14.6,4.6
Asus,Inspiron,11th Gen,8.0,1024.0,Blue,1.82,AMD Ryzen 5,,188672.06,,2.5
Dell,X1,10th Gen,12.0,512.0,Black,1.67,Intel Core i7,,188733.4,9.26,3.0
Dell,14,10th Gen,8.0,512.0,Black,1.24,Intel Core i5,866.94,166802.44,32.15,3.4
Lenovo,Inspiron,12th Gen,8.0,512.0,White,2.88,AMD Ryzen 5,,80352.34,,3.0
Acer,15,13th Gen,32.0,256.0,Silver,1.89,,,172732.8,29.51,4.5
Dell,16,11th Gen,12.0,256.0,Blue,1.7,Intel Core i3,,26244.45,,4.8
Hp,X1,11th Gen,12.0,1024.0,White,1.6,AMD Ryzen 7,563.63,78980.7,33.01,3.6
Dell,16,12th Gen,32.0,512.0,Grey,2.55,Intel Core i5,785.89,40930.35,,4.6
Acer,X1,10th Gen,8.0,256.0,Grey,1.31,AMD Ryzen 5,,172527.62,,4.4
Lenovo,14,13th Gen,32.0,1024.0,White,1.33,AMD Ryzen 7,,90353.33,16.76,2.5
Lenovo,14,10th Gen,12.0,1024.0,Blue,1.88,AMD Ryzen 3,,24087.57,3.82,4.3
Lenovo,15,10th Gen,32.0,1024.0,White,1.43,AMD Ryzen 7,,20989.57,,3.2
Hp,14,13th Gen,32.0,1024.0,Grey,1.49,AMD Ryzen 3,968.74,163480.34,9.18,3.6
Dell,Inspiron,12th Gen,12.0,512.0,Blue,2.95,Intel Core i5,,98652.7,,3.2
Lenovo,15,12th Gen,8.0,1024.0,Grey,1.41,Intel Core i7,470.9,138842.88,48.51,4.7
Lenovo,14,12th Gen,32.0,1024.0,Silver,1.75,AMD Ryzen 5,210.26,124356.26,24.43,4.5
Lenovo,14,12th Gen,4.0,256.0,Silver,2.88,Intel Core i3,116.37,68245.71,14.92,2.7
Asus,15,13th Gen,4.0,1024.0,Grey,2.68,AMD Ryzen 7,,150335.62,42.18,4.4
Acer,X1,10th Gen,8.0,1024.0,White,2.41,AMD Ryzen 5,808.33,52871.09,30.47,3.1
Hp,Inspiron,12th Gen,4.0,256.0,Blue,1.45,AMD Ryzen 7,335.87,50522.55,39.49,4.0
Hp,14,10th Gen,12.0,256.0,Silver,1.39,Intel Core i7,,109221.94,,3.1
Asus,X1,11th Gen,32.0,256.0,White,2.16,Intel Core i3,,197020.33,,4.3
Hp,15,13th Gen,8.0,256.0,Grey,2.25,AMD Ryzen 5,,37424.09,28.6,3.1
Dell,VivoBook,10th Gen,4.0,1024.0,Silver,2.61,AMD Ryzen 7,,167449.89,22.64,2.9
Lenovo,16,12th Gen,16.0,512.0,White,2.17,Intel Core i3,488.65,69544.22,6.56,2.8
Hp,16,12th Gen,4.0,512.0,White,2.05,AMD Ryzen 7,,41214.89,,4.8
Asus,14,13th Gen,16.0,512.0,White,2.03,AMD Ryzen 3,251.6,107911.3,1.54,2.8
Dell,14,13th Gen,12.0,512.0,Black,2.98,AMD Ryzen 7,,166549.82,15.66,3.9
Asus,14,11th Gen,16.0,1024.0,Blue,1.66,AMD Ryzen 7,,96143.09,,3.8
Hp,15,11th Gen,16.0,512.0,Silver,1.89,Intel Core i3,193.44,110159.44,14.83,4.0
Lenovo,VivoBook,12th Gen,4.0,1024.0,Blue,1.33,Intel Core i7,,56483.14,,4.8
Dell,16,10th Gen,16.0,1024.0,Black,2.97,Intel Core i5,,25561.44,,3.7
Dell,Inspiron,12th Gen,4.0,512.0,Silver,2.01,AMD Ryzen 5,614.28,176057.14,,2.9
Hp,15,11th Gen,16.0,512.0,Silver,2.53,AMD Ryzen 5,601.12,36320.96,45.48,2.6
Asus,VivoBook,12th Gen,12.0,1024.0,Grey,1.4,Intel Core i3,125.63,69327.96,,4.7
Hp,16,10th Gen,4.0,256.0,Blue,2.22,AMD Ryzen 7,,39671.03,,4.9
Lenovo,VivoBook,12th Gen,16.0,1024.0,Blue,1.28,Intel Core i3,,101993.24,28.31,3.6
Lenovo,VivoBook,13th Gen,32.0,512.0,Grey,2.74,AMD Ryzen 3,219.69,69467.82,6.25,4.8
Hp,VivoBook,11th Gen,16.0,1024.0,Silver,2.28,Intel Core i7,,139960.56,,3.9
Lenovo,16,10th Gen,16.0,1024.0,Grey,2.41,AMD Ryzen 5,,147153.55,25.57,4.6
Dell,X1,11th Gen,16.0,1024.0,Blue,1.73,Intel Core i3,,194027.86,,3.5
Asus,VivoBook,12th Gen,16.0,512.0,Grey,2.13,AMD Ryzen 5,343.99,24841.73,,3.1
Hp,Inspiron,13th Gen,8.0,1024.0,Blue,2.69,AMD Ryzen 3,,87712.46,37.48,4.0
Asus,14,10th Gen,16.0,1024.0,Black,1.91,Intel Core i7,,54038.34,,4.6
Acer,15,11th Gen,12.0,1024.0,White,1.73,Intel Core i7,148.49,35982.28,,3.8
Acer,Inspiron,12th Gen,8.0,1024.0,Black,2.7,Intel Core i5,,68790.89,43.25,3.7
Acer,14,13th Gen,12.0,1024.0,Black,1.8,Intel Core i5,943.6,92627.6,,3.0
Asus,14,11th Gen,4.0,512.0,Black,2.69,AMD Ryzen 5,943.19,48609.6,,3.6
Hp,15,12th Gen,32.0,512.0,Silver,2.18,AMD Ryzen 7,,179475.1,,2.5
Hp,15,12th Gen,8.0,1024.0,White,1.69,Intel Core i3,,34412.67,,4.5
Acer,X1,10th Gen,8.0,256.0,White,2.51,AMD Ryzen 3,,81557.04,,3.2
Hp,X1,12th Gen,4.0,512.0,White,2.77,Intel Core i5,152.8,154904.72,,3.4
Acer,16,12th Gen,4.0,256.0,Grey,2.65,AMD Ryzen 7,437.64,160585.91,11.54,5.0
Asus,X1,12th Gen,12.0,256.0,Grey,1.47,AMD Ryzen 5,,151829.46,12.64,3.2
Hp,15,13th Gen,4.0,256.0,Blue,2.23,Intel Core i5,,196789.69,,4.9
Hp,Inspiron,12th Gen,8.0,256.0,Silver,2.08,AMD Ryzen 7,,74648.58,28.63,4.5
Acer,Inspiron,11th Gen,4.0,512.0,Silver,2.15,Intel Core i3,,198449.6,27.04,3.5
Dell,15,10th Gen,32.0,512.0,White,1.98,AMD Ryzen 7,262.56,176462.03,34.95,3.4
Hp,Inspiron,11th Gen,32.0,1024.0,Blue,1.24,Intel Core i7,677.69,166028.79,,4.7
Acer,16,13th Gen,16.0,256.0,Black,2.97,AMD Ryzen 3,682.59,64382.26,33.77,3.6
Asus,14,12th Gen,32.0,512.0,Grey,2.88,Intel Core i5,595.77,180705.04,,3.8
Asus,15,13th Gen,8.0,1024.0,Black,2.11,AMD Ryzen 7,995.78,170686.17,,4.4
Dell,X1,12th Gen,4.0,256.0,Black,2.54,Intel Core i3,544.52,25308.22,,4.1
Hp,Inspiron,10th Gen,32.0,512.0,Grey,2.92,AMD Ryzen 7,745.06,86973.13,,3.6
Acer,VivoBook,11th Gen,32.0,1024.0,Silver,2.52,AMD Ryzen 5,,54951.96,34.38,2.7
Lenovo,15,13th Gen,32.0,256.0,Blue,2.26,AMD Ryzen 5,,26515.83,29.41,3.7
Hp,VivoBook,11th Gen,4.0,1024.0,White,2.46,AMD Ryzen 3,,68117.21,,3.7
Dell,Inspiron,12th Gen,16.0,512.0,Black,1.89,AMD Ryzen 5,937.3,51075.62,1.96,3.5
Asus,16,13th Gen,4.0,256.0,Grey,2.71,Intel Core i5,,171179.19,,4.3
Hp,Inspiron,12th Gen,16.0,,Blue,2.08,Intel Core i5,,151657.52,37.96,3.8
Hp,VivoBook,11th Gen,8.0,512.0,Silver,2.47,Intel Core i7,,20901.14,,2.7
Dell,X1,13th Gen,16.0,512.0,Silver,1.68,Intel Core i7,747.56,142025.35,12.57,2.8
Dell,VivoBook,13th Gen,4.0,256.0,Silver,1.8,Intel Core i7,,199632.06,2.58,4.1
Asus,VivoBook,13th Gen,32.0,512.0,Silver,1.99,Intel Core i5,,33472.08,,4.6
Dell,16,11th Gen,16.0,512.0,Silver,2.68,Intel Core i7,,101396.76,31.07,4.8
Asus,VivoBook,10th Gen,4.0,512.0,Blue,1.36,,,186641.85,,3.3
Lenovo,14,11th Gen,16.0,512.0,Silver,1.94,AMD Ryzen 7,,74860.25,,4.1
Asus,VivoBook,10th Gen,12.0,512.0,White,2.27,Intel Core i7,,107495.77,25.13,3.7
Lenovo,14,11th Gen,32.0,256.0,White,1.91,AMD Ryzen 3,486.35,130855.44,42.82,4.6
Hp,Inspiron,13th Gen,4.0,512.0,White,2.1,AMD Ryzen 3,877.65,186430.14,3.68,4.2
Asus,15,10th Gen,32.0,1024.0,Silver,1.92,Intel Core i3,360.5,126213.18,,2.6
Lenovo,16,11th Gen,12.0,512.0,Blue,1.24,AMD Ryzen 3,587.53,173859.76,,2.7
Acer,VivoBook,12th Gen,16.0,1024.0,Black,1.22,Intel Core i5,,99728.44,8.02,2.8
Asus,16,13th Gen,12.0,1024.0,White,2.0,Intel Core i3,,67445.61,,4.8
Asus,16,13th Gen,16.0,512.0,Blue,2.29,AMD Ryzen 3,,122619.02,,4.1
Hp,Inspiron,13th Gen,12.0,512.0,White,1.99,Intel Core i5,723.46,125576.47,,2.8
Hp,14,12th Gen,12.0,1024.0,Blue,1.52,Intel Core i3,,81185.2,38.48,2.7
Lenovo,VivoBook,11th Gen,8.0,1024.0,Grey,1.28,AMD Ryzen 7,,116376.22,,4.0
Dell,X1,10th Gen,4.0,512.0,Silver,2.7,Intel Core i7,138.78,193306.46,30.25,3.3
Hp,14,13th Gen,4.0,1024.0,Blue,2.36,Intel Core i7,,80777.17,,4.3
Hp,15,10th Gen,8.0,512.0,Black,2.23,Intel Core i5,,199494.13,35.7,4.8
Hp,X1,12th Gen,16.0,1024.0,Silver,2.14,AMD Ryzen 7,,43144.82,26.76,4.1
Hp,16,13th Gen,16.0,256.0,Silver,1.73,Intel Core i7,966.74,146692.34,18.43,4.0
Dell,14,10th Gen,32.0,1024.0,White,1.33,Intel Core i5,175.81,162100.77,16.73,3.1
Acer,X1,11th Gen,12.0,1024.0,Silver,2.98,AMD Ryzen 7,,70336.09,39.72,2.8
Lenovo,16,12th Gen,4.0,256.0,White,2.51,AMD Ryzen 7,883.78,42937.22,4.08,4.2
Lenovo,16,12th Gen,32.0,256.0,Blue,2.79,AMD Ryzen 3,,178032.61,45.52,3.0
Asus,Inspiron,11th Gen,4.0,512.0,Blue,1.61,AMD Ryzen 5,376.0,52962.86,10.18,3.1
Lenovo,VivoBook,13th Gen,32.0,256.0,Grey,2.43,Intel Core i3,146.91,170572.56,0.72,4.6
Dell,16,13th Gen,16.0,512.0,Silver,1.61,AMD Ryzen 7,462.68,50889.16,35.99,4.2
Hp,15,13th Gen,4.0,256.0,White,1.74,Intel Core i7,855.4,58638.65,14.86,4.0
Acer,15,10th Gen,32.0,256.0,Black,2.45,Intel Core i3,,159184.42,,4.0
Hp,14,11th Gen,8.0,256.0,Black,1.8,Intel Core i3,,86774.3,,3.2
Acer,VivoBook,11th Gen,12.0,256.0,Blue,1.83,Intel Core i3,,115595.31,25.55,2.7
Hp,VivoBook,11th Gen,16.0,256.0,Blue,2.4,AMD Ryzen 7,,41820.99,3.3,3.7
Acer,X1,11th Gen,12.0,256.0,White,2.07,Intel Core i7,574.57,183767.05,,4.6
Hp,VivoBook,10th Gen,32.0,512.0,Black,1.42,AMD Ryzen 5,,105874.38,18.56,2.6
Dell,VivoBook,12th Gen,12.0,512.0,White,1.47,Intel Core i3,273.46,21591.79,,3.4
Hp,X1,13th Gen,16.0,512.0,Grey,2.25,AMD Ryzen 5,,62048.24,5.06,4.5
Dell,X1,12th Gen,4.0,512.0,Black,1.91,AMD Ryzen 7,789.75,189848.66,,4.9
Dell,15,10th Gen,16.0,512.0,Grey,2.82,Intel Core i7,,95538.83,,3.4
Dell,15,13th Gen,8.0,256.0,Silver,2.6,AMD Ryzen 5,,146290.97,16.24,4.8
Acer,X1,11th Gen,16.0,1024.0,Grey,1.45,AMD Ryzen 3,,86002.41,17.81,4.6
Hp,X1,13th Gen,16.0,1024.0,Black,2.36,Intel Core i3,810.96,148711.12,34.18,4.6
Dell,15,10th Gen,16.0,512.0,Silver,2.39,AMD Ryzen 3,,51487.98,17.34,4.4
Dell,VivoBook,12th Gen,8.0,1024.0,Black,2.11,AMD Ryzen 3,514.54,118794.08,,3.0
Lenovo,16,11th Gen,8.0,512.0,Blue,1.53,Intel Core i5,,38044.05,,4.0
Acer,15,10th Gen,12.0,256.0,Black,2.51,Intel Core i7,303.89,75786.59,,3.8
Lenovo,Inspiron,13th Gen,4.0,1024.0,White,2.34,AMD Ryzen 7,,145383.4,22.87,4.6
Asus,VivoBook,12th Gen,4.0,1024.0,Blue,2.49,Intel Core i5,231.66,156111.83,,4.5
Hp,VivoBook,13th Gen,32.0,512.0,Silver,2.43,Intel Core i3,,59760.56,,4.9
Dell,X1,13th Gen,8.0,512.0,Grey,2.7,AMD Ryzen 5,550.95,55462.07,,3.9
Acer,14,13th Gen,32.0,256.0,Grey,2.29,AMD Ryzen 7,,181504.45,,3.6
Hp,16,13th Gen,4.0,256.0,Blue,2.7,AMD Ryzen 3,509.64,26220.97,6.11,4.3
Asus,VivoBook,10th Gen,32.0,512.0,White,2.12,AMD Ryzen 7,,26324.06,,2.8
Lenovo,Inspiron,12th Gen,12.0,1024.0,White,2.32,AMD Ryzen 3,944.79,63234.6,20.91,3.4
Lenovo,14,11th Gen,12.0,1024.0,Blue,2.33,AMD Ryzen 7,872.58,141487.4,3.59,4.9
Asus,VivoBook,11th Gen,32.0,1024.0,Silver,2.16,Intel Core i3,978.09,42902.8,43.12,4.9
Acer,Inspiron,13th Gen,32.0,1024.0,White,1.82,AMD Ryzen 5,,132047.56,,4.3
Asus,15,10th Gen,4.0,1024.0,Silver,2.09,AMD Ryzen 5,884.54,39681.18,17.23,4.7
Acer,Inspiron,13th Gen,8.0,256.0,Grey,1.4,AMD Ryzen 7,,92134.48,,3.5
Lenovo,15,13th Gen,32.0,512.0,Blue,2.39,AMD Ryzen 3,942.55,199557.3,,2.7
Asus,15,12th Gen,32.0,512.0,Blue,2.38,Intel Core i7,,35907.37,21.71,4.7
Lenovo,16,12th Gen,4.0,512.0,Blue,1.91,Intel Core i5,364.01,194753.11,,2.9
Dell,16,12th Gen,8.0,512.0,Silver,1.39,AMD Ryzen 5,,190411.81,,4.9
Lenovo,Inspiron,12th Gen,16.0,512.0,Black,2.48,AMD Ryzen 7,509.21,150426.08,,4.3
Asus,Inspiron,10th Gen,8.0,256.0,Black,2.8,AMD Ryzen 5,,183901.74,,3.6
Hp,14,11th Gen,12.0,512.0,Blue,1.67,Intel Core i3,668.72,52706.46,28.14,4.0
Lenovo,15,12th Gen,8.0,512.0,White,1.44,AMD Ryzen 3,,77935.68,43.82,3.1
Acer,16,10th Gen,8.0,1024.0,Black,2.5,AMD Ryzen 5,171.68,198437.43,,2.8
Asus,Inspiron,12th Gen,32.0,1024.0,Black,2.71,AMD Ryzen 5,,51394.95,,4.8
Dell,15,12th Gen,16.0,1024.0,Grey,2.08,AMD Ryzen 7,,60925.87,,3.9
Lenovo,VivoBook,12th Gen,4.0,1024.0,White,1.34,Intel Core i7,391.14,191469.52,,4.2
Lenovo,14,13th Gen,32.0,256.0,Silver,2.65,AMD Ryzen 3,120.8,190109.59,21.24,3.4
Dell,VivoBook,11th Gen,4.0,1024.0,Silver,1.68,Intel Core i7,401.22,49831.82,42.54,2.7
Lenovo,Inspiron,13th Gen,16.0,256.0,Grey,1.74,,,102319.65,,4.8
Asus,14,11th Gen,32.0,512.0,Black,,AMD Ryzen 7,810.99,139607.36,2.11,4.3
Hp,14,13th Gen,4.0,256.0,Blue,3.0,Intel Core i5,,35794.55,,2.7
Asus,14,11th Gen,8.0,1024.0,Silver,1.23,AMD Ryzen 3,956.37,55711.31,,3.7
Asus,Inspiron,11th Gen,16.0,512.0,Silver,2.7,Intel Core i3,538.94,140615.68,0.52,4.9
Hp,14,13th Gen,16.0,256.0,White,1.32,AMD Ryzen 7,190.07,41937.34,29.24,4.7
Dell,X1,10th Gen,8.0,512.0,Blue,1.31,AMD Ryzen 5,,176593.87,49.94,3.4
Lenovo,14,13th Gen,16.0,1024.0,Grey,2.16,AMD Ryzen 3,513.99,27830.49,36.01,3.0
Hp,VivoBook,13th Gen,32.0,1024.0,White,1.98,AMD Ryzen 5,404.63,142914.77,14.7,2.6
Hp,14,13th Gen,12.0,1024.0,Blue,1.56,Intel Core i7,,57358.61,,3.5
Lenovo,VivoBook,12th Gen,16.0,256.0,White,1.58,AMD Ryzen 3,,40128.41,10.49,3.6
Acer,Inspiron,11th Gen,16.0,256.0,Grey,1.46,Intel Core i7,,94099.71,4.38,2.8
Asus,14,11th Gen,32.0,1024.0,Blue,2.93,AMD Ryzen 5,868.87,188620.16,10.96,4.1
Lenovo,15,11th Gen,8.0,512.0,Black,2.12,Intel Core i3,,133866.3,40.22,3.0
Dell,15,10th Gen,4.0,256.0,White,1.33,Intel Core i5,,85687.52,,3.8
Asus,VivoBook,11th Gen,4.0,1024.0,Black,2.65,AMD Ryzen 3,154.46,148578.5,31.2,4.2
Dell,X1,10th Gen,12.0,1024.0,Silver,2.88,AMD Ryzen 3,,94296.54,12.3,3.3
Asus,15,10th Gen,4.0,256.0,White,1.25,Intel Core i3,,170912.91,38.29,3.4
Acer,VivoBook,11th Gen,16.0,512.0,White,1.35,AMD Ryzen 5,318.78,78921.4,,4.8
Lenovo,15,11th Gen,4.0,512.0,Black,1.77,Intel Core i3,,114126.28,14.66,4.5
Hp,14,13th Gen,32.0,256.0,Silver,1.93,Intel Core i3,980.06,123031.34,,3.0
Dell,14,11th Gen,4.0,512.0,Blue,1.89,Intel Core i7,,74402.49,,4.1
Lenovo,X1,12th Gen,8.0,1024.0,White,2.55,Intel Core i7,,194512.67,19.21,3.9
Dell,Inspiron,10th Gen,4.0,512.0,Black,1.99,Intel Core i5,,27608.73,46.74,3.2
Hp,16,13th Gen,16.0,256.0,White,2.65,AMD Ryzen 7,242.28,142340.6,47.43,3.8
Hp,X1,10th Gen,32.0,512.0,Blue,2.33,Intel Core i7,,104868.61,,4.9
Lenovo,VivoBook,10th Gen,8.0,256.0,Grey,,AMD Ryzen 3,,101184.16,39.24,3.3
Asus,Inspiron,12th Gen,16.0,1024.0,Blue,2.42,AMD Ryzen 7,556.29,155860.59,17.12,4.0
Hp,X1,10th Gen,32.0,256.0,White,1.33,AMD Ryzen 7,,68327.82,42.58,2.9
Asus,16,11th Gen,8.0,1024.0,Silver,2.99,AMD Ryzen 5,474.09,196713.37,,2.6
Hp,15,12th Gen,16.0,256.0,Grey,2.86,AMD Ryzen 3,,173771.06,42.32,4.4
Lenovo,14,11th Gen,8.0,256.0,Black,1.89,AMD Ryzen 5,,31901.53,0.96,4.7
Dell,15,10th Gen,32.0,256.0,Black,1.58,Intel Core i7,,116525.67,,2.6
Asus,X1,13th Gen,8.0,256.0,White,2.38,AMD Ryzen 3,,199528.71,19.99,3.3
Asus,16,12th Gen,12.0,512.0,Blue,2.22,Intel Core i7,676.22,111024.47,19.9,4.3
Asus,VivoBook,11th Gen,32.0,1024.0,White,2.93,AMD Ryzen 5,,93568.33,,3.8
Lenovo,Inspiron,10th Gen,32.0,512.0,Blue,2.37,AMD Ryzen 3,,78137.09,6.11,4.1
Asus,15,11th Gen,4.0,512.0,Blue,2.84,Intel Core i7,,125177.8,5.92,3.0
Asus,Inspiron,11th Gen,4.0,1024.0,Blue,1.21,AMD Ryzen 7,539.47,176773.96,,4.9
Dell,X1,12th Gen,8.0,512.0,Silver,1.65,AMD Ryzen 3,,117607.28,37.45,3.9
Hp,Inspiron,12th Gen,8.0,1024.0,White,2.06,AMD Ryzen 7,,26275.47,31.08,2.5
Acer,15,11th Gen,8.0,512.0,Grey,1.38,Intel Core i5,,174305.87,,4.3
Lenovo,VivoBook,10th Gen,4.0,512.0,Grey,2.58,Intel Core i5,477.22,195577.84,34.2,4.9
Hp,Inspiron,10th Gen,8.0,512.0,Black,2.0,AMD Ryzen 3,180.3,29516.37,,4.7
Lenovo,14,12th Gen,16.0,256.0,Grey,2.15,Intel Core i3,235.24,151010.57,,2.7
Asus,X1,13th Gen,4.0,1024.0,Blue,2.74,Intel Core i3,803.27,107915.39,,4.1
Asus,Inspiron,13th Gen,8.0,1024.0,Blue,1.31,AMD Ryzen 3,458.05,51085.36,32.1,4.8
Acer,VivoBook,10th Gen,12.0,,Silver,1.33,Intel Core i5,,88188.39,36.16,2.6
Acer,14,10th Gen,8.0,512.0,White,2.31,AMD Ryzen 3,,50077.92,4.18,3.7
Acer,X1,10th Gen,16.0,256.0,White,2.96,Intel Core i3,,35157.45,19.8,4.0
Lenovo,16,13th Gen,4.0,256.0,White,2.04,AMD Ryzen 7,,26783.51,42.13,2.6
Asus,VivoBook,12th Gen,12.0,512.0,Grey,1.24,AMD Ryzen 7,,98151.17,,4.8
Asus,15,12th Gen,8.0,1024.0,Silver,1.55,AMD Ryzen 7,,78228.15,,4.0
Dell,X1,10th Gen,32.0,256.0,Silver,1.95,AMD Ryzen 7,,104676.35,,3.6
Lenovo,16,10th Gen,8.0,256.0,Black,1.98,AMD Ryzen 3,,99207.91,,2.9
Lenovo,Inspiron,13th Gen,16.0,512.0,Blue,2.94,AMD Ryzen 7,756.63,81526.23,14.15,4.1
Asus,X1,12th Gen,4.0,256.0,White,2.64,Intel Core i3,,146868.79,,4.9
Hp,X1,13th Gen,16.0,1024.0,Black,1.59,Intel Core i5,,70108.01,30.17,4.5
Dell,VivoBook,10th Gen,8.0,256.0,Black,2.91,AMD Ryzen 3,404.09,189009.48,39.4,3.6
Lenovo,VivoBook,12th Gen,16.0,512.0,Silver,2.51,AMD Ryzen 3,164.61,24767.46,,4.7
Asus,X1,12th Gen,12.0,256.0,Grey,1.84,Intel Core i3,411.95,49793.08,,5.0
Dell,X1,11th Gen,4.0,1024.0,Black,2.03,,,62648.14,19.67,3.3
Lenovo,VivoBook,12th Gen,12.0,1024.0,Grey,2.99,Intel Core i7,886.09,47955.68,32.28,4.4
Asus,VivoBook,13th Gen,32.0,512.0,White,2.12,AMD Ryzen 5,,96506.2,,4.0
Lenovo,Inspiron,10th Gen,12.0,512.0,White,2.68,Intel Core i5,,97994.96,,3.3
Lenovo,16,11th Gen,16.0,512.0,Silver,2.63,AMD Ryzen 3,,20417.45,,3.8
Hp,14,12th Gen,32.0,512.0,Blue,2.99,AMD Ryzen 7,556.56,43116.76,9.58,4.8
Asus,15,12th Gen,8.0,256.0,Black,2.54,Intel Core i7,,197346.96,,2.7
Hp,X1,11th Gen,4.0,512.0,Silver,1.89,Intel Core i5,,83837.29,,3.3
Lenovo,VivoBook,13th Gen,8.0,512.0,Grey,1.25,Intel Core i5,,25614.44,,3.8
Acer,15,12th Gen,4.0,512.0,Silver,1.45,Intel Core i7,,137041.25,,5.0
Hp,14,10th Gen,16.0,1024.0,White,2.89,Intel Core i5,,178139.6,46.98,4.1
Acer,16,13th Gen,4.0,1024.0,Grey,1.45,Intel Core i7,,82507.66,,4.2
Lenovo,X1,11th Gen,12.0,256.0,Black,2.11,Intel Core i7,694.92,154849.4,13.52,4.0
Acer,16,13th Gen,16.0,256.0,Grey,2.48,AMD Ryzen 3,968.17,68418.48,6.45,4.4
Lenovo,VivoBook,12th Gen,32.0,1024.0,Silver,2.0,AMD Ryzen 3,,132189.67,12.83,4.2
Acer,X1,12th Gen,32.0,1024.0,Silver,2.88,AMD Ryzen 5,330.34,92325.24,,4.4
Asus,VivoBook,10th Gen,8.0,256.0,Grey,2.31,AMD Ryzen 5,,73991.67,,3.3
Lenovo,16,10th Gen,4.0,512.0,Silver,1.6,Intel Core i5,803.54,179312.67,40.12,4.0
Acer,15,13th Gen,16.0,512.0,Silver,1.99,AMD Ryzen 3,289.33,72834.34,,3.8
Lenovo,Inspiron,12th Gen,16.0,256.0,Blue,2.41,AMD Ryzen 3,465.86,79110.8,,2.8
Asus,VivoBook,10th Gen,8.0,1024.0,Blue,2.76,Intel Core i7,673.4,184071.98,21.78,4.9
Lenovo,14,11th Gen,12.0,256.0,White,1.35,AMD Ryzen 5,,64514.64,,4.8
Asus,16,13th Gen,12.0,256.0,Blue,1.22,Intel Core i7,,45848.76,,3.6
Acer,14,12th Gen,8.0,1024.0,Grey,2.97,AMD Ryzen 7,,193107.81,,3.8
Dell,15,11th Gen,12.0,256.0,White,1.9,AMD Ryzen 7,,102668.39,18.69,4.6
Asus,X1,11th Gen,4.0,256.0,White,1.26,AMD Ryzen 7,335.92,40748.31,15.63,5.0
Dell,15,12th Gen,4.0,256.0,Blue,2.51,AMD Ryzen 3,620.21,182862.47,,3.8
Acer,15,11th Gen,12.0,512.0,Blue,2.36,Intel Core i5,567.38,126236.28,,4.1
Hp,Inspiron,12th Gen,12.0,1024.0,Blue,2.29,AMD Ryzen 7,819.1,135591.36,40.89,3.9
Dell,Inspiron,11th Gen,16.0,256.0,Black,2.11,Intel Core i7,401.83,51194.58,32.0,4.8
Dell,VivoBook,11th Gen,4.0,,Black,1.32,Intel Core i5,749.74,163075.49,28.26,2.6
Asus,16,12th Gen,8.0,256.0,Grey,1.24,AMD Ryzen 5,779.19,40886.64,10.12,3.7
Acer,14,11th Gen,4.0,256.0,Blue,2.22,Intel Core i5,395.89,166535.88,,3.4
Dell,X1,10th Gen,32.0,1024.0,Blue,1.73,Intel Core i5,,98607.69,40.86,2.5
Dell,Inspiron,10th Gen,16.0,1024.0,Black,2.39,Intel Core i5,,93986.65,10.24,3.1
Dell,14,12th Gen,32.0,256.0,Blue,2.92,AMD Ryzen 5,,186840.61,34.8,3.3
Lenovo,15,10th Gen,12.0,1024.0,Blue,2.05,Intel Core i7,,33480.56,49.35,3.8
Hp,VivoBook,10th Gen,12.0,512.0,Grey,1.42,AMD Ryzen 7,,191011.76,,4.6
Asus,15,13th Gen,16.0,1024.0,Blue,2.3,AMD Ryzen 3,,198286.51,28.71,3.1
Acer,14,11th Gen,16.0,1024.0,Black,1.49,AMD Ryzen 3,817.58,165485.24,,4.2
Hp,14,12th Gen,12.0,256.0,White,1.65,AMD Ryzen 3,,122542.36,,3.2
Dell,X1,11th Gen,4.0,512.0,Grey,2.23,AMD Ryzen 3,,39156.52,,3.5
Hp,Inspiron,13th Gen,4.0,1024.0,White,2.29,AMD Ryzen 5,101.37,68506.65,,2.5
Dell,14,10th Gen,8.0,1024.0,Silver,2.43,AMD Ryzen 7,,176324.86,0.37,3.5
Asus,16,12th Gen,8.0,512.0,Black,2.36,Intel Core i7,,78578.78,30.31,3.2
Acer,Inspiron,12th Gen,4.0,1024.0,Black,1.96,AMD Ryzen 7,,197777.81,,3.2
Lenovo,15,10th Gen,4.0,512.0,Blue,2.31,AMD Ryzen 3,562.76,176208.65,41.04,3.7
Dell,Inspiron,12th Gen,16.0,1024.0,Black,2.12,AMD Ryzen 5,638.27,142287.58,,4.9
Asus,X1,11th Gen,8.0,1024.0,Blue,2.53,Intel Core i7,,22518.43,,2.9
Acer,VivoBook,12th Gen,32.0,512.0,Grey,1.67,Intel Core i3,,68509.44,18.08,4.2
Lenovo,VivoBook,11th Gen,4.0,1024.0,Black,2.69,Intel Core i7,,45898.59,45.63,4.6
Acer,VivoBook,11th Gen,12.0,256.0,Black,1.5,AMD Ryzen 5,440.99,121486.39,37.8,3.0
Dell,X1,11th Gen,32.0,256.0,Grey,1.38,AMD Ryzen 3,,61045.28,,3.8
Acer,X1,13th Gen,8.0,512.0,Black,1.46,Intel Core i5,879.25,81597.06,34.57,3.2
Acer,Inspiron,12th Gen,4.0,256.0,Black,1.34,Intel Core i7,187.11,117316.23,1.07,3.8
Asus,Inspiron,13th Gen,12.0,256.0,Silver,1.45,Intel Core i3,702.2,181438.51,16.33,4.1
Acer,14,11th Gen,4.0,512.0,Blue,2.08,Intel Core i7,,197610.96,3.27,3.1
Dell,14,12th Gen,12.0,512.0,Black,1.66,Intel Core i7,602.19,153949.35,1.12,3.9
Lenovo,Inspiron,11th Gen,16.0,1024.0,Blue,2.36,Intel Core i3,,107986.33,,3.4
Lenovo,14,12th Gen,8.0,512.0,Grey,1.6,AMD Ryzen 5,321.35,49326.81,4.7,2.5
Hp,Inspiron,13th Gen,12.0,512.0,Blue,1.76,AMD Ryzen 7,144.05,23229.28,,4.5
Hp,14,13th Gen,8.0,1024.0,Grey,2.46,AMD Ryzen 7,,23705.15,,3.0
Asus,15,10th Gen,4.0,512.0,Grey,2.79,AMD Ryzen 7,821.85,90286.75,22.47,2.7
Acer,14,10th Gen,8.0,256.0,Black,2.31,Intel Core i5,,185171.32,,3.4
Acer,14,13th Gen,12.0,1024.0,White,2.97,AMD Ryzen 3,,155276.07,,3.1
Lenovo,15,13th Gen,32.0,256.0,White,2.07,AMD Ryzen 3,734.49,84721.35,27.69,3.4
Hp,14,11th Gen,32.0,256.0,White,1.41,Intel Core i3,606.37,73943.36,,4.9
Acer,X1,13th Gen,32.0,256.0,Black,2.87,AMD Ryzen 7,,52233.15,19.18,4.0
Dell,16,11th Gen,12.0,256.0,Grey,1.92,AMD Ryzen 5,757.7,182314.64,,2.7
Hp,14,13th Gen,16.0,1024.0,Blue,1.61,Intel Core i5,833.59,142935.26,36.8,2.7
Dell,15,12th Gen,4.0,1024.0,Black,1.49,Intel Core i5,821.34,180037.79,,3.7
Acer,VivoBook,10th Gen,,1024.0,Grey,1.81,Intel Core i3,,40908.15,10.99,3.2
Hp,16,11th Gen,8.0,1024.0,Grey,,AMD Ryzen 7,,142586.69,,4.0
Dell,16,12th Gen,16.0,1024.0,Blue,2.89,Intel Core i5,490.8,133593.83,6.6,4.5
Lenovo,14,11th Gen,12.0,1024.0,Grey,1.32,AMD Ryzen 5,,38808.93,12.39,4.3
Dell,16,10th Gen,32.0,1024.0,Blue,1.69,AMD Ryzen 7,,122967.13,,4.6
Lenovo,14,13th Gen,12.0,256.0,Grey,1.37,Intel Core i7,735.03,131162.39,45.88,4.2
Acer,Inspiron,11th Gen,4.0,512.0,White,2.61,AMD Ryzen 5,571.62,70919.82,,3.9
Asus,14,13th Gen,12.0,256.0,Black,2.31,Intel Core i7,895.89,149750.11,,3.0
Acer,15,10th Gen,8.0,512.0,White,2.85,AMD Ryzen 5,,142207.22,,4.7
Acer,VivoBook,12th Gen,12.0,1024.0,Blue,1.47,Intel Core i7,,34066.12,,3.0
Hp,X1,11th Gen,4.0,1024.0,Black,1.66,Intel Core i3,,107981.35,26.7,4.7
Acer,16,10th Gen,16.0,512.0,Black,2.37,AMD Ryzen 7,,177383.92,41.72,4.7
Acer,16,11th Gen,12.0,1024.0,Black,1.81,AMD Ryzen 3,164.37,21801.07,28.07,4.5
Lenovo,15,12th Gen,8.0,1024.0,Grey,2.04,Intel Core i3,,48023.91,,4.9
Asus,VivoBook,13th Gen,32.0,1024.0,Blue,1.7,AMD Ryzen 5,,163830.37,,4.5
Asus,X1,12th Gen,16.0,512.0,Blue,1.24,AMD Ryzen 3,268.86,183449.41,30.42,4.8
Hp,X1,10th Gen,12.0,512.0,Black,2.01,Intel Core i5,589.39,158637.44,,2.6
Dell,VivoBook,12th Gen,16.0,512.0,Silver,2.82,Intel Core i5,998.89,69007.26,,3.6
Asus,X1,11th Gen,8.0,256.0,Grey,2.24,Intel Core i5,217.5,128140.64,,4.2
Asus,VivoBook,11th Gen,12.0,1024.0,Blue,2.89,Intel Core i5,,109725.96,25.95,2.8
Dell,15,12th Gen,32.0,1024.0,Black,1.48,Intel Core i5,,142026.05,,4.1
Dell,16,13th Gen,16.0,512.0,Blue,1.85,AMD Ryzen 5,702.46,153059.5,,4.5
Dell,16,12th Gen,4.0,256.0,Silver,2.85,Intel Core i7,941.64,140157.97,,4.9
Lenovo,VivoBook,11th Gen,4.0,256.0,Silver,1.57,Intel Core i5,758.28,156734.92,45.12,2.7
Acer,X1,11th Gen,8.0,1024.0,Silver,1.35,AMD Ryzen 5,842.11,64656.19,,3.8
Acer,16,11th Gen,16.0,512.0,Black,2.25,Intel Core i7,843.67,30535.74,46.83,4.7
Acer,16,12th Gen,32.0,256.0,Grey,2.3,Intel Core i7,,126859.11,,2.7
Asus,Inspiron,12th Gen,4.0,1024.0,Blue,2.81,Intel Core i5,,49571.31,13.86,3.0
Lenovo,Inspiron,10th Gen,8.0,512.0,Blue,1.56,Intel Core i7,,134950.1,,3.0
Dell,VivoBook,10th Gen,32.0,1024.0,Blue,2.9,AMD Ryzen 5,113.58,194097.61,,4.1
Asus,15,12th Gen,32.0,1024.0,White,1.64,AMD Ryzen 3,800.02,163461.8,45.43,4.4
Lenovo,VivoBook,13th Gen,8.0,512.0,Silver,1.76,AMD Ryzen 7,,173229.02,1.84,3.4
Dell,16,10th Gen,4.0,512.0,Grey,2.06,AMD Ryzen 7,915.97,194441.3,43.7,4.8
Hp,16,11th Gen,32.0,256.0,Grey,2.96,Intel Core i5,516.06,44621.37,,4.0
Hp,Inspiron,10th Gen,4.0,256.0,Grey,1.85,Intel Core i7,592.95,46819.19,,2.6
Asus,16,13th Gen,4.0,,Blue,1.57,Intel Core i5,743.23,24286.37,,3.3
Lenovo,X1,10th Gen,32.0,1024.0,Grey,1.67,AMD Ryzen 5,,42728.33,43.06,3.9
Hp,14,10th Gen,16.0,512.0,Blue,2.34,Intel Core i7,813.72,164766.59,34.37,3.4
Asus,Inspiron,10th Gen,,512.0,Blue,1.82,AMD Ryzen 5,844.47,75353.33,,4.0
Acer,VivoBook,13th Gen,8.0,1024.0,Black,2.77,Intel Core i3,,37006.89,39.45,3.2
Acer,14,10th Gen,32.0,1024.0,Silver,,Intel Core i5,,26076.9,40.33,3.0
Hp,15,13th Gen,12.0,256.0,White,2.35,AMD Ryzen 5,750.59,118029.97,2.4,2.9
Asus,Inspiron,10th Gen,12.0,256.0,Black,1.59,Intel Core i5,143.49,63654.0,,2.8
Lenovo,X1,12th Gen,4.0,256.0,Grey,1.25,Intel Core i3,334.41,175728.31,,4.5
Acer,VivoBook,11th Gen,12.0,256.0,White,2.46,Intel Core i5,,122977.87,22.8,3.3
Lenovo,16,11th Gen,16.0,512.0,Black,2.01,AMD Ryzen 7,,108091.36,42.73,3.1
Lenovo,Inspiron,10th Gen,12.0,1024.0,Grey,2.1,Intel Core i7,910.63,154707.34,15.43,3.5
Lenovo,X1,10th Gen,32.0,256.0,Grey,1.28,Intel Core i7,,91403.03,44.04,3.7
Dell,15,13th Gen,12.0,256.0,Blue,1.37,AMD Ryzen 3,417.43,179536.18,11.1,4.0
Asus,Inspiron,12th Gen,8.0,256.0,Blue,1.37,Intel Core i7,,83314.85,,3.4
Lenovo,VivoBook,10th Gen,16.0,1024.0,Grey,2.71,Intel Core i3,691.25,198348.49,,4.3
Asus,Inspiron,12th Gen,4.0,512.0,Black,1.91,,,47557.65,47.78,4.6
Lenovo,VivoBook,11th Gen,12.0,1024.0,White,,AMD Ryzen 3,658.43,48722.38,38.24,4.0
Lenovo,14,10th Gen,,1024.0,Black,2.65,Intel Core i7,937.09,169737.35,48.33,4.3
Asus,X1,13th Gen,8.0,1024.0,Black,1.54,AMD Ryzen 3,,141978.78,,4.6
Lenovo,15,13th Gen,4.0,256.0,Blue,1.88,Intel Core i3,,182689.99,,3.3
Lenovo,16,11th Gen,4.0,512.0,Blue,1.96,AMD Ryzen 7,,31142.66,,3.1
Asus,Inspiron,10th Gen,16.0,256.0,Silver,2.53,Intel Core i3,909.27,80866.51,,4.1
Hp,15,12th Gen,8.0,256.0,White,1.65,AMD Ryzen 5,625.32,37246.97,,4.8
Dell,16,13th Gen,12.0,256.0,Blue,2.39,Intel Core i5,,134324.32,35.67,4.9
Acer,Inspiron,12th Gen,12.0,512.0,Grey,2.39,AMD Ryzen 5,,130401.13,,3.2
Lenovo,X1,13th Gen,4.0,256.0,Silver,2.56,AMD Ryzen 3,,85548.02,27.59,3.0
Lenovo,VivoBook,10th Gen,16.0,256.0,Silver,2.94,AMD Ryzen 3,483.03,114395.92,,3.3
Asus,15,10th Gen,16.0,512.0,Blue,1.69,AMD Ryzen 5,,156495.0,,4.9
Hp,16,11th Gen,12.0,512.0,White,2.45,Intel Core i7,120.55,43390.67,21.31,3.8
Asus,14,10th Gen,16.0,256.0,Black,2.36,AMD Ryzen 7,168.9,96769.42,,2.7
Lenovo,VivoBook,10th Gen,32.0,256.0,Blue,1.71,AMD Ryzen 5,,110761.71,,3.0
Hp,14,13th Gen,12.0,512.0,Grey,1.32,AMD Ryzen 3,,84156.34,17.17,3.3
Asus,Inspiron,13th Gen,12.0,1024.0,Blue,1.81,AMD Ryzen 5,,31559.5,14.32,3.2
Dell,X1,10th Gen,32.0,512.0,Grey,2.12,AMD Ryzen 7,,62871.2,6.54,4.9
Hp,X1,11th Gen,8.0,512.0,White,2.48,AMD Ryzen 5,218.0,165997.26,,4.5
Acer,15,12th Gen,16.0,1024.0,Black,2.47,Intel Core i7,,169878.47,,4.5
Dell,14,13th Gen,32.0,256.0,Black,2.25,Intel Core i7,,127141.65,,4.5
Asus,X1,10th Gen,4.0,1024.0,Black,1.57,AMD Ryzen 3,,97363.47,,3.8
Lenovo,16,10th Gen,16.0,512.0,Silver,2.79,Intel Core i3,869.94,40604.96,,3.9
Lenovo,X1,11th Gen,32.0,1024.0,White,2.23,Intel Core i3,834.8,140417.75,,3.5
Lenovo,14,13th Gen,8.0,512.0,Blue,1.34,,956.02,168877.53,1.4,4.1
Lenovo,VivoBook,10th Gen,8.0,512.0,White,1.54,Intel Core i5,271.5,70928.47,,3.6
Hp,Inspiron,13th Gen,32.0,256.0,Black,1.84,AMD Ryzen 7,838.63,136009.29,,3.3
Lenovo,VivoBook,10th Gen,16.0,512.0,Grey,2.25,AMD Ryzen 7,138.75,144745.91,,3.8
Hp,VivoBook,10th Gen,32.0,1024.0,Grey,2.58,Intel Core i7,,112298.0,,3.1
Hp,X1,10th Gen,16.0,1024.0,Blue,2.46,Intel Core i7,716.89,199880.42,34.3,4.2
Hp,X1,13th Gen,4.0,1024.0,Blue,2.77,AMD Ryzen 5,965.52,122771.49,39.81,3.2
Lenovo,16,11th Gen,8.0,1024.0,Blue,1.66,Intel Core i5,335.92,135501.71,22.89,4.4
Acer,Inspiron,12th Gen,16.0,256.0,White,2.04,Intel Core i7,790.61,121270.64,,4.1
Asus,14,12th Gen,8.0,512.0,Blue,2.15,AMD Ryzen 5,715.55,27368.7,14.61,4.6
Lenovo,14,11th Gen,32.0,512.0,Blue,1.31,Intel Core i7,590.34,188006.52,5.81,4.3
Hp,X1,11th Gen,32.0,512.0,Blue,2.06,AMD Ryzen 7,385.8,73437.5,,2.7
Asus,16,13th Gen,8.0,256.0,Grey,1.65,Intel Core i7,,60569.26,22.04,4.5
Acer,Inspiron,11th Gen,32.0,1024.0,Blue,2.57,Intel Core i3,,140080.91,,4.4
Acer,Inspiron,10th Gen,8.0,1024.0,Black,2.88,AMD Ryzen 5,,87535.05,,2.9
Dell,15,13th Gen,12.0,256.0,Grey,1.7,AMD Ryzen 3,433.1,195128.06,,4.4
Acer,X1,10th Gen,8.0,512.0,Silver,1.65,AMD Ryzen 7,,118004.15,,3.7
Acer,X1,11th Gen,32.0,512.0,White,2.53,Intel Core i3,,86420.35,7.92,4.0
Acer,X1,11th Gen,32.0,512.0,Silver,2.57,Intel Core i3,,54923.74,4.8,4.5
Lenovo,X1,10th Gen,16.0,256.0,White,2.2,AMD Ryzen 7,471.38,99223.92,,2.8
Acer,15,13th Gen,12.0,256.0,Blue,2.61,AMD Ryzen 3,,112398.98,13.3,4.3
Asus,16,10th Gen,16.0,1024.0,Silver,2.47,Intel Core i3,455.33,180347.37,21.92,2.9
Acer,VivoBook,13th Gen,4.0,256.0,Black,1.21,Intel Core i7,,177491.35,1.86,4.7
Asus,16,10th Gen,16.0,256.0,Black,2.04,AMD Ryzen 7,,104232.93,,4.1
Hp,16,10th Gen,8.0,512.0,Grey,1.63,AMD Ryzen 3,168.27,149989.0,,4.9
Dell,Inspiron,13th Gen,12.0,512.0,Blue,2.11,AMD Ryzen 7,,109558.97,,3.8
Dell,Inspiron,13th Gen,32.0,512.0,Grey,2.19,AMD Ryzen 7,324.08,45361.77,,4.8
Hp,Inspiron,12th Gen,,512.0,Black,2.56,AMD Ryzen 3,729.01,89346.91,,4.5
Lenovo,16,12th Gen,8.0,256.0,Silver,2.24,Intel Core i3,297.12,54349.86,21.86,5.0
Dell,X1,11th Gen,12.0,256.0,Black,2.5,AMD Ryzen 3,,130556.04,,2.7
Hp,Inspiron,13th Gen,16.0,1024.0,White,1.69,AMD Ryzen 3,658.95,41778.3,13.81,4.6
Asus,Inspiron,13th Gen,16.0,1024.0,Blue,2.92,Intel Core i3,,127846.21,11.24,4.2
Hp,Inspiron,11th Gen,32.0,256.0,Blue,2.77,Intel Core i7,204.22,96872.7,,2.8
Dell,14,13th Gen,8.0,256.0,Black,2.89,Intel Core i7,,188409.31,14.99,4.6
Acer,15,11th Gen,16.0,512.0,Black,2.94,Intel Core i3,164.07,39895.01,,4.7
Hp,Inspiron,10th Gen,8.0,512.0,Silver,2.72,AMD Ryzen 3,956.1,70059.71,45.0,2.7
Hp,X1,13th Gen,4.0,256.0,Silver,,Intel Core i7,998.49,187297.16,44.07,2.8
Dell,X1,13th Gen,32.0,256.0,Grey,2.86,AMD Ryzen 7,,122598.17,40.66,3.7
Acer,Inspiron,11th Gen,16.0,256.0,Grey,2.72,AMD Ryzen 5,861.88,37174.06,11.8,4.2
Lenovo,X1,12th Gen,12.0,512.0,Blue,1.25,AMD Ryzen 5,,184598.06,,3.2
Lenovo,15,12th Gen,16.0,512.0,Grey,2.8,Intel Core i7,,97747.89,20.57,3.5
Hp,X1,11th Gen,8.0,256.0,Silver,2.88,Intel Core i5,305.38,67948.33,38.51,3.8
Lenovo,14,13th Gen,16.0,1024.0,Black,1.46,AMD Ryzen 3,,135504.98,0.01,4.3
Hp,14,13th Gen,32.0,256.0,Grey,2.06,Intel Core i3,,181122.37,,2.9
Acer,X1,11th Gen,12.0,256.0,Blue,1.51,AMD Ryzen 3,843.05,182137.95,,4.2
Asus,15,13th Gen,4.0,512.0,White,2.32,Intel Core i5,983.69,51731.24,,4.9
Dell,14,13th Gen,32.0,512.0,White,2.1,Intel Core i3,402.45,93314.41,,4.0
Hp,15,13th Gen,16.0,512.0,Blue,2.51,Intel Core i3,739.99,191304.02,,2.8
Hp,X1,13th Gen,16.0,256.0,Silver,1.31,AMD Ryzen 5,645.35,36790.03,46.26,4.2
Asus,15,12th Gen,12.0,256.0,Black,1.97,AMD Ryzen 3,705.82,144936.56,30.78,4.6
Hp,16,11th Gen,8.0,256.0,Black,2.37,AMD Ryzen 7,,119314.0,,4.6
Dell,X1,11th Gen,12.0,512.0,Silver,1.29,Intel Core i5,631.17,54387.47,,4.4
Acer,Inspiron,13th Gen,8.0,1024.0,White,2.98,Intel Core i3,,180799.11,,3.3
Lenovo,14,11th Gen,12.0,512.0,Silver,3.0,Intel Core i5,248.86,100015.9,,4.2
Dell,15,10th Gen,8.0,512.0,Silver,2.71,AMD Ryzen 3,,44167.45,22.66,3.7
Lenovo,16,12th Gen,12.0,1024.0,Grey,2.39,AMD Ryzen 3,,68583.06,,4.9
Lenovo,16,10th Gen,16.0,256.0,Blue,2.8,AMD Ryzen 7,277.12,152033.59,,3.5
Acer,14,11th Gen,32.0,1024.0,White,1.5,AMD Ryzen 5,771.03,121306.58,,3.6
Asus,14,11th Gen,16.0,1024.0,Blue,2.03,AMD Ryzen 7,,65037.92,,3.7
Hp,15,13th Gen,4.0,512.0,Silver,2.82,Intel Core i5,447.4,179786.5,44.5,4.4
Dell,15,13th Gen,12.0,256.0,Silver,2.9,Intel Core i5,712.79,150601.58,,3.7
Asus,15,12th Gen,32.0,256.0,Grey,2.37,Intel Core i3,495.8,101155.36,,2.5
Lenovo,Inspiron,11th Gen,4.0,256.0,Silver,2.49,AMD Ryzen 7,,30301.15,,3.3
Acer,15,13th Gen,16.0,512.0,White,2.67,AMD Ryzen 3,522.43,54787.45,,2.6
Dell,14,10th Gen,4.0,1024.0,White,1.93,Intel Core i5,,104467.04,,3.5
Dell,14,10th Gen,16.0,512.0,White,2.66,AMD Ryzen 5,378.81,164245.88,,2.5
Hp,X1,13th Gen,4.0,512.0,Silver,2.3,AMD Ryzen 7,957.68,172138.41,,2.5
Dell,X1,12th Gen,32.0,512.0,White,1.45,AMD Ryzen 3,,168678.25,,4.5
Lenovo,15,13th Gen,16.0,512.0,Silver,1.85,Intel Core i3,507.26,188701.71,,4.8
Hp,16,11th Gen,12.0,256.0,Blue,1.37,AMD Ryzen 3,,167009.5,,4.1
Lenovo,X1,13th Gen,8.0,512.0,Silver,1.8,Intel Core i3,226.26,52315.33,40.76,4.3
Asus,15,13th Gen,32.0,512.0,Grey,1.25,AMD Ryzen 3,790.78,106186.57,16.03,2.6
Acer,X1,10th Gen,8.0,1024.0,Black,2.48,Intel Core i5,118.26,42525.08,20.78,4.8
Acer,15,12th Gen,8.0,512.0,Silver,2.71,Intel Core i7,,61422.03,45.38,3.3
Acer,16,10th Gen,16.0,256.0,Blue,2.7,Intel Core i3,,114363.42,,3.5
Asus,Inspiron,10th Gen,12.0,512.0,Silver,2.16,Intel Core i5,,20295.75,36.34,3.4
Dell,14,10th Gen,4.0,1024.0,White,2.76,AMD Ryzen 7,,24302.41,35.23,2.5
Asus,14,10th Gen,12.0,256.0,Silver,2.49,AMD Ryzen 5,212.25,166499.32,,3.0
Acer,X1,13th Gen,16.0,512.0,Grey,2.98,AMD Ryzen 5,988.89,29514.29,23.16,4.4
Lenovo,VivoBook,10th Gen,16.0,256.0,Black,2.53,Intel Core i3,386.57,98209.62,5.32,2.7
Lenovo,16,11th Gen,8.0,1024.0,Black,2.33,Intel Core i3,602.9,134355.89,,3.5
Lenovo,14,10th Gen,32.0,1024.0,Blue,1.87,Intel Core i7,,116140.28,,2.7
Lenovo,Inspiron,13th Gen,4.0,1024.0,Silver,1.94,Intel Core i5,,32506.75,,3.8
Hp,15,13th Gen,4.0,512.0,Black,1.57,AMD Ryzen 3,553.44,176250.24,,3.3
Lenovo,VivoBook,11th Gen,8.0,256.0,Silver,1.22,Intel Core i7,,107034.98,47.35,2.7
Asus,VivoBook,13th Gen,4.0,256.0,Silver,1.72,AMD Ryzen 7,,63904.55,,2.8
Asus,VivoBook,11th Gen,8.0,512.0,White,1.34,Intel Core i7,117.98,75633.1,,4.4
Dell,16,10th Gen,32.0,1024.0,White,2.99,Intel Core i7,716.14,183448.72,,4.4
Dell,Inspiron,12th Gen,4.0,256.0,Black,1.79,Intel Core i5,540.8,149821.22,31.87,4.4
Lenovo,VivoBook,10th Gen,4.0,512.0,Black,2.1,Intel Core i3,,175530.91,21.07,3.5
Lenovo,16,13th Gen,12.0,512.0,Black,2.11,AMD Ryzen 5,825.06,73038.16,,3.1
Acer,VivoBook,10th Gen,8.0,256.0,Black,2.66,AMD Ryzen 7,,114455.27,,4.4
Acer,Inspiron,10th Gen,8.0,1024.0,Silver,2.59,Intel Core i5,,60001.98,,2.8
Dell,X1,12th Gen,32.0,256.0,Grey,2.62,Intel Core i5,362.02,27053.68,4.72,4.3
Dell,X1,11th Gen,12.0,1024.0,White,2.52,Intel Core i7,494.91,144452.03,20.86,2.9
Dell,VivoBook,11th Gen,12.0,512.0,Black,1.99,Intel Core i3,743.29,98562.65,,4.6
Dell,VivoBook,13th Gen,12.0,256.0,Silver,2.87,Intel Core i3,,64381.94,38.7,3.7
Dell,14,12th Gen,4.0,512.0,Grey,2.58,AMD Ryzen 3,,21197.6,17.61,4.4
Asus,X1,11th Gen,16.0,1024.0,Grey,2.76,Intel Core i5,514.87,142210.98,,3.7
Lenovo,VivoBook,12th Gen,32.0,1024.0,Blue,1.6,Intel Core i3,146.82,176809.58,,4.4
Acer,14,13th Gen,32.0,512.0,White,2.12,AMD Ryzen 3,,110906.72,,3.8
Acer,X1,10th Gen,16.0,512.0,Blue,2.17,Intel Core i7,575.29,96253.51,32.44,3.1
Acer,X1,12th Gen,32.0,256.0,Blue,1.67,Intel Core i3,,37774.51,2.12,2.8
Asus,16,11th Gen,8.0,1024.0,White,1.95,Intel Core i7,,82053.7,6.49,4.5
Acer,14,11th Gen,12.0,512.0,Black,2.84,Intel Core i3,,51027.37,,4.2
Lenovo,14,13th Gen,32.0,1024.0,Black,1.51,Intel Core i7,389.95,163832.45,11.16,3.1
Hp,VivoBook,10th Gen,4.0,1024.0,White,1.71,AMD Ryzen 3,,50541.25,4.3,4.4
Lenovo,X1,10th Gen,16.0,256.0,Grey,2.85,AMD Ryzen 3,657.01,164312.82,,4.3
Asus,15,13th Gen,8.0,1024.0,Grey,2.86,Intel Core i7,,23046.89,29.74,4.2
Asus,15,12th Gen,32.0,256.0,Blue,2.19,AMD Ryzen 5,,74787.07,,4.3
Asus,14,13th Gen,4.0,256.0,Blue,1.42,Intel Core i3,546.8,32195.32,,4.3
Lenovo,X1,11th Gen,12.0,,Blue,2.41,AMD Ryzen 7,932.05,141242.39,,4.2
Hp,15,13th Gen,16.0,1024.0,White,2.51,AMD Ryzen 7,987.81,141013.95,,4.8
Lenovo,16,10th Gen,16.0,1024.0,White,1.92,AMD Ryzen 5,845.55,154935.91,,4.5
Acer,X1,10th Gen,8.0,1024.0,Black,1.94,Intel Core i7,,178833.17,,4.9
Dell,X1,12th Gen,4.0,512.0,Grey,1.37,Intel Core i7,,149046.86,21.32,4.4
Asus,14,12th Gen,12.0,256.0,Black,1.72,AMD Ryzen 7,,102580.79,43.92,4.3
Hp,X1,10th Gen,4.0,1024.0,White,1.53,AMD Ryzen 5,557.57,128578.41,41.76,3.1
Hp,15,10th Gen,4.0,1024.0,White,2.96,Intel Core i5,545.71,195059.47,1.06,3.6
Acer,Inspiron,10th Gen,4.0,512.0,Blue,1.46,AMD Ryzen 3,,139361.47,21.84,3.5
Lenovo,15,13th Gen,4.0,512.0,Grey,1.52,Intel Core i3,,51291.16,,5.0
Hp,X1,11th Gen,16.0,512.0,Grey,1.77,AMD Ryzen 3,857.3,63372.69,19.63,3.6
Lenovo,X1,12th Gen,8.0,1024.0,Silver,1.45,AMD Ryzen 7,,112111.47,,2.6
Asus,16,10th Gen,16.0,512.0,White,2.8,Intel Core i5,,115244.94,7.95,2.5
Dell,15,11th Gen,16.0,256.0,Black,1.89,Intel Core i7,853.91,159236.14,,2.6
Dell,14,10th Gen,12.0,1024.0,Silver,2.01,Intel Core i5,850.33,191843.87,,2.6
Lenovo,15,13th Gen,32.0,512.0,Black,1.82,AMD Ryzen 5,722.03,83997.72,6.63,4.1
Acer,15,12th Gen,8.0,1024.0,Silver,1.43,Intel Core i3,,99603.78,43.89,4.6
Dell,VivoBook,13th Gen,12.0,1024.0,White,2.75,AMD Ryzen 5,,91794.16,44.36,3.2
Acer,16,12th Gen,8.0,512.0,Blue,1.45,Intel Core i5,,136465.28,,4.3
Acer,X1,10th Gen,4.0,256.0,Blue,1.52,Intel Core i3,884.62,136025.15,5.2,4.0
Asus,16,12th Gen,8.0,1024.0,Silver,1.6,AMD Ryzen 5,917.07,91731.24,26.03,3.4
Hp,16,12th Gen,8.0,1024.0,Black,2.3,AMD Ryzen 7,553.68,113121.15,46.83,4.8
Acer,14,11th Gen,16.0,1024.0,Blue,2.43,AMD Ryzen 7,,146982.36,,3.4
Hp,16,12th Gen,8.0,512.0,Grey,1.67,AMD Ryzen 3,,193800.99,43.97,2.7
Dell,X1,11th Gen,4.0,512.0,Grey,1.22,AMD Ryzen 3,705.7,63951.89,9.54,3.6
Dell,VivoBook,10th Gen,8.0,512.0,White,1.54,AMD Ryzen 3,,56927.39,,4.1
Acer,VivoBook,13th Gen,16.0,256.0,White,1.71,AMD Ryzen 7,,80058.75,,2.5
Lenovo,X1,12th Gen,4.0,512.0,Silver,2.46,Intel Core i3,,117905.47,,2.8
Acer,16,13th Gen,4.0,256.0,Silver,1.69,Intel Core i5,,36749.15,,3.2
Asus,Inspiron,11th Gen,4.0,1024.0,Grey,2.45,Intel Core i3,,116750.82,19.88,3.1
Acer,15,13th Gen,12.0,256.0,Silver,2.39,AMD Ryzen 3,,192482.9,30.38,3.1
Acer,Inspiron,13th Gen,16.0,256.0,White,2.19,Intel Core i3,175.99,74289.29,,4.3
Lenovo,Inspiron,12th Gen,32.0,1024.0,White,2.54,Intel Core i3,936.79,122619.12,14.87,3.5
Acer,VivoBook,12th Gen,12.0,1024.0,Grey,2.76,Intel Core i5,,165478.32,,3.0
Dell,Inspiron,10th Gen,8.0,1024.0,Grey,1.24,AMD Ryzen 3,,54477.93,,4.9
Lenovo,16,10th Gen,8.0,1024.0,White,2.07,Intel Core i3,,46496.55,,4.7
Lenovo,15,11th Gen,8.0,256.0,White,2.13,Intel Core i7,,27050.65,,3.7
Hp,15,11th Gen,4.0,256.0,Blue,1.68,Intel Core i7,577.44,35447.28,,4.7
Acer,15,11th Gen,12.0,512.0,Blue,1.87,AMD Ryzen 5,779.15,185724.19,21.55,3.2
Hp,Inspiron,11th Gen,32.0,512.0,Grey,2.79,AMD Ryzen 5,516.27,34694.18,,2.7
Hp,X1,13th Gen,4.0,1024.0,Grey,2.4,AMD Ryzen 7,,83960.43,31.65,3.7
Dell,14,12th Gen,12.0,256.0,Blue,1.44,AMD Ryzen 5,,107156.74,38.51,3.7
Lenovo,16,13th Gen,4.0,512.0,Blue,2.47,AMD Ryzen 5,,39577.96,,3.1
Hp,VivoBook,13th Gen,4.0,1024.0,Blue,1.9,AMD Ryzen 7,559.22,131118.33,40.1,5.0
Hp,VivoBook,10th Gen,8.0,512.0,Black,2.61,Intel Core i7,962.3,150248.62,,5.0
Dell,VivoBook,11th Gen,8.0,256.0,Blue,1.95,Intel Core i5,407.17,104204.36,22.3,4.9
Lenovo,VivoBook,11th Gen,16.0,512.0,White,2.26,Intel Core i5,596.01,187315.9,9.25,3.7
Lenovo,VivoBook,13th Gen,4.0,256.0,White,1.48,AMD Ryzen 3,,84591.99,16.52,4.6
Lenovo,Inspiron,11th Gen,12.0,256.0,Grey,1.22,Intel Core i5,405.57,88630.42,,2.7
Asus,14,13th Gen,16.0,512.0,Black,2.14,Intel Core i7,308.97,63880.8,,2.5
Hp,VivoBook,12th Gen,32.0,1024.0,Silver,2.17,AMD Ryzen 3,765.54,85761.99,13.78,3.5
Acer,15,11th Gen,16.0,256.0,Blue,1.57,AMD Ryzen 7,,80216.97,,3.3
Hp,15,13th Gen,12.0,1024.0,White,2.62,Intel Core i5,,138981.65,4.32,3.9
Hp,16,13th Gen,12.0,512.0,Silver,1.75,AMD Ryzen 3,502.07,108200.42,,3.0
Hp,Inspiron,13th Gen,32.0,256.0,Blue,1.76,AMD Ryzen 3,,74192.17,23.49,2.7
Asus,Inspiron,11th Gen,12.0,512.0,Silver,2.63,AMD Ryzen 5,810.47,118096.13,27.18,3.9
Lenovo,16,12th Gen,16.0,1024.0,Silver,1.3,Intel Core i5,,148928.48,12.22,3.9
Asus,Inspiron,13th Gen,32.0,512.0,Grey,2.41,AMD Ryzen 3,,90467.39,,3.4
Acer,16,12th Gen,16.0,256.0,Blue,1.95,AMD Ryzen 7,691.18,60555.27,8.95,4.0
Acer,14,11th Gen,16.0,1024.0,Blue,2.54,AMD Ryzen 7,,52599.88,29.52,4.2
Hp,15,12th Gen,12.0,512.0,Silver,1.6,AMD Ryzen 7,749.55,131625.75,41.5,2.8
Lenovo,15,11th Gen,16.0,1024.0,Grey,1.38,Intel Core i7,,130634.3,26.71,3.4
Acer,Inspiron,12th Gen,8.0,1024.0,Black,2.66,AMD Ryzen 3,476.68,73437.41,,4.5
Lenovo,14,13th Gen,4.0,256.0,Silver,2.05,AMD Ryzen 3,,42017.74,31.55,3.4
Dell,16,10th Gen,8.0,256.0,White,1.21,Intel Core i5,,139616.06,48.58,2.8
Lenovo,Inspiron,10th Gen,4.0,1024.0,Silver,2.96,Intel Core i5,,63042.0,6.18,3.8
Lenovo,16,11th Gen,32.0,1024.0,Grey,1.69,AMD Ryzen 5,335.41,108037.85,36.75,3.6
Hp,15,13th Gen,32.0,512.0,Grey,2.68,AMD Ryzen 5,876.56,66533.53,,3.1
Dell,X1,11th Gen,8.0,256.0,Grey,2.11,AMD Ryzen 7,416.81,82879.37,16.5,3.8
Dell,VivoBook,13th Gen,16.0,256.0,Blue,2.59,AMD Ryzen 3,884.71,141864.04,,2.8
Dell,14,12th Gen,8.0,1024.0,Silver,2.36,AMD Ryzen 7,,197238.48,,2.8
Asus,16,11th Gen,8.0,512.0,White,2.92,Intel Core i5,,124985.58,,2.6
Asus,16,12th Gen,4.0,1024.0,Black,1.22,Intel Core i5,,55816.55,12.27,4.4
Lenovo,VivoBook,13th Gen,12.0,256.0,White,1.33,AMD Ryzen 7,205.4,144288.95,36.79,4.8
Acer,Inspiron,12th Gen,4.0,256.0,Black,2.91,Intel Core i5,424.93,171722.95,,4.8
Lenovo,Inspiron,13th Gen,32.0,256.0,White,1.82,Intel Core i3,,80923.12,46.24,3.1
Dell,16,13th Gen,8.0,1024.0,Blue,2.95,AMD Ryzen 7,344.63,100478.12,,4.0
Acer,X1,12th Gen,12.0,256.0,Black,1.41,Intel Core i7,,26963.81,14.97,4.0
Lenovo,14,10th Gen,4.0,512.0,Blue,1.65,Intel Core i5,569.53,38023.25,,3.1
Acer,X1,12th Gen,16.0,512.0,Black,2.51,AMD Ryzen 7,572.53,24104.96,,2.9
Lenovo,X1,10th Gen,16.0,1024.0,Blue,2.01,AMD Ryzen 3,,99384.35,5.17,4.9
Lenovo,X1,11th Gen,8.0,512.0,Grey,1.36,AMD Ryzen 5,677.74,36131.11,8.0,3.1
Acer,Inspiron,13th Gen,4.0,256.0,White,2.52,Intel Core i5,836.19,46653.96,26.06,5.0
Dell,15,13th Gen,8.0,512.0,White,1.29,AMD Ryzen 7,,68064.02,,4.0
Asus,X1,13th Gen,8.0,256.0,Grey,,AMD Ryzen 5,837.94,32774.98,20.25,3.4
Lenovo,Inspiron,10th Gen,8.0,1024.0,Blue,2.8,Intel Core i5,,68221.16,26.13,4.5
Acer,X1,11th Gen,8.0,512.0,White,1.35,Intel Core i7,,187171.71,,4.5
Lenovo,15,10th Gen,16.0,256.0,White,1.87,AMD Ryzen 5,401.39,143772.16,,4.9
Lenovo,15,10th Gen,4.0,1024.0,Black,2.16,AMD Ryzen 7,197.65,130336.64,42.27,3.4
Dell,14,13th Gen,12.0,1024.0,Black,2.16,Intel Core i7,994.1,144661.81,,2.8
Acer,VivoBook,13th Gen,32.0,256.0,Blue,1.69,AMD Ryzen 7,,92966.21,,5.0
Acer,16,10th Gen,8.0,1024.0,Blue,2.16,AMD Ryzen 5,,175001.26,,4.4
Lenovo,14,13th Gen,4.0,1024.0,Blue,2.23,Intel Core i3,807.56,26289.71,,2.8
Asus,16,12th Gen,12.0,1024.0,Silver,2.84,,674.86,114408.35,,5.0
Acer,Inspiron,11th Gen,12.0,512.0,White,2.72,AMD Ryzen 5,156.76,129578.74,,2.6
Asus,16,11th Gen,12.0,1024.0,Silver,1.59,Intel Core i7,,145720.7,,3.4
Acer,X1,11th Gen,4.0,512.0,Silver,2.13,Intel Core i5,,186895.19,26.58,3.1
Asus,15,12th Gen,16.0,1024.0,Black,2.13,Intel Core i3,614.63,103632.85,,3.7
Asus,X1,13th Gen,32.0,1024.0,Black,2.69,Intel Core i5,134.36,145365.5,11.22,3.1
Asus,X1,12th Gen,12.0,1024.0,White,1.39,AMD Ryzen 5,,193163.3,,3.1
Hp,VivoBook,12th Gen,32.0,1024.0,Blue,2.27,Intel Core i3,902.98,26672.97,8.15,3.4
Lenovo,Inspiron,10th Gen,4.0,256.0,Blue,1.96,AMD Ryzen 5,,80936.21,45.77,3.3
Dell,X1,13th Gen,16.0,256.0,Grey,1.83,AMD Ryzen 7,,129039.4,,5.0
Hp,15,13th Gen,12.0,512.0,Blue,1.75,AMD Ryzen 5,,174241.7,,4.4
Dell,16,12th Gen,4.0,512.0,White,1.92,Intel Core i5,219.11,124307.47,,3.2
Asus,16,12th Gen,8.0,1024.0,Grey,1.96,Intel Core i7,,193978.5,,2.6
Asus,Inspiron,11th Gen,16.0,512.0,White,1.34,Intel Core i3,116.1,124060.09,,3.3
Dell,X1,11th Gen,12.0,1024.0,White,2.2,Intel Core i5,613.58,136451.34,,4.1
Asus,VivoBook,10th Gen,8.0,256.0,Black,2.09,Intel Core i5,,72836.76,,4.2
Acer,14,13th Gen,32.0,512.0,Blue,2.35,AMD Ryzen 5,,57288.82,30.61,4.9
Dell,16,11th Gen,32.0,512.0,Silver,2.35,AMD Ryzen 5,531.65,183612.94,,3.8
Dell,X1,11th Gen,8.0,512.0,Silver,1.81,Intel Core i7,958.87,162770.74,3.04,4.5
Hp,VivoBook,10th Gen,12.0,1024.0,Black,2.55,Intel Core i3,226.92,123307.5,,2.8
Acer,16,12th Gen,32.0,1024.0,White,1.84,Intel Core i5,235.13,59596.47,,3.2
Asus,Inspiron,13th Gen,32.0,256.0,Silver,,Intel Core i5,682.0,22907.72,20.0,3.6
Lenovo,15,11th Gen,4.0,1024.0,Black,2.72,Intel Core i3,,24025.98,6.66,3.6
Dell,15,13th Gen,12.0,512.0,Silver,1.82,,,34543.3,,3.7
Hp,16,11th Gen,12.0,512.0,Blue,2.26,AMD Ryzen 7,629.17,123677.6,26.53,3.6
Lenovo,15,12th Gen,16.0,512.0,Blue,2.92,AMD Ryzen 7,,50061.71,15.47,3.7
Dell,16,12th Gen,32.0,512.0,White,2.27,AMD Ryzen 3,347.53,169102.33,12.42,3.4
Dell,X1,10th Gen,4.0,256.0,Blue,1.84,AMD Ryzen 5,,62365.53,13.34,2.8
Lenovo,16,10th Gen,32.0,512.0,Silver,2.59,AMD Ryzen 3,,46206.59,,3.5
Hp,VivoBook,11th Gen,12.0,512.0,Grey,2.17,AMD Ryzen 7,191.03,46309.83,,4.4
Acer,Inspiron,11th Gen,12.0,1024.0,Grey,1.2,Intel Core i3,,179721.11,,3.7
Dell,VivoBook,12th Gen,8.0,256.0,Silver,1.23,AMD Ryzen 7,735.51,124774.67,,3.9
Acer,14,11th Gen,16.0,512.0,Black,2.5,Intel Core i3,,100459.39,,4.9
Asus,Inspiron,13th Gen,32.0,256.0,Grey,2.43,Intel Core i5,,146513.88,,4.5
Acer,VivoBook,13th Gen,8.0,512.0,Blue,1.51,Intel Core i7,302.43,171132.35,32.69,4.6
Hp,15,11th Gen,12.0,512.0,Silver,2.6,Intel Core i3,261.26,42580.62,3.77,3.8
Asus,VivoBook,11th Gen,12.0,512.0,Grey,2.57,Intel Core i5,,60579.15,29.61,4.1
Asus,14,12th Gen,8.0,512.0,Blue,2.14,Intel Core i7,210.53,125531.09,,3.6
Hp,Inspiron,11th Gen,4.0,512.0,White,2.46,Intel Core i5,635.35,59580.75,27.59,2.8
Acer,16,11th Gen,4.0,1024.0,Black,1.42,AMD Ryzen 5,879.62,96578.65,,4.7
Dell,14,11th Gen,12.0,256.0,Black,1.31,AMD Ryzen 5,,57200.08,15.06,2.8
Dell,Inspiron,11th Gen,12.0,256.0,Silver,2.86,Intel Core i5,291.0,117922.22,18.76,4.6
Acer,X1,12th Gen,12.0,512.0,Grey,2.97,AMD Ryzen 3,,33261.65,22.15,3.6
Asus,X1,11th Gen,12.0,512.0,Blue,2.28,AMD Ryzen 5,721.8,115221.82,27.92,2.8
Lenovo,14,11th Gen,8.0,256.0,Grey,2.18,AMD Ryzen 7,,128635.79,,3.3
Acer,15,13th Gen,32.0,1024.0,Blue,2.45,Intel Core i3,434.99,51138.96,,4.7
Lenovo,Inspiron,12th Gen,16.0,512.0,Grey,1.58,AMD Ryzen 3,,105759.13,23.08,2.6
Dell,14,11th Gen,16.0,512.0,White,1.85,Intel Core i5,254.05,80328.42,,3.2
Dell,16,13th Gen,4.0,512.0,Black,1.63,AMD Ryzen 3,361.76,21670.82,5.81,3.8
Asus,Inspiron,10th Gen,4.0,512.0,Blue,1.33,Intel Core i3,392.28,89039.48,16.42,4.9
Lenovo,VivoBook,10th Gen,8.0,256.0,Silver,1.21,Intel Core i7,198.02,58315.59,,4.6
Acer,Inspiron,13th Gen,32.0,512.0,Black,1.68,,,99380.97,,4.8
Asus,VivoBook,13th Gen,8.0,1024.0,Black,1.84,AMD Ryzen 7,,122735.57,3.13,4.7
Acer,X1,11th Gen,32.0,256.0,Grey,2.77,AMD Ryzen 7,,170202.27,22.53,2.7
Lenovo,15,13th Gen,16.0,256.0,White,2.0,AMD Ryzen 7,,148272.29,37.82,4.1
Asus,Inspiron,10th Gen,12.0,256.0,White,1.26,AMD Ryzen 3,163.41,123645.97,13.34,4.5
Dell,Inspiron,10th Gen,4.0,1024.0,Blue,1.7,Intel Core i5,478.94,198681.18,,4.4
Lenovo,VivoBook,12th Gen,4.0,256.0,Grey,2.36,Intel Core i5,197.81,22307.67,,3.1
Hp,15,12th Gen,4.0,256.0,Silver,1.54,Intel Core i7,,178641.23,,3.1
Lenovo,VivoBook,10th Gen,4.0,256.0,Black,1.22,AMD Ryzen 7,,125327.25,6.89,4.3
Lenovo,16,12th Gen,32.0,256.0,Grey,2.06,AMD Ryzen 5,829.47,119882.6,14.15,2.9
Lenovo,X1,12th Gen,4.0,256.0,Blue,2.78,Intel Core i7,,132965.63,24.47,3.1
Hp,14,11th Gen,32.0,256.0,Blue,1.75,AMD Ryzen 5,903.37,96171.74,32.43,2.6
Dell,X1,10th Gen,12.0,1024.0,Grey,1.31,Intel Core i5,,136018.11,,2.7
Hp,14,11th Gen,32.0,256.0,Blue,2.23,AMD Ryzen 7,995.14,77894.02,,3.0
Asus,14,11th Gen,16.0,1024.0,Silver,1.54,Intel Core i5,,167931.83,,3.4
Dell,14,13th Gen,16.0,256.0,Blue,2.8,AMD Ryzen 5,988.06,190853.15,29.61,3.2
Asus,16,10th Gen,4.0,1024.0,Blue,1.25,Intel Core i3,,94147.78,33.55,3.3
Acer,16,11th Gen,16.0,256.0,Silver,1.75,AMD Ryzen 3,,111195.38,10.74,3.0
Acer,X1,12th Gen,16.0,1024.0,Black,1.4,Intel Core i3,,138122.79,,3.3
Asus,14,13th Gen,8.0,256.0,Silver,2.66,Intel Core i3,115.84,165004.76,,3.5
Hp,14,13th Gen,12.0,1024.0,Black,2.31,Intel Core i7,998.68,65688.14,21.66,3.7
Hp,15,13th Gen,32.0,1024.0,White,2.58,Intel Core i3,,88178.31,,3.7
Lenovo,Inspiron,13th Gen,12.0,1024.0,White,1.94,AMD Ryzen 3,,131227.59,,3.2
Lenovo,15,11th Gen,8.0,1024.0,Black,2.61,Intel Core i3,350.5,142793.63,17.36,3.3
Acer,X1,12th Gen,16.0,256.0,Silver,2.88,AMD Ryzen 3,472.12,68387.96,10.2,3.4
Hp,15,12th Gen,32.0,1024.0,Grey,1.52,Intel Core i7,567.38,21433.43,8.72,2.7
Lenovo,15,10th Gen,4.0,256.0,Grey,1.2,AMD Ryzen 3,289.81,199220.32,4.99,4.6
Dell,15,11th Gen,4.0,512.0,Blue,2.16,AMD Ryzen 7,887.06,163344.22,,4.5
Hp,14,11th Gen,32.0,512.0,Blue,2.47,AMD Ryzen 7,,69876.47,,3.3
Dell,VivoBook,13th Gen,32.0,256.0,Blue,1.71,Intel Core i7,247.49,172958.36,40.85,4.6
Lenovo,15,13th Gen,4.0,256.0,Grey,1.91,AMD Ryzen 5,,118762.76,34.11,4.3
Asus,14,12th Gen,8.0,1024.0,Blue,2.77,Intel Core i5,,86286.1,45.74,4.9
Hp,VivoBook,10th Gen,16.0,256.0,Grey,2.71,Intel Core i7,,162246.98,42.43,2.6
Asus,Inspiron,12th Gen,8.0,256.0,White,2.91,AMD Ryzen 5,,159141.5,,4.4
Asus,VivoBook,12th Gen,16.0,1024.0,Grey,1.66,AMD Ryzen 5,,107210.56,37.63,3.1
Asus,16,13th Gen,32.0,256.0,Blue,2.48,AMD Ryzen 5,,142332.41,23.25,3.8
Acer,X1,13th Gen,4.0,256.0,Blue,2.15,AMD Ryzen 5,,24307.07,,2.8
Asus,15,13th Gen,32.0,256.0,White,2.5,Intel Core i5,109.26,126164.67,5.49,4.1
Acer,14,11th Gen,4.0,1024.0,Grey,2.03,AMD Ryzen 5,224.56,188310.12,15.58,3.0
Acer,14,11th Gen,12.0,1024.0,Silver,2.26,Intel Core i5,,198866.28,43.47,2.8
Hp,15,10th Gen,32.0,512.0,White,2.75,AMD Ryzen 3,,79186.99,23.94,3.6
Hp,14,10th Gen,16.0,256.0,Black,2.69,AMD Ryzen 5,777.65,193294.48,,4.8
Dell,Inspiron,12th Gen,16.0,1024.0,White,2.27,AMD Ryzen 7,732.85,102286.0,49.4,3.4
Acer,14,13th Gen,32.0,512.0,Silver,2.7,AMD Ryzen 3,,29314.57,13.18,3.2
Acer,X1,12th Gen,4.0,256.0,White,2.1,AMD Ryzen 7,886.31,118218.53,,4.0
Acer,X1,11th Gen,32.0,256.0,Grey,2.02,AMD Ryzen 7,,169325.94,36.23,3.0
Asus,16,13th Gen,16.0,256.0,White,1.26,AMD Ryzen 5,367.92,182785.84,16.14,3.1
Asus,16,11th Gen,32.0,1024.0,Silver,1.21,AMD Ryzen 7,,37569.29,14.51,4.0
Dell,Inspiron,13th Gen,,512.0,Grey,2.24,AMD Ryzen 7,778.21,80252.41,10.41,2.7
Dell,Inspiron,13th Gen,4.0,1024.0,Silver,1.99,Intel Core i5,264.34,83699.45,19.55,2.7
Asus,Inspiron,10th Gen,16.0,1024.0,Blue,1.81,AMD Ryzen 7,,35617.01,29.45,4.1
Asus,VivoBook,13th Gen,8.0,512.0,Silver,2.8,AMD Ryzen 7,477.25,79542.69,,4.3
Dell,VivoBook,10th Gen,4.0,256.0,White,2.43,AMD Ryzen 7,,40939.23,,4.4
Acer,VivoBook,11th Gen,4.0,512.0,Blue,1.51,Intel Core i7,,50194.9,36.27,3.3
Hp,Inspiron,10th Gen,12.0,1024.0,Black,1.66,AMD Ryzen 5,,43445.98,10.92,2.8
Dell,X1,12th Gen,4.0,512.0,White,2.13,Intel Core i3,831.31,94808.3,40.13,3.4
Hp,X1,13th Gen,12.0,256.0,Grey,1.96,AMD Ryzen 3,,20891.42,24.96,2.7
Lenovo,VivoBook,12th Gen,16.0,256.0,Black,2.0,Intel Core i3,,188151.24,30.62,4.0
Lenovo,15,13th Gen,16.0,512.0,White,1.46,AMD Ryzen 3,597.09,132992.29,,3.6
Hp,14,12th Gen,16.0,512.0,White,2.21,AMD Ryzen 7,261.95,78214.4,,3.3
Lenovo,X1,12th Gen,4.0,1024.0,Silver,1.53,AMD Ryzen 7,497.07,44492.48,,3.3
Dell,VivoBook,12th Gen,16.0,256.0,Silver,2.53,Intel Core i3,828.97,39561.51,,4.4
Hp,Inspiron,10th Gen,32.0,256.0,Black,1.28,AMD Ryzen 3,,125662.57,,3.6
Asus,VivoBook,12th Gen,16.0,256.0,White,2.59,AMD Ryzen 5,,36685.28,1.1,3.7
Asus,Inspiron,12th Gen,16.0,,Silver,2.93,AMD Ryzen 5,,80467.87,,4.1
Hp,VivoBook,10th Gen,8.0,256.0,Silver,2.49,Intel Core i7,921.22,155220.8,16.71,3.2
Dell,VivoBook,11th Gen,16.0,1024.0,Silver,2.92,AMD Ryzen 7,,110240.11,,4.8
Lenovo,VivoBook,12th Gen,32.0,512.0,Silver,1.69,AMD Ryzen 7,211.69,142938.26,,2.9
Lenovo,X1,10th Gen,12.0,512.0,White,2.11,Intel Core i5,,72164.24,,2.5
Asus,VivoBook,12th Gen,8.0,512.0,Grey,1.76,Intel Core i3,,123085.74,13.01,2.6
Hp,Inspiron,13th Gen,32.0,256.0,Black,2.82,AMD Ryzen 5,588.2,172800.06,35.27,3.4
Asus,16,11th Gen,16.0,256.0,Grey,2.62,AMD Ryzen 7,492.28,81253.21,11.53,3.4
Acer,15,11th Gen,16.0,1024.0,White,1.56,Intel Core i5,983.01,192565.66,,3.0
Hp,15,12th Gen,16.0,256.0,Blue,2.56,AMD Ryzen 5,117.44,123554.96,43.18,4.9
Lenovo,14,10th Gen,12.0,512.0,Black,2.14,AMD Ryzen 5,476.17,156528.53,,4.5
Asus,15,13th Gen,16.0,512.0,White,2.53,Intel Core i5,194.71,29816.1,,3.7
Hp,X1,12th Gen,16.0,512.0,Grey,2.35,Intel Core i5,,55904.39,,4.1
Asus,15,10th Gen,16.0,512.0,Blue,1.36,AMD Ryzen 7,327.21,143830.23,20.32,4.7
Dell,Inspiron,12th Gen,32.0,512.0,Silver,1.93,Intel Core i3,,83102.22,,3.8
Acer,14,13th Gen,12.0,1024.0,Silver,1.48,AMD Ryzen 5,626.43,23852.93,,3.5
Acer,16,10th Gen,8.0,1024.0,Blue,2.01,AMD Ryzen 3,641.91,184541.62,43.4,3.3
Dell,X1,10th Gen,32.0,512.0,White,1.81,Intel Core i7,,81419.03,,3.0
Hp,16,10th Gen,32.0,256.0,Black,1.87,Intel Core i7,855.0,99659.14,,4.4
Asus,16,11th Gen,32.0,1024.0,Grey,1.35,AMD Ryzen 5,,55155.8,,3.0
Hp,15,11th Gen,12.0,512.0,White,2.07,,,25439.66,38.33,2.9
Asus,Inspiron,10th Gen,8.0,512.0,Silver,2.42,Intel Core i7,,70077.81,,4.8
Hp,VivoBook,12th Gen,32.0,256.0,Silver,2.36,Intel Core i5,935.71,134944.26,,4.5
Acer,15,12th Gen,32.0,512.0,Silver,2.22,AMD Ryzen 5,120.14,172340.46,18.88,4.6
Dell,VivoBook,11th Gen,8.0,1024.0,White,2.6,Intel Core i7,100.49,55276.3,31.43,4.8
Acer,VivoBook,10th Gen,4.0,512.0,Blue,2.06,Intel Core i5,,153899.14,,3.6
Dell,Inspiron,12th Gen,16.0,1024.0,Silver,2.21,Intel Core i7,632.42,21631.46,,4.6
Acer,X1,12th Gen,12.0,1024.0,Blue,1.36,AMD Ryzen 7,207.12,26771.41,,4.1
Lenovo,16,10th Gen,12.0,1024.0,Grey,2.96,Intel Core i5,,79127.64,13.45,2.8
Asus,Inspiron,13th Gen,8.0,1024.0,Grey,2.13,Intel Core i7,843.35,67267.43,,3.9
Dell,14,13th Gen,4.0,1024.0,Black,1.32,Intel Core i5,253.94,130594.64,,2.7
Dell,X1,10th Gen,16.0,1024.0,Black,2.65,AMD Ryzen 5,326.2,112316.44,,4.8
Acer,14,10th Gen,16.0,512.0,White,2.83,AMD Ryzen 7,,170626.88,,2.6
Hp,VivoBook,11th Gen,8.0,1024.0,Blue,1.58,Intel Core i3,,31765.84,,3.6
Asus,16,13th Gen,12.0,1024.0,Grey,2.16,AMD Ryzen 5,,144482.39,,4.2
Hp,15,11th Gen,16.0,256.0,White,1.23,Intel Core i7,,133639.7,32.94,3.0
Asus,15,11th Gen,4.0,1024.0,Black,2.0,Intel Core i5,959.26,174170.56,,4.0
Dell,15,12th Gen,32.0,512.0,Black,2.07,AMD Ryzen 3,886.6,68780.24,33.75,4.1
Acer,X1,10th Gen,16.0,,Grey,1.41,AMD Ryzen 3,,24919.32,,2.7
Acer,15,11th Gen,16.0,1024.0,Blue,1.8,AMD Ryzen 5,425.09,193586.11,,3.7
Lenovo,16,10th Gen,8.0,1024.0,White,1.7,AMD Ryzen 3,394.99,176356.76,5.56,3.4
Hp,14,11th Gen,8.0,256.0,Grey,2.78,AMD Ryzen 3,503.94,41265.62,49.99,2.9
Acer,16,13th Gen,16.0,1024.0,Black,1.58,Intel Core i5,286.84,56311.82,27.01,2.8
Asus,15,11th Gen,12.0,256.0,Black,2.29,AMD Ryzen 7,,190538.47,29.02,4.2
Lenovo,14,10th Gen,12.0,512.0,Silver,1.49,Intel Core i5,456.02,156942.67,25.27,2.6
Hp,Inspiron,10th Gen,4.0,1024.0,Blue,2.78,AMD Ryzen 5,228.36,51960.25,26.8,2.8
Dell,14,10th Gen,16.0,1024.0,Blue,2.98,AMD Ryzen 7,714.32,157601.07,32.88,3.2
Asus,15,13th Gen,16.0,1024.0,Grey,2.39,Intel Core i3,,128729.74,,3.9
Asus,14,13th Gen,16.0,256.0,Black,1.94,AMD Ryzen 5,263.01,76026.92,12.05,3.8
Acer,VivoBook,13th Gen,32.0,512.0,White,2.42,AMD Ryzen 5,988.02,62844.64,31.56,2.6
Lenovo,15,13th Gen,32.0,1024.0,Grey,1.71,AMD Ryzen 5,651.79,106693.97,,3.3
Lenovo,VivoBook,11th Gen,32.0,1024.0,Blue,2.61,Intel Core i3,,121953.72,49.69,2.6
Lenovo,VivoBook,11th Gen,4.0,512.0,Black,2.38,Intel Core i7,708.65,127892.99,2.48,4.5
Dell,X1,10th Gen,8.0,256.0,Grey,1.3,AMD Ryzen 7,,62731.0,27.44,4.2
Dell,VivoBook,10th Gen,32.0,1024.0,Silver,1.91,AMD Ryzen 3,,118329.1,4.7,3.9
Dell,14,13th Gen,32.0,512.0,Silver,2.7,AMD Ryzen 3,362.09,191447.82,,4.0
Lenovo,VivoBook,13th Gen,8.0,256.0,Silver,2.93,AMD Ryzen 3,471.34,86168.88,32.57,3.4
Hp,VivoBook,12th Gen,8.0,256.0,Black,2.36,Intel Core i7,810.52,157060.07,,4.6
Dell,VivoBook,12th Gen,16.0,512.0,Silver,2.2,AMD Ryzen 3,,74199.67,17.78,3.7
Dell,15,11th Gen,4.0,512.0,Grey,1.72,AMD Ryzen 5,307.29,69950.04,,2.7
Dell,Inspiron,13th Gen,8.0,512.0,Silver,1.73,AMD Ryzen 7,,33474.87,24.36,4.3
Lenovo,X1,12th Gen,8.0,256.0,White,2.68,AMD Ryzen 3,391.64,24216.4,,4.1
Lenovo,15,13th Gen,12.0,512.0,White,1.69,AMD Ryzen 5,,165896.32,,4.3
Asus,15,12th Gen,4.0,1024.0,Grey,2.2,Intel Core i7,128.74,89341.67,7.08,3.9
Dell,X1,13th Gen,4.0,512.0,Black,2.51,Intel Core i7,908.74,65518.26,,3.1
Hp,14,13th Gen,32.0,256.0,Grey,1.7,AMD Ryzen 3,,55859.03,,3.9
Hp,VivoBook,13th Gen,4.0,1024.0,Blue,2.21,Intel Core i5,,52713.59,,3.4
Acer,VivoBook,13th Gen,4.0,1024.0,Grey,1.46,AMD Ryzen 3,642.57,72192.66,,3.3
Asus,14,10th Gen,4.0,256.0,Blue,1.64,AMD Ryzen 7,,104518.68,16.76,3.5
Asus,Inspiron,13th Gen,12.0,1024.0,Blue,1.53,AMD Ryzen 7,199.01,36398.11,,4.8
Acer,X1,11th Gen,8.0,1024.0,Silver,2.55,Intel Core i3,456.87,62685.25,13.91,2.5
Asus,VivoBook,10th Gen,32.0,1024.0,Silver,1.45,Intel Core i3,,105285.81,,5.0
Dell,Inspiron,13th Gen,32.0,512.0,Grey,2.93,Intel Core i3,580.57,119751.26,,3.7
Asus,VivoBook,10th Gen,4.0,512.0,Silver,2.83,AMD Ryzen 7,,123359.92,,3.4
Acer,VivoBook,10th Gen,8.0,256.0,Blue,2.33,Intel Core i3,,66760.68,44.82,4.2
Hp,14,10th Gen,4.0,256.0,Blue,1.27,AMD Ryzen 5,,146412.33,1.17,4.9
Asus,16,12th Gen,4.0,512.0,Grey,2.3,Intel Core i5,282.42,71250.37,17.93,3.4
Asus,14,10th Gen,12.0,512.0,Grey,1.96,AMD Ryzen 7,250.6,65916.41,9.98,3.5
Lenovo,14,10th Gen,16.0,256.0,Grey,1.52,AMD Ryzen 3,279.04,198679.9,7.46,2.5
Asus,VivoBook,13th Gen,32.0,256.0,Silver,2.13,Intel Core i3,,133157.11,21.88,3.7
Lenovo,VivoBook,11th Gen,16.0,256.0,Black,2.12,Intel Core i7,224.77,162064.69,42.31,4.8
Asus,X1,13th Gen,4.0,512.0,Black,2.09,Intel Core i3,,73492.77,,4.7
Hp,X1,11th Gen,4.0,512.0,White,1.93,AMD Ryzen 3,,32627.51,,3.9
Asus,16,13th Gen,12.0,512.0,Grey,2.7,AMD Ryzen 5,236.95,135957.15,,2.9
Hp,16,10th Gen,32.0,1024.0,Blue,1.29,AMD Ryzen 7,,162362.91,,4.7
Lenovo,Inspiron,13th Gen,12.0,512.0,Blue,1.99,Intel Core i3,331.26,67100.15,3.92,3.0
Asus,Inspiron,13th Gen,32.0,256.0,Grey,1.82,AMD Ryzen 7,590.45,162070.42,5.76,3.5
Acer,16,11th Gen,16.0,512.0,Grey,2.99,AMD Ryzen 5,,28247.92,34.26,2.9
Dell,15,11th Gen,32.0,1024.0,Silver,2.34,AMD Ryzen 7,,107409.31,,3.5
Dell,Inspiron,13th Gen,8.0,1024.0,Black,1.34,AMD Ryzen 5,,121403.16,16.19,3.3
Acer,14,10th Gen,12.0,256.0,Silver,2.86,Intel Core i5,,127636.59,,4.2
Hp,14,10th Gen,4.0,256.0,White,1.55,AMD Ryzen 3,,29053.69,,3.6
Lenovo,15,11th Gen,12.0,512.0,Grey,2.73,AMD Ryzen 7,,143332.84,31.64,3.2
Acer,Inspiron,11th Gen,12.0,1024.0,Blue,1.75,Intel Core i7,122.95,66290.07,15.9,3.6
Asus,14,12th Gen,16.0,256.0,Blue,2.48,Intel Core i3,417.15,170844.5,8.46,4.5
Dell,14,13th Gen,16.0,1024.0,Blue,1.52,AMD Ryzen 7,997.91,119696.36,21.82,2.8
Dell,16,12th Gen,16.0,1024.0,Black,2.77,AMD Ryzen 7,629.61,102402.76,,4.4
Hp,X1,10th Gen,16.0,256.0,White,2.54,AMD Ryzen 3,,78335.67,7.11,4.8
Dell,14,13th Gen,16.0,1024.0,Black,1.97,Intel Core i5,598.7,42891.27,49.67,4.5
Lenovo,16,13th Gen,8.0,1024.0,Black,2.66,Intel Core i7,506.13,167477.26,24.96,3.6
Dell,X1,13th Gen,12.0,1024.0,Black,1.34,Intel Core i5,,21247.36,,3.6
Hp,16,10th Gen,8.0,256.0,Black,1.82,AMD Ryzen 5,,120489.21,,2.8
Asus,X1,13th Gen,12.0,256.0,White,2.59,Intel Core i3,627.08,165400.43,,3.1
Asus,16,12th Gen,16.0,256.0,Silver,2.95,AMD Ryzen 5,437.65,148408.47,,2.7
Asus,VivoBook,12th Gen,12.0,1024.0,Silver,1.33,AMD Ryzen 3,,183146.13,36.98,3.1
Acer,16,12th Gen,32.0,1024.0,Blue,1.97,Intel Core i7,,112582.76,45.55,4.0
Asus,16,13th Gen,4.0,512.0,Grey,2.75,Intel Core i5,,160029.24,,4.3
Asus,14,12th Gen,32.0,1024.0,Black,2.22,Intel Core i5,,95998.61,,2.9
Dell,16,13th Gen,8.0,256.0,White,2.86,AMD Ryzen 7,144.09,49460.79,,4.6
Asus,VivoBook,11th Gen,8.0,1024.0,Black,2.79,AMD Ryzen 3,,39920.86,48.98,3.6
Asus,16,10th Gen,8.0,256.0,White,2.49,Intel Core i7,889.92,179354.04,44.09,5.0
Hp,15,13th Gen,12.0,256.0,White,2.88,AMD Ryzen 3,209.66,64199.24,14.81,2.6
Hp,Inspiron,10th Gen,32.0,1024.0,Black,1.94,Intel Core i5,,100125.62,2.31,3.1
Dell,X1,11th Gen,12.0,1024.0,White,2.16,AMD Ryzen 7,310.29,198722.5,31.36,2.5
Lenovo,X1,13th Gen,16.0,256.0,White,2.34,AMD Ryzen 7,718.17,180745.21,21.18,2.5
Lenovo,14,11th Gen,32.0,1024.0,Silver,1.87,AMD Ryzen 3,,157586.92,,3.1
Lenovo,16,13th Gen,12.0,512.0,Blue,1.36,Intel Core i3,,163240.14,8.0,3.8
Lenovo,VivoBook,13th Gen,32.0,512.0,White,1.66,Intel Core i3,,176049.04,8.01,3.8
Dell,16,10th Gen,8.0,512.0,Silver,2.46,AMD Ryzen 5,253.58,100273.44,41.68,2.7
Asus,X1,13th Gen,16.0,512.0,Black,1.62,AMD Ryzen 7,854.15,113950.22,,4.6
Hp,16,12th Gen,32.0,256.0,Grey,2.1,AMD Ryzen 5,167.68,38782.74,3.81,3.3
Hp,X1,12th Gen,32.0,512.0,White,1.71,AMD Ryzen 5,867.03,166439.13,,3.4
Hp,14,10th Gen,4.0,1024.0,Black,1.91,AMD Ryzen 7,243.81,93649.04,,4.2
Hp,15,10th Gen,8.0,1024.0,Grey,2.45,Intel Core i5,954.17,177018.69,,3.4
Acer,X1,10th Gen,16.0,256.0,Grey,2.2,AMD Ryzen 3,550.06,99669.35,46.46,4.1
Hp,X1,13th Gen,8.0,256.0,Silver,2.45,Intel Core i5,,197267.36,,4.1
Acer,X1,13th Gen,16.0,512.0,White,1.34,AMD Ryzen 5,,195184.74,12.83,4.5
Hp,14,10th Gen,32.0,1024.0,Black,1.92,AMD Ryzen 3,714.22,173952.17,,4.8
Hp,15,12th Gen,8.0,1024.0,Silver,2.51,AMD Ryzen 5,565.21,51828.91,15.48,3.8
Dell,15,10th Gen,16.0,1024.0,Blue,1.45,Intel Core i7,175.55,188388.15,25.24,4.9
Asus,15,13th Gen,32.0,1024.0,Silver,2.33,Intel Core i3,,45417.48,,5.0
Asus,14,12th Gen,12.0,1024.0,White,1.95,AMD Ryzen 5,311.19,78591.24,,2.7
Acer,VivoBook,10th Gen,32.0,1024.0,Blue,2.75,AMD Ryzen 7,789.73,76759.61,,3.4
Hp,16,10th Gen,8.0,1024.0,Blue,2.34,AMD Ryzen 5,,148780.65,,3.6
Asus,X1,13th Gen,8.0,512.0,Black,2.59,AMD Ryzen 5,,152995.6,,2.8
Asus,X1,10th Gen,16.0,512.0,Black,1.24,Intel Core i5,,53300.57,2.72,2.6
Acer,VivoBook,10th Gen,12.0,1024.0,Grey,2.98,AMD Ryzen 7,,44962.1,41.85,3.8
Acer,16,13th Gen,12.0,1024.0,Silver,2.02,AMD Ryzen 3,,49907.22,43.42,4.1
Lenovo,14,10th Gen,12.0,512.0,Blue,1.58,Intel Core i7,558.19,54796.13,13.65,3.1
Acer,Inspiron,10th Gen,32.0,512.0,Blue,2.03,AMD Ryzen 5,,188271.59,,2.7
Dell,16,10th Gen,16.0,1024.0,Grey,,AMD Ryzen 7,,66314.84,41.26,4.7
Dell,15,13th Gen,16.0,1024.0,White,2.65,Intel Core i7,201.12,158354.36,2.77,3.1
Dell,16,10th Gen,12.0,256.0,Black,2.48,Intel Core i7,446.48,175458.58,,3.3
Lenovo,Inspiron,13th Gen,8.0,1024.0,Silver,2.8,AMD Ryzen 5,461.64,55309.58,,3.3
Hp,X1,11th Gen,12.0,1024.0,Black,1.82,Intel Core i5,385.36,116136.89,19.31,2.6
Acer,VivoBook,11th Gen,32.0,512.0,Blue,2.06,AMD Ryzen 5,807.28,46953.29,23.18,3.8
Lenovo,14,11th Gen,32.0,512.0,Black,1.89,AMD Ryzen 7,,85320.64,43.53,3.3
Acer,Inspiron,11th Gen,16.0,256.0,Blue,2.38,Intel Core i3,,21259.45,,2.6
Hp,15,13th Gen,4.0,256.0,White,2.37,Intel Core i3,207.27,87255.8,,2.6
Dell,Inspiron,10th Gen,32.0,256.0,Grey,1.47,AMD Ryzen 7,868.66,136595.86,26.91,4.6
Lenovo,16,10th Gen,8.0,1024.0,Grey,1.71,Intel Core i5,,119223.2,8.46,4.0
Acer,15,11th Gen,8.0,1024.0,Silver,2.42,Intel Core i5,549.73,76669.29,,3.9
Dell,VivoBook,12th Gen,32.0,512.0,White,1.69,Intel Core i7,,74543.89,,4.3
Acer,15,13th Gen,32.0,256.0,Silver,1.45,Intel Core i7,,99942.33,36.42,4.5
Asus,16,12th Gen,4.0,512.0,White,2.15,AMD Ryzen 7,196.38,180707.61,,2.8
Dell,X1,11th Gen,12.0,512.0,Silver,,Intel Core i7,,166025.76,7.31,3.8
Lenovo,16,11th Gen,12.0,256.0,Blue,2.49,AMD Ryzen 5,177.02,28602.08,3.23,4.0
Asus,X1,13th Gen,16.0,256.0,Blue,1.32,,387.31,68074.68,,3.8
Asus,Inspiron,10th Gen,32.0,1024.0,Blue,2.49,Intel Core i7,,56460.51,,3.0
Asus,16,13th Gen,16.0,256.0,Blue,1.51,AMD Ryzen 7,,176419.47,,2.5
Dell,14,11th Gen,12.0,1024.0,White,2.43,Intel Core i7,,180524.24,,4.0
Hp,VivoBook,10th Gen,12.0,1024.0,Silver,2.33,Intel Core i5,275.96,57535.3,,3.4
Lenovo,15,12th Gen,12.0,1024.0,Silver,2.82,Intel Core i5,,90552.46,22.21,2.6
Asus,VivoBook,12th Gen,32.0,256.0,Silver,1.42,AMD Ryzen 7,,72360.47,49.22,2.6
Asus,16,11th Gen,16.0,1024.0,Silver,1.42,Intel Core i5,,44365.29,37.06,4.4
Lenovo,15,13th Gen,32.0,1024.0,Blue,1.59,Intel Core i5,442.01,51022.58,,4.8
Hp,15,13th Gen,32.0,1024.0,Blue,2.2,Intel Core i7,115.82,73802.16,,2.6
Lenovo,16,13th Gen,16.0,1024.0,White,2.55,AMD Ryzen 7,973.59,85445.1,23.52,4.2
Asus,14,12th Gen,12.0,256.0,Grey,1.63,AMD Ryzen 7,,93694.99,18.8,4.0
Dell,16,13th Gen,16.0,1024.0,Silver,2.0,Intel Core i5,627.02,187610.61,,2.6
Dell,X1,13th Gen,32.0,256.0,Blue,2.34,Intel Core i5,658.54,149013.49,,3.0
Lenovo,16,13th Gen,4.0,256.0,Black,1.49,Intel Core i7,950.16,63246.02,10.57,3.0
Asus,14,11th Gen,4.0,1024.0,White,2.45,Intel Core i5,945.04,68220.85,,3.2
Hp,14,13th Gen,12.0,1024.0,Blue,2.9,Intel Core i5,248.66,191169.39,,2.9
Acer,14,12th Gen,12.0,256.0,Blue,1.58,AMD Ryzen 3,,43882.93,,2.9
Dell,VivoBook,11th Gen,32.0,512.0,Silver,1.5,Intel Core i7,,130498.42,22.54,4.0
Asus,15,12th Gen,32.0,1024.0,White,2.39,AMD Ryzen 5,,99694.75,,2.8
Acer,16,11th Gen,32.0,256.0,Silver,1.33,AMD Ryzen 7,,80906.14,,2.9
Dell,X1,12th Gen,32.0,256.0,Blue,1.4,Intel Core i3,712.95,132851.12,,4.2
Lenovo,16,12th Gen,12.0,256.0,Blue,1.82,Intel Core i3,759.55,153854.92,,2.7
Hp,14,12th Gen,32.0,1024.0,Blue,1.99,Intel Core i3,460.35,177477.51,,4.6
Lenovo,14,13th Gen,32.0,256.0,Grey,2.73,Intel Core i7,,87414.75,4.18,3.8
Acer,14,12th Gen,4.0,256.0,Black,1.63,AMD Ryzen 7,577.15,66171.47,,2.9
Dell,15,10th Gen,8.0,1024.0,Grey,2.42,Intel Core i3,,117311.17,12.38,2.7
Asus,VivoBook,13th Gen,32.0,1024.0,Black,2.74,AMD Ryzen 3,213.94,150131.63,,3.4
Hp,15,13th Gen,12.0,256.0,Silver,1.25,AMD Ryzen 3,165.22,22696.01,,4.7
Acer,14,11th Gen,16.0,1024.0,White,1.9,AMD Ryzen 5,,183055.81,,4.8
Dell,VivoBook,13th Gen,4.0,1024.0,Black,2.9,AMD Ryzen 7,,192512.28,28.09,3.2
Acer,14,13th Gen,32.0,512.0,Black,2.9,AMD Ryzen 3,,25241.78,46.97,4.8
Dell,14,11th Gen,8.0,256.0,Black,1.99,AMD Ryzen 7,,122998.49,,2.7
Asus,Inspiron,13th Gen,16.0,1024.0,Grey,2.0,AMD Ryzen 7,,65133.86,10.19,3.8
Lenovo,X1,10th Gen,4.0,1024.0,Black,2.54,Intel Core i7,453.57,132982.87,,2.6
Asus,Inspiron,13th Gen,8.0,512.0,Blue,1.25,Intel Core i5,,23548.04,,2.9
Acer,16,10th Gen,12.0,512.0,Silver,1.36,AMD Ryzen 3,,131640.13,,3.1
Hp,X1,10th Gen,4.0,1024.0,White,1.99,Intel Core i5,,154424.15,6.14,2.6
Acer,14,12th Gen,4.0,256.0,Blue,1.62,Intel Core i7,,96512.96,0.44,4.3
Dell,16,12th Gen,16.0,512.0,Blue,1.73,AMD Ryzen 7,,95904.59,,4.1
Hp,Inspiron,12th Gen,8.0,512.0,White,1.49,AMD Ryzen 7,,106585.13,31.94,4.8
Hp,VivoBook,10th Gen,12.0,512.0,Grey,1.88,Intel Core i5,,93487.92,37.33,3.6
Hp,X1,13th Gen,32.0,512.0,Black,1.39,Intel Core i7,163.09,184848.71,15.42,4.8
Asus,14,13th Gen,16.0,256.0,Silver,2.68,Intel Core i5,,158973.94,,5.0
Asus,Inspiron,11th Gen,4.0,256.0,Grey,2.0,Intel Core i3,249.13,147870.49,23.88,3.8
Lenovo,14,12th Gen,12.0,1024.0,Black,2.76,AMD Ryzen 5,,36974.71,,3.2
Dell,16,12th Gen,4.0,1024.0,Black,2.74,AMD Ryzen 5,860.01,141295.57,18.34,2.8
Acer,VivoBook,13th Gen,4.0,1024.0,Silver,2.02,Intel Core i7,,101007.49,,3.6
Dell,16,13th Gen,16.0,512.0,Black,1.65,,535.32,196678.8,25.85,4.8
Lenovo,Inspiron,11th Gen,32.0,1024.0,Grey,1.7,AMD Ryzen 3,588.78,22953.26,35.93,3.4
Dell,VivoBook,12th Gen,4.0,1024.0,Grey,2.61,Intel Core i7,959.64,130705.72,,4.3
Asus,VivoBook,13th Gen,16.0,512.0,Silver,1.62,Intel Core i7,363.04,192691.21,,3.1
Hp,Inspiron,12th Gen,32.0,1024.0,Black,,Intel Core i5,,23931.26,46.93,3.9
Hp,14,11th Gen,32.0,1024.0,White,1.86,Intel Core i7,,104644.38,15.92,4.0
Hp,VivoBook,12th Gen,12.0,512.0,White,2.22,Intel Core i7,,99513.45,43.4,2.6
Dell,VivoBook,12th Gen,12.0,512.0,Black,1.81,AMD Ryzen 3,,155237.66,,4.4
Lenovo,Inspiron,11th Gen,16.0,256.0,Blue,2.28,AMD Ryzen 7,351.06,44255.05,,4.2
Acer,X1,12th Gen,32.0,256.0,Black,2.49,AMD Ryzen 5,,60544.47,,4.7
Hp,15,13th Gen,32.0,512.0,Black,1.31,Intel Core i7,,174194.49,,4.1
Asus,Inspiron,12th Gen,8.0,256.0,Black,1.46,AMD Ryzen 7,241.26,187047.65,22.95,2.7
Lenovo,14,10th Gen,4.0,256.0,White,1.4,Intel Core i7,334.86,23639.95,27.69,3.3
Dell,VivoBook,11th Gen,12.0,256.0,Black,2.91,AMD Ryzen 5,,178131.73,,3.3
Hp,14,12th Gen,4.0,512.0,Black,2.38,Intel Core i7,384.58,51719.29,,4.1
Acer,16,11th Gen,12.0,512.0,Grey,2.65,AMD Ryzen 3,722.98,52314.28,,4.5
Lenovo,14,11th Gen,16.0,1024.0,Blue,,Intel Core i5,,33593.28,4.85,4.3
Asus,14,13th Gen,16.0,1024.0,Black,2.26,Intel Core i5,,51788.93,,3.5
Asus,VivoBook,13th Gen,32.0,1024.0,Blue,2.76,Intel Core i7,257.11,165842.62,,4.0
Hp,Inspiron,11th Gen,4.0,512.0,White,1.95,AMD Ryzen 3,231.27,136139.21,4.34,4.8
Lenovo,X1,10th Gen,32.0,512.0,White,2.14,Intel Core i3,,95830.08,,4.0
Acer,14,11th Gen,8.0,1024.0,White,2.19,Intel Core i5,,139665.97,25.85,3.5
Asus,16,11th Gen,16.0,256.0,Blue,1.63,Intel Core i5,847.21,85780.16,,3.4
Lenovo,Inspiron,12th Gen,12.0,512.0,Grey,1.6,AMD Ryzen 5,,140999.61,49.51,3.1
Hp,16,11th Gen,16.0,512.0,Silver,2.31,Intel Core i3,,70278.28,,3.5
Asus,14,10th Gen,16.0,512.0,Blue,2.37,AMD Ryzen 7,,86841.34,9.06,2.9
Lenovo,X1,12th Gen,,512.0,Black,2.71,Intel Core i7,771.96,150539.69,30.02,2.8
Acer,VivoBook,12th Gen,32.0,512.0,Silver,1.91,AMD Ryzen 3,595.32,183275.43,,4.0
Asus,14,12th Gen,4.0,512.0,White,2.47,Intel Core i7,,173558.7,,3.0
Hp,14,10th Gen,16.0,1024.0,Grey,1.54,Intel Core i7,,191915.27,34.3,3.7
Asus,16,10th Gen,32.0,512.0,Blue,1.96,Intel Core i7,,49558.93,15.92,2.9
Lenovo,16,11th Gen,12.0,256.0,Black,2.99,AMD Ryzen 5,273.84,130111.12,,3.8
Acer,X1,11th Gen,12.0,256.0,Black,1.41,Intel Core i7,408.24,103280.29,35.39,2.5
Asus,15,10th Gen,8.0,1024.0,Blue,2.02,Intel Core i7,,55351.54,,3.0
Asus,14,12th Gen,8.0,1024.0,White,1.84,AMD Ryzen 7,411.37,63789.85,,3.8
Dell,14,11th Gen,8.0,256.0,Black,1.51,Intel Core i7,978.28,196572.65,32.81,4.3
Acer,Inspiron,10th Gen,4.0,256.0,Grey,2.23,AMD Ryzen 7,642.49,53484.82,,3.1
Dell,15,10th Gen,12.0,256.0,Blue,2.76,AMD Ryzen 7,,182557.92,,3.0
Asus,VivoBook,11th Gen,8.0,256.0,Grey,2.1,AMD Ryzen 7,,174737.39,37.26,3.6
Hp,VivoBook,10th Gen,4.0,256.0,Silver,1.3,AMD Ryzen 5,944.74,198799.18,16.57,3.8
Asus,14,10th Gen,8.0,256.0,Blue,1.98,Intel Core i3,412.83,185929.17,,3.5
Lenovo,16,12th Gen,16.0,1024.0,White,2.35,AMD Ryzen 5,,125024.91,44.53,3.8
Dell,15,11th Gen,8.0,1024.0,White,2.4,Intel Core i3,,107667.99,45.36,4.7
Acer,VivoBook,10th Gen,8.0,256.0,Grey,2.75,AMD Ryzen 3,,157095.7,18.58,3.5
Acer,VivoBook,11th Gen,32.0,512.0,Silver,1.27,Intel Core i3,,184874.62,11.66,4.8
Hp,15,10th Gen,16.0,512.0,White,1.95,AMD Ryzen 5,,65724.91,,4.7
Asus,X1,13th Gen,32.0,256.0,White,2.32,AMD Ryzen 7,,136252.56,34.21,2.9
Acer,14,11th Gen,16.0,512.0,Silver,1.74,AMD Ryzen 3,311.19,75708.32,37.25,2.7
Dell,Inspiron,10th Gen,,512.0,White,1.98,Intel Core i3,,69916.59,,4.2
Hp,15,11th Gen,12.0,512.0,Grey,2.94,AMD Ryzen 7,309.5,172109.24,11.52,4.1
Hp,X1,12th Gen,4.0,256.0,White,2.62,AMD Ryzen 5,202.72,172683.83,,4.4
Dell,X1,11th Gen,16.0,512.0,Black,2.03,AMD Ryzen 5,676.43,181111.46,,4.9
Dell,X1,10th Gen,8.0,1024.0,Blue,2.63,AMD Ryzen 5,,36787.16,24.56,3.1
Dell,X1,11th Gen,32.0,512.0,Grey,1.95,AMD Ryzen 5,785.18,197115.81,,4.8
Lenovo,X1,12th Gen,8.0,256.0,Grey,2.59,Intel Core i5,740.43,24201.29,,2.5
Acer,Inspiron,11th Gen,12.0,512.0,White,1.44,AMD Ryzen 7,,31842.53,,3.7
Lenovo,16,11th Gen,12.0,1024.0,Blue,1.52,AMD Ryzen 3,,72927.52,29.76,3.5
Dell,14,13th Gen,16.0,256.0,Black,2.46,Intel Core i5,,172933.41,,3.0
Dell,14,12th Gen,8.0,512.0,White,1.41,AMD Ryzen 3,813.69,90639.24,2.51,4.7
Lenovo,14,10th Gen,8.0,512.0,White,2.53,AMD Ryzen 5,,99096.98,5.63,4.5
Asus,X1,10th Gen,12.0,1024.0,White,2.82,AMD Ryzen 5,,98407.88,,4.8
Hp,15,10th Gen,8.0,1024.0,White,2.42,Intel Core i7,,35439.73,,4.5
Asus,16,11th Gen,4.0,1024.0,White,1.45,AMD Ryzen 5,875.27,189089.97,45.25,4.2
Asus,VivoBook,11th Gen,12.0,256.0,Silver,1.64,Intel Core i5,,190924.94,,4.5
Hp,15,12th Gen,4.0,512.0,Grey,1.69,AMD Ryzen 3,,128390.63,30.95,4.3
Hp,15,12th Gen,32.0,1024.0,Black,1.8,AMD Ryzen 5,929.16,35143.87,30.31,3.8
Asus,16,12th Gen,12.0,1024.0,Silver,1.8,AMD Ryzen 5,160.03,198322.23,38.37,2.5
Dell,14,10th Gen,12.0,256.0,Silver,1.68,Intel Core i7,,51073.05,,2.6
Acer,Inspiron,12th Gen,12.0,256.0,Blue,1.94,AMD Ryzen 3,943.63,104664.77,28.45,2.7
Lenovo,X1,13th Gen,12.0,1024.0,White,1.73,Intel Core i5,179.67,55312.05,30.14,3.9
Acer,Inspiron,12th Gen,16.0,512.0,White,1.32,Intel Core i3,,171119.76,29.35,2.7
Dell,VivoBook,11th Gen,12.0,1024.0,Silver,2.81,AMD Ryzen 3,,165380.71,38.97,2.9
Acer,VivoBook,13th Gen,8.0,512.0,White,2.21,AMD Ryzen 5,,123756.91,26.82,3.5
Hp,14,12th Gen,12.0,256.0,Silver,1.47,Intel Core i7,456.27,49785.86,42.0,4.2
Lenovo,16,13th Gen,4.0,256.0,Silver,2.06,AMD Ryzen 5,,96723.82,,4.9
Hp,X1,13th Gen,8.0,1024.0,Grey,1.7,Intel Core i3,,198948.54,,2.6
Lenovo,X1,10th Gen,8.0,1024.0,Blue,2.04,AMD Ryzen 5,,41671.75,49.32,3.5
Asus,14,11th Gen,16.0,1024.0,Black,2.05,AMD Ryzen 5,,69416.8,26.85,2.7
Acer,16,11th Gen,8.0,256.0,Silver,1.77,Intel Core i7,,129012.83,,5.0
Asus,14,12th Gen,12.0,256.0,Grey,1.59,AMD Ryzen 3,497.23,95607.87,,2.7
Hp,16,13th Gen,32.0,256.0,Grey,1.2,AMD Ryzen 7,971.28,30707.39,,2.6
Dell,15,13th Gen,12.0,512.0,Black,1.48,AMD Ryzen 3,,44301.81,,4.0
Asus,16,12th Gen,12.0,1024.0,Black,2.61,Intel Core i7,409.68,188785.71,,5.0
Lenovo,Inspiron,12th Gen,12.0,256.0,Blue,1.84,Intel Core i3,624.4,132410.16,24.37,4.1
Acer,15,12th Gen,8.0,512.0,Black,1.44,Intel Core i5,,21315.1,,4.8
Asus,Inspiron,12th Gen,32.0,512.0,White,1.57,AMD Ryzen 3,558.28,106422.02,37.43,3.1
Lenovo,Inspiron,10th Gen,8.0,512.0,Silver,1.73,Intel Core i5,560.18,53660.33,22.8,4.1
Lenovo,VivoBook,13th Gen,8.0,1024.0,Grey,2.9,Intel Core i7,,150711.04,42.43,3.3
Acer,15,10th Gen,16.0,256.0,Grey,2.48,AMD Ryzen 7,,27374.97,3.79,3.2
Hp,Inspiron,10th Gen,32.0,512.0,White,1.45,AMD Ryzen 3,580.41,69286.29,,3.3
Acer,15,10th Gen,4.0,256.0,Silver,1.93,Intel Core i3,613.92,136145.94,34.68,3.4
Dell,X1,13th Gen,32.0,512.0,White,2.82,AMD Ryzen 5,386.72,129739.26,,4.0
Lenovo,Inspiron,10th Gen,32.0,1024.0,Grey,2.06,Intel Core i7,,35618.01,19.92,4.9
Acer,VivoBook,11th Gen,8.0,1024.0,Black,1.8,AMD Ryzen 5,,187163.0,,2.8
Asus,X1,12th Gen,32.0,256.0,Blue,2.43,AMD Ryzen 3,521.78,163587.76,,4.0
Asus,15,11th Gen,32.0,256.0,Black,1.72,AMD Ryzen 3,,110685.13,,3.3
Acer,16,10th Gen,16.0,1024.0,Blue,1.97,AMD Ryzen 5,,187626.8,28.78,4.0
Hp,X1,13th Gen,12.0,512.0,Blue,1.49,AMD Ryzen 5,,80016.33,3.33,2.8
Asus,Inspiron,10th Gen,12.0,1024.0,Black,2.56,Intel Core i3,115.18,178897.03,,4.9
Acer,14,13th Gen,8.0,1024.0,White,1.27,Intel Core i5,,137881.81,,4.4
Asus,16,11th Gen,16.0,512.0,White,1.79,AMD Ryzen 5,106.68,119242.54,27.13,3.5
Asus,16,10th Gen,32.0,256.0,Blue,2.24,Intel Core i3,643.73,48431.37,,2.6
Hp,15,12th Gen,12.0,1024.0,White,1.46,AMD Ryzen 3,280.44,24734.21,21.48,4.4
Dell,VivoBook,10th Gen,12.0,512.0,Black,1.29,Intel Core i3,,185052.97,,3.4
Dell,X1,11th Gen,12.0,512.0,Silver,1.49,Intel Core i3,,135317.12,,3.6
Hp,Inspiron,12th Gen,12.0,512.0,Grey,1.6,AMD Ryzen 3,368.1,43477.19,,3.1
Dell,Inspiron,13th Gen,16.0,256.0,Silver,2.38,Intel Core i5,,82217.13,29.79,4.9
Dell,16,11th Gen,4.0,256.0,White,1.57,Intel Core i3,,51732.42,,3.1
Dell,X1,11th Gen,4.0,256.0,Grey,1.32,AMD Ryzen 7,,174918.4,,3.3
Lenovo,Inspiron,10th Gen,12.0,256.0,Blue,2.06,Intel Core i3,,61206.5,,3.8
Lenovo,Inspiron,13th Gen,4.0,1024.0,White,1.71,AMD Ryzen 5,,64526.12,,4.9
Acer,14,11th Gen,16.0,1024.0,Blue,1.34,Intel Core i5,,39178.06,17.53,3.8
Lenovo,X1,11th Gen,12.0,256.0,Black,1.84,AMD Ryzen 5,990.72,29050.1,,3.7
Hp,14,12th Gen,8.0,256.0,Blue,1.73,AMD Ryzen 5,,27453.48,28.42,3.4
Acer,15,13th Gen,16.0,512.0,Blue,2.22,Intel Core i3,631.64,123841.42,39.27,3.3
Acer,16,11th Gen,32.0,1024.0,Blue,2.4,AMD Ryzen 7,586.78,186664.71,,3.8
Acer,14,12th Gen,16.0,1024.0,Blue,2.34,AMD Ryzen 5,750.7,148369.44,,3.4
Lenovo,16,13th Gen,32.0,512.0,Silver,1.3,AMD Ryzen 5,559.97,198988.08,,2.6
Dell,14,13th Gen,32.0,256.0,Black,1.64,AMD Ryzen 5,,64140.28,0.83,4.1
Dell,VivoBook,10th Gen,32.0,512.0,Black,1.58,AMD Ryzen 3,,125609.8,18.27,4.3
Acer,Inspiron,11th Gen,16.0,1024.0,Blue,2.48,Intel Core i5,,30317.8,46.18,4.3
Acer,X1,11th Gen,4.0,512.0,Black,1.92,,,130899.68,,3.0
Asus,15,12th Gen,16.0,1024.0,Silver,2.74,AMD Ryzen 7,,176689.89,,5.0
Lenovo,15,10th Gen,12.0,512.0,Silver,2.17,Intel Core i3,,184303.34,15.15,4.7
Asus,15,12th Gen,16.0,256.0,Black,2.23,AMD Ryzen 5,,43735.68,33.3,4.1
Lenovo,16,10th Gen,4.0,256.0,Silver,2.39,Intel Core i3,,114134.18,11.52,2.9
Dell,15,10th Gen,8.0,256.0,Grey,1.53,Intel Core i5,772.51,138626.85,,4.8
Dell,VivoBook,11th Gen,16.0,256.0,Blue,2.22,AMD Ryzen 5,,79189.08,,3.7
Hp,16,11th Gen,16.0,512.0,Grey,2.99,Intel Core i5,,136699.05,,3.1
Asus,14,10th Gen,16.0,256.0,Black,1.7,AMD Ryzen 3,622.07,151920.31,,3.1
Dell,15,12th Gen,8.0,512.0,Silver,2.45,Intel Core i7,504.86,163801.12,,3.0
Asus,X1,10th Gen,12.0,1024.0,Silver,2.22,Intel Core i3,904.95,52647.75,1.46,3.0
Acer,VivoBook,11th Gen,16.0,512.0,Silver,1.62,AMD Ryzen 7,800.09,156213.21,16.23,3.0
Hp,16,11th Gen,32.0,1024.0,White,2.9,AMD Ryzen 3,,100666.16,6.57,3.6
Acer,15,12th Gen,8.0,256.0,Blue,2.72,Intel Core i7,,69386.14,38.68,4.1
Lenovo,VivoBook,13th Gen,32.0,256.0,Silver,1.82,Intel Core i5,874.7,189766.31,,3.1
Lenovo,16,13th Gen,8.0,1024.0,Black,2.9,AMD Ryzen 5,775.83,175733.71,,4.4
Acer,Inspiron,11th Gen,8.0,512.0,Blue,2.0,AMD Ryzen 7,233.07,187933.57,,3.4
Asus,Inspiron,10th Gen,32.0,1024.0,White,2.99,Intel Core i3,,75866.1,,4.1
Hp,VivoBook,10th Gen,8.0,1024.0,White,2.73,Intel Core i7,,162797.33,5.79,2.6
Acer,X1,13th Gen,4.0,1024.0,Black,2.52,Intel Core i7,223.16,154770.68,,4.3
Dell,VivoBook,12th Gen,12.0,512.0,Blue,2.15,Intel Core i5,245.96,51806.83,12.91,3.7
Asus,X1,11th Gen,32.0,256.0,Grey,2.39,Intel Core i3,,25425.93,46.64,4.6
Hp,14,12th Gen,4.0,1024.0,Black,1.22,AMD Ryzen 7,,165749.08,,2.6
Dell,14,11th Gen,4.0,1024.0,Black,1.36,Intel Core i3,,80703.59,0.31,2.9
Hp,VivoBook,10th Gen,12.0,1024.0,Blue,1.71,Intel Core i5,,135000.67,13.59,4.0
Hp,VivoBook,11th Gen,8.0,1024.0,Blue,2.14,AMD Ryzen 5,,37016.94,,4.3
Asus,14,11th Gen,4.0,512.0,Blue,1.41,AMD Ryzen 5,574.59,156678.16,,3.4
Hp,VivoBook,10th Gen,32.0,,White,2.57,AMD Ryzen 5,,28834.52,,4.2
Lenovo,VivoBook,11th Gen,32.0,512.0,Blue,2.77,AMD Ryzen 7,,41161.41,1.89,4.1
Lenovo,15,12th Gen,16.0,512.0,White,2.22,Intel Core i5,,27360.52,5.59,4.2
Acer,X1,11th Gen,32.0,1024.0,White,1.51,AMD Ryzen 5,968.52,134583.72,0.95,4.6
Lenovo,Inspiron,12th Gen,12.0,512.0,White,1.69,AMD Ryzen 5,224.77,53340.49,17.8,4.6
Hp,14,10th Gen,32.0,512.0,White,2.32,Intel Core i7,533.2,129200.72,,4.3
Asus,16,13th Gen,4.0,1024.0,White,2.1,AMD Ryzen 5,,124830.78,46.09,4.3
Hp,X1,12th Gen,16.0,512.0,Silver,1.2,Intel Core i3,,167541.55,16.85,4.0
Lenovo,VivoBook,12th Gen,32.0,512.0,Blue,2.11,AMD Ryzen 3,374.7,22285.52,29.29,4.3
Lenovo,14,12th Gen,8.0,256.0,Grey,2.91,Intel Core i5,,161225.46,0.88,3.2
Acer,X1,11th Gen,12.0,512.0,White,2.48,AMD Ryzen 3,,141026.99,36.26,2.9
Acer,16,12th Gen,16.0,1024.0,Blue,1.77,Intel Core i7,985.99,193920.8,,3.5
Asus,14,10th Gen,8.0,256.0,Blue,2.56,Intel Core i7,392.78,72611.01,,3.1
Dell,Inspiron,10th Gen,16.0,256.0,Grey,2.66,Intel Core i3,,82174.19,,4.8
Acer,VivoBook,13th Gen,12.0,1024.0,White,2.25,AMD Ryzen 5,,134811.51,47.24,4.5
Lenovo,Inspiron,11th Gen,4.0,512.0,Blue,2.6,Intel Core i7,497.07,102357.74,,4.0
Dell,14,11th Gen,4.0,512.0,Silver,2.61,AMD Ryzen 3,,119065.56,39.02,4.6
Lenovo,Inspiron,10th Gen,4.0,512.0,Blue,2.47,Intel Core i5,521.15,36229.62,,3.1
Hp,14,13th Gen,12.0,512.0,Blue,2.65,AMD Ryzen 5,,187801.2,28.57,3.6
Acer,X1,11th Gen,4.0,1024.0,Grey,2.95,Intel Core i7,,92576.45,14.08,4.2
Dell,16,12th Gen,4.0,512.0,Blue,2.35,Intel Core i7,,128467.62,47.75,4.3
Acer,VivoBook,13th Gen,32.0,256.0,Grey,2.83,Intel Core i7,,132405.02,,3.9
Hp,X1,13th Gen,32.0,1024.0,Silver,1.83,Intel Core i7,,94870.25,38.97,2.7
Dell,VivoBook,12th Gen,32.0,1024.0,Silver,1.25,Intel Core i3,285.08,75703.18,11.22,3.7
Acer,14,13th Gen,32.0,512.0,Blue,2.32,Intel Core i3,,39002.13,,4.3
Hp,14,11th Gen,32.0,512.0,Black,2.15,AMD Ryzen 3,,60981.13,42.5,4.6
Acer,VivoBook,12th Gen,16.0,512.0,Blue,2.13,Intel Core i3,,117298.46,,4.0
Asus,15,13th Gen,16.0,1024.0,Silver,1.24,Intel Core i3,,162464.16,,2.6
Lenovo,Inspiron,13th Gen,12.0,256.0,Silver,2.87,Intel Core i5,194.76,198317.59,42.98,2.9
Hp,VivoBook,12th Gen,8.0,1024.0,Silver,1.35,AMD Ryzen 3,,35588.86,,3.7
Acer,14,11th Gen,12.0,256.0,White,1.61,Intel Core i5,,22205.66,,5.0
Asus,16,13th Gen,16.0,512.0,Silver,2.19,Intel Core i3,,28135.45,,4.4
Lenovo,16,13th Gen,8.0,512.0,Silver,1.61,AMD Ryzen 5,,72777.7,,4.9
Dell,VivoBook,13th Gen,8.0,256.0,Black,1.95,AMD Ryzen 5,,196661.42,39.83,4.2
Dell,X1,12th Gen,16.0,512.0,Black,2.0,Intel Core i7,,181241.27,44.51,4.9
Lenovo,14,12th Gen,32.0,256.0,White,2.3,AMD Ryzen 5,617.38,190176.11,,3.5
Dell,Inspiron,13th Gen,12.0,256.0,Grey,2.2,Intel Core i7,,39295.75,47.77,4.1
Lenovo,15,13th Gen,4.0,256.0,Black,2.95,AMD Ryzen 5,585.69,151071.83,22.73,3.5
Hp,14,13th Gen,32.0,1024.0,White,1.72,Intel Core i3,907.4,44769.01,21.85,3.5
Dell,X1,13th Gen,12.0,1024.0,Blue,1.25,Intel Core i7,180.65,68490.94,47.21,3.1
Acer,15,13th Gen,8.0,256.0,Silver,2.08,AMD Ryzen 7,,83298.7,11.06,3.2
Dell,Inspiron,13th Gen,12.0,512.0,Grey,1.86,Intel Core i5,485.57,127271.44,,2.6
Asus,16,13th Gen,16.0,1024.0,Black,2.0,Intel Core i5,,25119.85,,2.6
Lenovo,X1,12th Gen,8.0,1024.0,Silver,1.69,Intel Core i7,,87913.73,,3.2
Acer,X1,10th Gen,8.0,256.0,White,1.62,Intel Core i7,141.97,186702.81,,4.2
Lenovo,Inspiron,13th Gen,16.0,1024.0,White,2.14,Intel Core i3,,63715.22,,2.5
Hp,Inspiron,11th Gen,12.0,256.0,Blue,2.62,AMD Ryzen 5,739.91,21362.33,,4.1
Lenovo,16,12th Gen,4.0,512.0,Blue,2.67,Intel Core i5,194.54,55851.75,23.94,3.9
Lenovo,VivoBook,10th Gen,16.0,1024.0,Grey,1.56,Intel Core i3,,180390.98,,4.5
Acer,Inspiron,10th Gen,4.0,512.0,Blue,1.48,AMD Ryzen 5,287.32,147351.33,25.54,2.9
Acer,16,10th Gen,16.0,512.0,Blue,2.62,AMD Ryzen 5,992.88,71102.79,42.61,3.5
Dell,14,10th Gen,16.0,1024.0,Black,1.86,Intel Core i7,,197569.83,6.8,2.8
Lenovo,15,10th Gen,4.0,256.0,Black,1.51,Intel Core i7,528.43,174227.74,35.85,3.0
Dell,X1,13th Gen,32.0,256.0,Blue,2.31,AMD Ryzen 7,610.94,55538.06,,3.2
Dell,VivoBook,11th Gen,4.0,512.0,Black,2.0,Intel Core i7,445.61,105995.67,,2.6
Asus,X1,11th Gen,32.0,1024.0,Grey,1.73,Intel Core i3,,136094.03,6.41,3.0
Asus,15,10th Gen,4.0,512.0,White,2.36,AMD Ryzen 5,,165577.24,,4.5
Lenovo,16,11th Gen,8.0,512.0,Silver,1.42,AMD Ryzen 5,950.85,29464.21,29.95,4.7
Lenovo,Inspiron,10th Gen,32.0,512.0,White,1.22,AMD Ryzen 3,,105898.43,,4.4
Hp,16,10th Gen,8.0,512.0,Grey,2.37,,628.48,182776.87,,4.6
Dell,Inspiron,11th Gen,32.0,512.0,Black,2.43,AMD Ryzen 3,455.55,55491.4,38.55,2.8
Acer,16,12th Gen,12.0,512.0,Grey,2.44,AMD Ryzen 7,,137227.56,32.27,3.1
Hp,14,12th Gen,8.0,256.0,Blue,1.88,Intel Core i3,473.02,165239.97,12.56,3.8
Lenovo,Inspiron,11th Gen,32.0,512.0,Black,2.39,AMD Ryzen 3,,81366.06,,3.2
Lenovo,15,11th Gen,4.0,256.0,Grey,1.45,AMD Ryzen 3,,187023.89,42.26,4.0
Lenovo,16,13th Gen,8.0,512.0,Blue,1.92,Intel Core i5,,193587.33,,4.5
Acer,15,10th Gen,32.0,512.0,Silver,1.63,AMD Ryzen 3,959.39,168366.38,,4.4
Hp,14,12th Gen,8.0,256.0,Silver,1.27,AMD Ryzen 3,671.49,37508.08,,4.5
Asus,X1,13th Gen,16.0,256.0,Black,2.01,AMD Ryzen 7,,87291.18,,4.1
Dell,Inspiron,11th Gen,8.0,1024.0,White,1.98,Intel Core i7,,22389.13,,4.2
Asus,15,12th Gen,32.0,1024.0,Blue,2.13,Intel Core i7,,128304.23,47.65,4.3
Lenovo,14,12th Gen,16.0,512.0,Grey,1.34,AMD Ryzen 3,703.07,160201.44,,3.0
Acer,X1,13th Gen,32.0,1024.0,Grey,2.76,AMD Ryzen 5,,78457.09,7.56,2.8
Asus,VivoBook,12th Gen,12.0,256.0,Black,1.66,Intel Core i7,129.85,92119.86,,2.6
Lenovo,16,13th Gen,4.0,512.0,Black,2.22,AMD Ryzen 7,524.36,143262.75,21.92,3.3
Dell,X1,10th Gen,32.0,256.0,Grey,1.76,AMD Ryzen 3,428.03,189750.97,,4.4
Lenovo,14,10th Gen,12.0,256.0,Blue,,AMD Ryzen 7,,174228.32,,4.1
Hp,16,12th Gen,16.0,256.0,Grey,1.34,Intel Core i7,,105995.28,,3.0
Lenovo,16,13th Gen,4.0,1024.0,Silver,1.88,AMD Ryzen 7,,195110.12,30.08,3.6
Acer,15,11th Gen,4.0,1024.0,White,2.02,Intel Core i3,,33265.8,41.28,2.5
Asus,Inspiron,10th Gen,4.0,256.0,Blue,1.21,AMD Ryzen 5,,21684.5,5.36,4.7
Asus,VivoBook,10th Gen,16.0,512.0,Blue,2.46,AMD Ryzen 7,,34736.8,48.04,3.3
Hp,Inspiron,11th Gen,4.0,256.0,White,2.83,AMD Ryzen 5,936.86,157277.91,48.93,4.9
Asus,16,10th Gen,16.0,1024.0,Black,1.31,Intel Core i3,,115980.82,,2.7
Hp,X1,13th Gen,32.0,256.0,Black,2.18,Intel Core i5,918.36,37304.31,14.15,3.8
Dell,X1,10th Gen,16.0,512.0,Silver,2.87,Intel Core i7,,185174.53,38.18,3.6
Acer,14,11th Gen,8.0,1024.0,Silver,1.37,AMD Ryzen 5,387.96,181885.62,19.94,3.5
Lenovo,14,12th Gen,32.0,512.0,Silver,1.52,AMD Ryzen 7,,135373.11,,4.2
Acer,X1,11th Gen,16.0,1024.0,White,1.63,Intel Core i7,894.94,69978.86,43.09,3.0
Hp,X1,10th Gen,4.0,1024.0,Silver,2.48,Intel Core i5,483.86,53721.92,34.75,4.1
Acer,16,12th Gen,32.0,256.0,Blue,2.13,Intel Core i5,,85423.04,,4.6
Acer,X1,10th Gen,4.0,256.0,Grey,2.02,AMD Ryzen 7,668.75,199853.49,15.79,4.8
Hp,VivoBook,11th Gen,12.0,256.0,Blue,2.15,AMD Ryzen 5,,121588.81,,4.2
Acer,16,12th Gen,32.0,512.0,Grey,1.28,AMD Ryzen 5,,27594.05,,3.0
Acer,16,11th Gen,12.0,512.0,Blue,2.04,AMD Ryzen 7,,145455.88,21.2,3.8
Acer,Inspiron,13th Gen,12.0,1024.0,Grey,2.05,Intel Core i3,,131314.28,,4.8
Acer,14,11th Gen,4.0,256.0,Black,1.97,AMD Ryzen 7,773.63,113984.21,27.1,3.3
Acer,X1,10th Gen,32.0,256.0,Blue,1.97,AMD Ryzen 5,849.73,131293.1,24.69,2.6
Hp,VivoBook,11th Gen,8.0,1024.0,White,2.03,Intel Core i5,701.78,110909.93,34.1,3.1
Dell,VivoBook,13th Gen,16.0,512.0,White,1.91,AMD Ryzen 3,928.21,183145.96,,4.6
Asus,X1,13th Gen,4.0,512.0,Blue,1.61,AMD Ryzen 7,560.21,177064.58,,4.2
Dell,15,12th Gen,4.0,1024.0,Black,2.31,Intel Core i7,,125180.13,3.6,4.8
Hp,16,12th Gen,32.0,1024.0,Grey,1.65,Intel Core i7,114.72,122290.96,,4.1
Asus,Inspiron,10th Gen,32.0,512.0,Silver,2.2,Intel Core i3,,184118.73,,3.9
Asus,VivoBook,12th Gen,32.0,256.0,Black,2.68,AMD Ryzen 3,,160935.03,,3.7
Dell,15,12th Gen,4.0,256.0,Blue,2.05,Intel Core i5,,189490.11,,2.6
Asus,14,10th Gen,32.0,1024.0,Silver,1.95,Intel Core i5,740.19,78473.95,,3.0
Dell,15,13th Gen,32.0,1024.0,Blue,2.85,Intel Core i7,405.36,158713.3,39.48,2.9
Asus,Inspiron,12th Gen,16.0,512.0,White,1.28,AMD Ryzen 5,,106070.86,39.5,4.9
Acer,15,10th Gen,8.0,512.0,Blue,2.72,AMD Ryzen 5,,101436.74,38.43,4.5
Asus,VivoBook,13th Gen,12.0,256.0,Silver,1.98,Intel Core i3,,65794.87,30.33,4.1
Acer,Inspiron,13th Gen,8.0,256.0,Black,2.09,AMD Ryzen 7,943.01,69906.8,13.55,4.8
Dell,VivoBook,11th Gen,32.0,1024.0,Silver,1.79,AMD Ryzen 3,830.41,23805.05,15.59,3.9
Lenovo,15,10th Gen,8.0,256.0,Blue,2.82,AMD Ryzen 5,,146469.81,0.51,4.0
Lenovo,X1,11th Gen,8.0,1024.0,White,2.08,AMD Ryzen 5,453.99,98932.82,46.96,4.0
Acer,X1,10th Gen,32.0,512.0,Black,2.41,AMD Ryzen 3,,70512.08,,3.0
Dell,Inspiron,13th Gen,8.0,256.0,Black,2.73,Intel Core i5,542.31,102274.3,47.59,4.3
Dell,14,11th Gen,4.0,1024.0,Black,1.44,Intel Core i3,607.41,49152.85,17.56,3.1
Asus,Inspiron,13th Gen,12.0,1024.0,Blue,1.85,Intel Core i3,,189320.0,,3.2
Dell,14,10th Gen,16.0,1024.0,Grey,2.89,AMD Ryzen 3,,163578.08,,4.3
Lenovo,X1,10th Gen,,512.0,White,2.03,AMD Ryzen 7,723.07,20222.16,,3.6
Lenovo,X1,10th Gen,32.0,1024.0,Grey,2.31,AMD Ryzen 5,,169877.84,,3.4
Lenovo,Inspiron,13th Gen,12.0,1024.0,White,2.06,Intel Core i7,837.68,36911.58,,3.7
Lenovo,14,13th Gen,8.0,256.0,White,2.14,AMD Ryzen 5,,188337.39,10.58,4.2
Acer,15,13th Gen,8.0,1024.0,Black,1.46,Intel Core i3,,31200.93,,3.9
Hp,VivoBook,12th Gen,32.0,256.0,Grey,2.99,Intel Core i5,,112483.93,,3.2
Hp,Inspiron,12th Gen,32.0,1024.0,Silver,2.73,Intel Core i5,878.34,128925.26,28.14,3.0
Hp,14,10th Gen,8.0,1024.0,Blue,2.02,AMD Ryzen 3,708.04,171183.4,,4.3
Asus,14,11th Gen,4.0,1024.0,White,2.16,AMD Ryzen 5,450.29,130153.4,26.39,4.2
Dell,15,10th Gen,8.0,512.0,Blue,2.98,AMD Ryzen 5,167.52,43654.05,,2.9
Asus,16,12th Gen,12.0,1024.0,White,2.99,AMD Ryzen 3,824.63,143092.38,,3.2
Acer,15,12th Gen,12.0,1024.0,Silver,1.32,AMD Ryzen 7,,146036.3,,4.6
Acer,14,10th Gen,12.0,1024.0,Grey,1.86,Intel Core i3,,90787.56,27.68,4.3
Dell,Inspiron,11th Gen,16.0,1024.0,White,2.3,AMD Ryzen 5,,178691.0,,3.1
Asus,16,11th Gen,4.0,512.0,Silver,2.9,Intel Core i7,200.4,48323.92,26.21,4.9
Asus,14,11th Gen,12.0,512.0,White,2.37,Intel Core i5,,129350.94,18.85,2.8
Acer,X1,11th Gen,4.0,1024.0,Blue,2.57,AMD Ryzen 7,688.47,121412.32,42.62,4.4
Dell,Inspiron,11th Gen,16.0,1024.0,White,2.81,AMD Ryzen 3,571.37,129023.06,,4.3
Hp,VivoBook,13th Gen,16.0,256.0,Grey,1.59,Intel Core i5,,125199.63,7.29,3.0
Asus,16,13th Gen,16.0,1024.0,Blue,2.53,AMD Ryzen 3,,101397.64,,4.8
Dell,14,10th Gen,12.0,512.0,White,2.24,AMD Ryzen 7,130.2,181595.47,25.37,4.3
Lenovo,14,10th Gen,16.0,512.0,Black,2.84,Intel Core i5,181.5,55576.12,43.83,2.8
Asus,14,11th Gen,4.0,512.0,Silver,1.39,AMD Ryzen 7,107.22,86354.42,22.3,5.0
Lenovo,14,10th Gen,32.0,1024.0,Blue,2.9,Intel Core i7,,76095.18,49.08,4.6
Lenovo,14,11th Gen,4.0,1024.0,Grey,2.56,Intel Core i5,,184799.89,36.31,2.7
Asus,15,13th Gen,12.0,1024.0,Grey,1.82,Intel Core i5,809.15,40137.0,41.2,3.8
Dell,VivoBook,13th Gen,16.0,512.0,White,1.66,Intel Core i3,335.42,108504.69,,4.9
Asus,14,11th Gen,4.0,1024.0,Silver,2.7,Intel Core i7,942.62,183950.12,31.32,3.9
Hp,X1,13th Gen,8.0,512.0,Blue,2.61,AMD Ryzen 3,,111801.24,16.55,3.9
Asus,Inspiron,12th Gen,12.0,512.0,Grey,2.95,Intel Core i7,653.39,121240.39,,3.7
Dell,15,10th Gen,32.0,1024.0,Blue,2.66,Intel Core i7,902.07,173441.6,,3.6
Dell,16,13th Gen,32.0,256.0,Grey,2.04,AMD Ryzen 3,308.24,183246.17,4.57,4.0
Asus,Inspiron,13th Gen,32.0,256.0,Blue,1.58,Intel Core i3,,153798.02,24.46,2.5
Hp,X1,12th Gen,16.0,1024.0,Silver,2.78,AMD Ryzen 3,,25111.21,,3.2
Hp,X1,10th Gen,4.0,256.0,Silver,2.55,AMD Ryzen 5,386.31,177656.95,30.36,3.8
Dell,14,10th Gen,16.0,1024.0,Blue,2.34,Intel Core i3,,66443.85,,4.7
Dell,16,10th Gen,32.0,256.0,White,1.53,Intel Core i7,227.03,89691.39,,4.9
Lenovo,14,11th Gen,12.0,256.0,Grey,2.37,AMD Ryzen 5,970.67,52235.33,,3.0
Lenovo,14,13th Gen,8.0,1024.0,Blue,2.09,Intel Core i5,,183516.84,,4.9
Asus,16,10th Gen,16.0,512.0,White,2.53,Intel Core i7,,95945.86,49.17,3.5
Dell,15,12th Gen,16.0,512.0,Blue,2.68,Intel Core i5,291.44,133878.19,1.31,4.2
Hp,14,10th Gen,12.0,512.0,Black,2.33,AMD Ryzen 3,,198666.68,35.31,4.5
Lenovo,15,13th Gen,12.0,512.0,Black,2.08,Intel Core i7,447.22,150225.06,49.43,3.4
Hp,16,10th Gen,12.0,1024.0,Black,2.98,Intel Core i3,314.54,107349.81,,3.1
Acer,15,10th Gen,16.0,256.0,Grey,2.86,Intel Core i7,594.65,183888.84,,4.1
Lenovo,VivoBook,12th Gen,32.0,512.0,Black,2.1,Intel Core i3,333.41,147538.86,21.14,4.6
Hp,15,10th Gen,8.0,1024.0,Grey,1.62,Intel Core i5,,130758.01,22.19,2.9
Lenovo,Inspiron,12th Gen,16.0,1024.0,Grey,1.95,AMD Ryzen 5,667.84,99257.55,3.51,5.0
Hp,Inspiron,11th Gen,8.0,512.0,Silver,1.26,Intel Core i5,,194865.48,,3.7
Hp,X1,10th Gen,8.0,256.0,Black,2.45,Intel Core i5,,137226.28,,4.3
Acer,15,12th Gen,8.0,1024.0,Silver,2.42,Intel Core i5,346.7,141254.6,,2.8
Acer,15,13th Gen,8.0,1024.0,Black,2.51,AMD Ryzen 5,,97545.91,,2.9
Dell,16,13th Gen,12.0,256.0,Blue,1.33,Intel Core i5,,199513.38,,5.0
Dell,16,10th Gen,12.0,512.0,White,2.46,Intel Core i3,483.44,58827.53,,2.9
Hp,Inspiron,13th Gen,4.0,512.0,Silver,1.39,AMD Ryzen 5,980.59,74616.89,,3.8
Dell,16,10th Gen,12.0,256.0,White,2.36,AMD Ryzen 7,536.93,196876.5,,3.7
Asus,Inspiron,12th Gen,32.0,512.0,White,1.91,Intel Core i3,,101971.74,34.27,4.7
Dell,14,11th Gen,12.0,256.0,Blue,1.87,Intel Core i7,,129646.96,41.25,4.7
Lenovo,X1,10th Gen,4.0,1024.0,White,1.99,AMD Ryzen 3,,71671.35,19.78,4.4
Asus,14,11th Gen,8.0,512.0,Blue,2.97,Intel Core i7,,55600.35,28.12,3.1
Asus,Inspiron,13th Gen,16.0,1024.0,White,,Intel Core i5,,127112.18,,4.0
Lenovo,14,11th Gen,4.0,256.0,Blue,2.59,AMD Ryzen 3,,80002.45,6.07,4.9
Dell,Inspiron,12th Gen,32.0,1024.0,Silver,2.42,AMD Ryzen 7,,35092.74,14.1,3.9
Lenovo,VivoBook,12th Gen,32.0,256.0,White,2.96,AMD Ryzen 7,132.16,76788.98,45.48,3.2
Lenovo,Inspiron,10th Gen,4.0,256.0,Silver,1.71,Intel Core i7,,184711.3,,3.7
Lenovo,Inspiron,13th Gen,8.0,512.0,Grey,1.94,AMD Ryzen 7,,94919.83,,3.1
Dell,Inspiron,11th Gen,8.0,256.0,Silver,1.81,Intel Core i7,,164978.85,44.53,5.0
Asus,16,13th Gen,32.0,256.0,Black,2.12,Intel Core i3,725.41,62168.44,,4.5
Dell,X1,10th Gen,8.0,1024.0,Blue,2.54,AMD Ryzen 3,918.04,39653.57,31.98,4.8
Asus,14,13th Gen,12.0,512.0,White,1.74,Intel Core i7,,117603.44,,4.1
Hp,X1,10th Gen,8.0,256.0,Blue,2.76,Intel Core i3,,158610.28,,3.4
Lenovo,VivoBook,12th Gen,12.0,256.0,Black,1.22,AMD Ryzen 3,,138220.88,,3.8
Lenovo,14,13th Gen,8.0,1024.0,Black,2.14,AMD Ryzen 5,220.69,149352.33,,2.9
Acer,16,12th Gen,12.0,1024.0,Black,1.98,Intel Core i3,181.34,104458.29,30.31,3.7
Lenovo,16,12th Gen,8.0,1024.0,Black,2.84,Intel Core i5,121.98,53019.95,33.02,2.6
Hp,14,11th Gen,16.0,1024.0,Black,2.99,Intel Core i3,,67071.28,,3.6
Asus,VivoBook,12th Gen,4.0,1024.0,White,2.89,AMD Ryzen 5,123.73,85551.56,38.9,3.1
Acer,16,12th Gen,8.0,512.0,Grey,1.5,AMD Ryzen 5,,150624.87,11.9,4.7
Hp,VivoBook,10th Gen,12.0,512.0,Blue,2.78,AMD Ryzen 3,,140010.81,33.12,4.6
Lenovo,14,10th Gen,16.0,256.0,Grey,2.21,AMD Ryzen 3,,61636.02,19.16,4.2
Lenovo,Inspiron,11th Gen,32.0,256.0,Black,2.12,Intel Core i7,,146542.84,,4.5
Dell,14,10th Gen,4.0,512.0,Silver,1.51,AMD Ryzen 5,,110110.88,33.4,2.7
Lenovo,14,12th Gen,4.0,1024.0,Blue,2.79,Intel Core i5,,176533.85,3.47,4.5
Asus,16,13th Gen,32.0,1024.0,Blue,2.0,Intel Core i5,994.71,96555.07,42.89,4.3
Acer,X1,11th Gen,32.0,256.0,White,1.44,Intel Core i7,,184085.04,,2.6
Asus,VivoBook,11th Gen,4.0,1024.0,Silver,2.17,Intel Core i5,,142289.6,4.33,3.4
Lenovo,16,13th Gen,16.0,256.0,Grey,2.28,AMD Ryzen 5,,180107.23,,2.9
Lenovo,VivoBook,11th Gen,4.0,256.0,Silver,2.29,Intel Core i5,260.95,23892.22,,4.8
Asus,15,11th Gen,4.0,1024.0,Blue,1.27,Intel Core i5,,95775.51,,4.2
Hp,16,10th Gen,12.0,512.0,Blue,2.59,AMD Ryzen 3,366.0,143432.38,46.52,4.2
Lenovo,15,10th Gen,12.0,512.0,Grey,2.49,Intel Core i5,,186557.18,15.83,3.1
Acer,Inspiron,11th Gen,8.0,512.0,White,2.96,AMD Ryzen 5,474.92,147764.51,40.71,3.4
Dell,X1,10th Gen,32.0,512.0,Silver,2.92,AMD Ryzen 3,,154195.0,,2.7
Dell,14,10th Gen,32.0,512.0,White,1.24,AMD Ryzen 3,489.79,89886.4,,4.7
Asus,X1,12th Gen,16.0,1024.0,White,1.84,Intel Core i3,,52900.66,,4.7
Dell,X1,10th Gen,4.0,512.0,Blue,2.58,AMD Ryzen 5,478.95,95696.74,9.1,2.7
Asus,15,11th Gen,8.0,256.0,Grey,,Intel Core i5,,94755.84,14.55,2.6
Hp,15,12th Gen,16.0,512.0,Grey,2.98,Intel Core i3,,92939.2,26.92,4.8
Lenovo,VivoBook,12th Gen,16.0,512.0,Grey,2.39,AMD Ryzen 3,313.33,48072.37,47.43,3.2
Asus,Inspiron,12th Gen,12.0,1024.0,Blue,2.99,Intel Core i7,599.08,92174.37,,4.6
Asus,14,10th Gen,16.0,1024.0,Blue,1.89,AMD Ryzen 3,,65886.61,,3.6
Hp,14,11th Gen,16.0,512.0,Grey,1.56,AMD Ryzen 5,286.52,69206.93,,4.0
Asus,X1,11th Gen,32.0,256.0,White,2.04,Intel Core i3,,170768.52,,4.3
Asus,X1,10th Gen,12.0,512.0,Black,2.63,AMD Ryzen 3,,132335.44,,3.1
Acer,Inspiron,12th Gen,8.0,256.0,White,2.24,AMD Ryzen 7,,171983.58,,3.9
Lenovo,15,10th Gen,12.0,256.0,White,1.28,Intel Core i7,,186233.0,,4.5
Lenovo,14,12th Gen,32.0,1024.0,White,2.39,AMD Ryzen 5,,26237.51,35.94,4.8
Hp,14,12th Gen,12.0,1024.0,Silver,2.26,AMD Ryzen 7,,82280.83,,3.4
Lenovo,X1,10th Gen,4.0,512.0,Black,2.39,AMD Ryzen 7,,89929.95,,3.9
Dell,16,10th Gen,4.0,256.0,Blue,2.55,Intel Core i3,,123194.46,12.85,4.3
Asus,Inspiron,12th Gen,8.0,1024.0,Blue,2.76,Intel Core i5,201.19,93323.48,26.13,3.9
Acer,VivoBook,11th Gen,4.0,1024.0,Silver,1.33,AMD Ryzen 3,351.3,188041.92,20.9,4.1
Acer,15,11th Gen,12.0,1024.0,Silver,1.32,Intel Core i7,,61656.31,,3.8
Dell,Inspiron,11th Gen,32.0,256.0,Grey,2.37,AMD Ryzen 7,,104606.62,44.88,3.0
Asus,16,11th Gen,12.0,256.0,Blue,2.81,Intel Core i5,,27200.37,20.35,2.5
Lenovo,Inspiron,13th Gen,4.0,1024.0,Grey,2.02,AMD Ryzen 5,258.91,55257.64,,4.6
Hp,15,11th Gen,12.0,256.0,Blue,,Intel Core i7,,137615.16,19.64,3.2
Lenovo,Inspiron,13th Gen,8.0,512.0,Black,1.88,AMD Ryzen 3,642.83,66616.99,,2.7
Lenovo,X1,13th Gen,12.0,1024.0,White,2.68,AMD Ryzen 3,,20534.62,,4.0
Dell,14,12th Gen,32.0,512.0,Blue,1.82,Intel Core i7,,57918.15,10.12,4.5
Hp,15,13th Gen,8.0,512.0,Grey,1.33,AMD Ryzen 5,104.02,114710.26,,2.7
Hp,VivoBook,12th Gen,32.0,512.0,White,1.85,AMD Ryzen 5,403.41,152260.68,,3.8
Asus,16,13th Gen,16.0,1024.0,Grey,1.78,AMD Ryzen 3,927.33,133184.57,33.24,2.7
Hp,16,12th Gen,8.0,256.0,Blue,2.27,Intel Core i5,892.43,113231.9,10.88,2.5
Dell,Inspiron,10th Gen,32.0,512.0,White,1.27,AMD Ryzen 7,,143520.89,20.64,4.0
Dell,Inspiron,13th Gen,32.0,1024.0,Silver,1.24,Intel Core i3,,88346.22,,3.7
Dell,16,11th Gen,8.0,512.0,Blue,2.88,Intel Core i7,,80773.59,24.56,2.7
Dell,16,11th Gen,4.0,256.0,White,1.63,Intel Core i7,582.33,130856.32,37.49,3.8
Lenovo,16,10th Gen,32.0,512.0,Grey,2.91,Intel Core i3,,38711.36,,4.1
Lenovo,X1,12th Gen,4.0,1024.0,Silver,2.55,AMD Ryzen 5,,141219.64,,4.5
Asus,VivoBook,12th Gen,16.0,512.0,Silver,1.52,Intel Core i7,363.35,107249.21,46.24,3.5
Lenovo,15,11th Gen,8.0,512.0,Blue,1.58,AMD Ryzen 3,285.14,130967.68,,4.8
Dell,X1,11th Gen,4.0,1024.0,Black,1.42,Intel Core i7,,120222.82,,5.0
Acer,16,12th Gen,4.0,1024.0,Silver,1.96,AMD Ryzen 3,962.8,45797.19,,4.6
Acer,Inspiron,12th Gen,4.0,256.0,Silver,1.9,Intel Core i7,,89173.55,,3.6
Dell,16,10th Gen,16.0,1024.0,White,2.86,AMD Ryzen 7,860.72,27530.9,,4.5
Hp,Inspiron,13th Gen,32.0,512.0,Black,2.62,AMD Ryzen 7,694.52,97624.14,,3.3
Lenovo,VivoBook,11th Gen,32.0,512.0,Blue,2.18,AMD Ryzen 7,,117145.55,1.8,2.9
Dell,14,10th Gen,4.0,512.0,Grey,1.89,Intel Core i5,,76433.0,41.49,3.2
Hp,Inspiron,13th Gen,8.0,512.0,White,2.73,Intel Core i3,,180483.77,41.65,2.9
Hp,15,12th Gen,12.0,512.0,Blue,2.59,Intel Core i7,858.46,182592.81,24.45,2.8
Asus,16,13th Gen,16.0,256.0,Black,2.14,Intel Core i3,,79863.33,14.69,4.3
Acer,15,11th Gen,8.0,1024.0,Blue,1.93,AMD Ryzen 3,,68918.96,,3.3
Asus,15,11th Gen,4.0,512.0,Blue,2.33,AMD Ryzen 5,655.87,119258.55,7.6,4.5
Dell,14,10th Gen,32.0,1024.0,Blue,1.35,AMD Ryzen 5,599.15,184375.79,,3.7
Dell,VivoBook,10th Gen,16.0,512.0,Black,1.49,AMD Ryzen 7,279.17,183332.28,19.14,3.1
Acer,15,13th Gen,12.0,512.0,Blue,1.53,AMD Ryzen 7,193.47,162809.4,18.59,4.2
Hp,VivoBook,13th Gen,12.0,512.0,Grey,2.63,AMD Ryzen 7,,178596.63,27.61,4.9
Hp,VivoBook,13th Gen,16.0,1024.0,Blue,2.78,Intel Core i7,,174969.46,,4.7
Lenovo,15,11th Gen,4.0,256.0,Black,2.39,Intel Core i7,,97451.62,,5.0
Hp,15,13th Gen,8.0,256.0,Silver,2.53,AMD Ryzen 7,218.76,137474.62,0.46,4.3
Lenovo,VivoBook,12th Gen,4.0,1024.0,Grey,1.96,Intel Core i5,,44110.65,,4.3
Lenovo,X1,10th Gen,16.0,1024.0,Grey,1.23,Intel Core i3,,90905.76,48.35,3.9
Asus,Inspiron,11th Gen,16.0,512.0,White,2.59,Intel Core i5,,191792.91,4.09,4.5
Acer,14,11th Gen,4.0,512.0,Blue,1.96,Intel Core i5,104.93,64561.04,,2.8
Acer,VivoBook,11th Gen,8.0,512.0,Grey,1.25,AMD Ryzen 7,295.54,37722.45,15.37,3.0
Hp,Inspiron,10th Gen,16.0,1024.0,White,2.28,Intel Core i5,932.21,103504.27,11.33,4.6
Dell,VivoBook,10th Gen,12.0,256.0,Black,2.94,Intel Core i5,645.37,191262.05,,4.4
Lenovo,X1,10th Gen,12.0,1024.0,Blue,2.51,AMD Ryzen 7,765.33,108890.57,,4.8
Hp,Inspiron,13th Gen,16.0,256.0,Black,2.29,AMD Ryzen 7,,179115.49,,3.1
Hp,14,13th Gen,12.0,1024.0,Grey,2.61,Intel Core i3,,79105.49,43.95,4.5
Asus,X1,13th Gen,4.0,512.0,Black,2.2,Intel Core i3,,181421.59,43.42,2.9
Dell,16,11th Gen,16.0,256.0,Black,2.91,AMD Ryzen 3,865.87,59053.59,16.31,3.5
Asus,X1,12th Gen,8.0,256.0,White,1.37,Intel Core i3,765.33,54595.86,,3.4
Acer,X1,11th Gen,32.0,512.0,Blue,1.51,AMD Ryzen 5,949.71,173617.87,45.8,3.8
Asus,16,11th Gen,,512.0,Grey,2.0,AMD Ryzen 3,436.2,40449.96,,3.5
Asus,16,11th Gen,16.0,512.0,Black,2.48,Intel Core i5,,187157.0,,4.8
Hp,Inspiron,11th Gen,4.0,512.0,Black,2.13,AMD Ryzen 7,995.9,167603.25,0.34,3.9
Asus,VivoBook,12th Gen,12.0,256.0,Black,2.79,AMD Ryzen 3,,42464.2,28.47,4.3
Acer,X1,11th Gen,32.0,512.0,Grey,1.38,Intel Core i5,900.69,175196.48,,4.2
Asus,14,10th Gen,16.0,512.0,White,1.66,AMD Ryzen 5,,97756.74,18.8,4.1
Acer,16,10th Gen,12.0,256.0,White,1.77,AMD Ryzen 7,,72037.23,,4.9
Lenovo,X1,12th Gen,16.0,512.0,Blue,1.32,Intel Core i5,,192046.07,3.79,3.5
Acer,VivoBook,12th Gen,8.0,256.0,Black,2.68,AMD Ryzen 3,,74382.53,5.33,4.5
Asus,Inspiron,11th Gen,32.0,1024.0,White,1.74,Intel Core i3,,52176.15,20.52,4.2
Hp,VivoBook,11th Gen,12.0,256.0,Black,2.22,AMD Ryzen 5,466.78,164995.09,,4.1
Lenovo,Inspiron,12th Gen,8.0,512.0,Grey,1.34,AMD Ryzen 5,623.03,20905.81,,3.1
Dell,X1,10th Gen,16.0,1024.0,Blue,2.71,Intel Core i7,665.82,23886.36,48.03,3.0
Asus,16,11th Gen,8.0,512.0,Blue,1.81,Intel Core i3,154.1,74046.6,,3.0
Hp,16,10th Gen,8.0,256.0,Grey,2.91,Intel Core i5,,28923.88,,4.3
Asus,16,11th Gen,12.0,1024.0,Grey,2.21,Intel Core i3,,29001.52,13.93,4.9
Asus,14,11th Gen,4.0,512.0,White,1.93,AMD Ryzen 5,469.65,52670.66,0.17,4.2
Acer,X1,11th Gen,32.0,256.0,Grey,2.45,Intel Core i3,,140021.42,,4.4
Acer,Inspiron,13th Gen,8.0,1024.0,Grey,1.55,Intel Core i5,,42939.72,2.59,3.8
Lenovo,16,10th Gen,8.0,256.0,Blue,2.76,Intel Core i3,,38307.42,5.35,3.8
Hp,VivoBook,13th Gen,4.0,1024.0,White,2.3,Intel Core i5,456.55,172148.44,49.2,4.9
Hp,14,13th Gen,12.0,512.0,Grey,1.88,AMD Ryzen 5,177.03,44114.37,,3.0
Lenovo,VivoBook,12th Gen,8.0,512.0,Grey,1.79,AMD Ryzen 5,394.04,90647.1,,2.5
Acer,15,13th Gen,32.0,1024.0,White,2.01,Intel Core i5,,53754.1,,4.2
Dell,Inspiron,11th Gen,32.0,256.0,White,2.39,Intel Core i7,173.71,48739.77,16.72,2.6
Hp,16,10th Gen,8.0,256.0,White,1.33,AMD Ryzen 5,,94234.72,,4.8
Asus,16,12th Gen,4.0,256.0,Blue,2.63,AMD Ryzen 7,,56422.73,35.11,4.3
Hp,14,10th Gen,12.0,256.0,Black,2.47,Intel Core i7,,146935.44,16.72,4.2
Hp,VivoBook,10th Gen,32.0,256.0,Grey,2.24,AMD Ryzen 7,,185215.31,,4.2
Asus,16,12th Gen,16.0,512.0,Black,2.51,AMD Ryzen 3,,98728.06,4.27,2.9
Asus,VivoBook,10th Gen,8.0,512.0,Blue,1.95,AMD Ryzen 5,444.82,40637.0,1.27,4.5
Dell,14,11th Gen,32.0,1024.0,Silver,2.0,AMD Ryzen 5,748.9,143285.06,33.78,3.8
Lenovo,16,11th Gen,32.0,256.0,Grey,2.11,AMD Ryzen 3,,157270.05,33.96,2.8
Acer,Inspiron,10th Gen,8.0,256.0,White,2.71,AMD Ryzen 3,,72345.5,,4.3
Asus,Inspiron,12th Gen,16.0,512.0,Black,2.13,Intel Core i3,522.59,44749.71,14.79,2.9
Lenovo,15,11th Gen,16.0,256.0,Blue,2.56,Intel Core i5,,109954.66,,4.0
Acer,X1,13th Gen,32.0,256.0,Grey,2.89,Intel Core i5,,142221.94,24.09,3.6
Dell,VivoBook,12th Gen,4.0,256.0,White,1.71,Intel Core i3,367.56,67364.32,43.34,3.4
Asus,X1,13th Gen,16.0,256.0,Silver,1.82,AMD Ryzen 7,615.73,46424.09,,4.4
Acer,VivoBook,11th Gen,32.0,256.0,Black,2.07,Intel Core i3,,153992.5,,2.6
Dell,Inspiron,12th Gen,12.0,512.0,Black,1.39,AMD Ryzen 5,339.33,115748.19,47.64,2.7
Lenovo,Inspiron,13th Gen,12.0,256.0,Grey,2.0,Intel Core i5,536.22,64214.21,14.11,4.2
Dell,15,10th Gen,32.0,512.0,Grey,2.6,AMD Ryzen 3,134.27,82271.64,,4.5
Dell,Inspiron,12th Gen,4.0,1024.0,Grey,2.44,Intel Core i7,666.77,69541.58,23.46,4.2
Asus,16,11th Gen,4.0,1024.0,Grey,2.65,Intel Core i3,,89489.16,,4.4
Hp,VivoBook,12th Gen,12.0,256.0,Black,3.0,Intel Core i5,,47399.31,,3.5
Lenovo,VivoBook,10th Gen,4.0,1024.0,Black,1.58,Intel Core i7,,92548.43,12.44,4.0
Acer,15,11th Gen,4.0,256.0,White,2.2,Intel Core i5,,195334.36,18.5,2.5
Asus,16,10th Gen,8.0,256.0,Grey,2.57,AMD Ryzen 3,962.26,170567.21,34.17,4.5
Acer,Inspiron,10th Gen,12.0,256.0,Silver,1.83,AMD Ryzen 5,,69976.84,,2.8
Hp,16,12th Gen,32.0,512.0,Grey,1.67,Intel Core i3,,140437.66,24.92,2.7
Acer,X1,10th Gen,12.0,1024.0,White,1.78,Intel Core i3,,193061.68,20.96,2.5
Dell,15,13th Gen,12.0,512.0,Blue,1.55,AMD Ryzen 7,332.38,20392.99,,2.6
Acer,X1,13th Gen,8.0,512.0,Blue,2.15,AMD Ryzen 3,163.65,180135.03,,5.0
Asus,Inspiron,11th Gen,12.0,256.0,White,2.42,Intel Core i7,317.62,171701.28,18.54,3.7
Hp,X1,13th Gen,4.0,1024.0,White,2.21,AMD Ryzen 5,314.48,182731.47,44.95,4.6
Lenovo,16,10th Gen,16.0,256.0,Silver,1.47,AMD Ryzen 5,335.08,93378.2,38.06,3.2
Acer,16,10th Gen,12.0,512.0,Silver,2.04,Intel Core i3,,109187.63,,3.4
Hp,14,11th Gen,16.0,512.0,White,2.96,Intel Core i7,269.7,32417.96,,4.5
Lenovo,16,11th Gen,16.0,256.0,Silver,1.62,AMD Ryzen 5,572.33,32497.52,,2.7
Acer,VivoBook,12th Gen,16.0,512.0,White,2.11,Intel Core i3,,58610.62,45.45,3.8
Acer,16,13th Gen,32.0,256.0,Grey,1.23,AMD Ryzen 7,,32019.22,37.66,4.7
Lenovo,X1,10th Gen,32.0,1024.0,Blue,1.41,AMD Ryzen 3,,83733.59,32.22,3.4
Dell,16,13th Gen,8.0,512.0,White,2.43,AMD Ryzen 3,,152856.92,,4.2
Lenovo,X1,11th Gen,4.0,512.0,Silver,1.71,AMD Ryzen 5,,90868.22,,4.7
Lenovo,16,12th Gen,8.0,256.0,Blue,2.91,AMD Ryzen 5,,70739.86,32.02,4.7
Acer,X1,10th Gen,32.0,256.0,Black,2.99,AMD Ryzen 7,,23001.89,,3.0
Lenovo,14,13th Gen,4.0,512.0,Blue,2.46,Intel Core i5,693.53,161675.16,7.4,2.9
Dell,Inspiron,10th Gen,12.0,256.0,Silver,2.61,AMD Ryzen 3,,130150.5,46.62,3.0
Lenovo,14,13th Gen,32.0,512.0,Grey,1.34,Intel Core i7,,119428.54,,2.8
Dell,16,12th Gen,32.0,512.0,Black,2.16,Intel Core i5,873.65,53212.65,23.23,2.6
Acer,16,10th Gen,16.0,512.0,Blue,1.72,AMD Ryzen 5,142.16,91797.87,15.33,4.1
Lenovo,14,12th Gen,32.0,512.0,Silver,,AMD Ryzen 3,798.04,151246.6,15.12,4.1
Asus,X1,10th Gen,4.0,512.0,Grey,2.26,AMD Ryzen 5,,143338.53,,2.6
Hp,Inspiron,11th Gen,32.0,256.0,Black,2.46,Intel Core i7,997.98,174941.66,,2.5
Dell,X1,12th Gen,12.0,1024.0,Black,1.44,Intel Core i7,696.67,84856.45,,4.5
Acer,14,13th Gen,8.0,,Silver,2.52,AMD Ryzen 3,,29005.35,,5.0
Dell,15,13th Gen,4.0,1024.0,Blue,1.26,AMD Ryzen 5,,169624.37,1.41,2.9
Lenovo,X1,11th Gen,16.0,1024.0,Blue,1.77,AMD Ryzen 3,,56674.46,,2.6
Asus,14,10th Gen,12.0,512.0,Black,2.58,Intel Core i5,,155196.24,,2.7
Dell,16,10th Gen,8.0,512.0,Silver,1.48,AMD Ryzen 3,942.49,118396.07,,4.4
Lenovo,Inspiron,11th Gen,32.0,256.0,Black,1.67,AMD Ryzen 3,,26248.06,45.25,3.2
Lenovo,X1,10th Gen,4.0,512.0,Black,1.88,Intel Core i3,744.97,80484.19,,2.8
Dell,15,11th Gen,12.0,256.0,Grey,2.24,Intel Core i7,,130039.48,1.29,3.6
Acer,15,13th Gen,8.0,256.0,White,1.54,AMD Ryzen 7,,161245.89,,3.1
Acer,14,11th Gen,8.0,1024.0,Grey,2.01,Intel Core i5,486.12,69978.58,1.85,2.9
Dell,16,10th Gen,32.0,512.0,Black,1.49,AMD Ryzen 7,,66933.78,17.84,2.7
Asus,X1,11th Gen,4.0,512.0,Black,1.49,AMD Ryzen 3,,44536.36,47.97,2.8
Hp,Inspiron,11th Gen,4.0,512.0,Black,2.2,Intel Core i3,,58717.19,,2.9
Asus,X1,12th Gen,32.0,256.0,Blue,1.5,Intel Core i3,,188271.24,5.33,4.8
Hp,14,12th Gen,12.0,256.0,Blue,1.59,AMD Ryzen 7,508.43,121384.52,42.99,4.6
Lenovo,15,13th Gen,16.0,1024.0,Blue,1.37,AMD Ryzen 7,,147476.45,,2.7
Lenovo,X1,13th Gen,12.0,512.0,Black,2.77,Intel Core i7,,64076.02,,4.2
Hp,14,13th Gen,32.0,1024.0,Grey,2.77,AMD Ryzen 7,885.81,152150.27,37.16,4.0
Hp,X1,11th Gen,32.0,256.0,White,2.76,AMD Ryzen 5,,159278.06,,2.6
Dell,15,10th Gen,16.0,1024.0,Grey,1.2,Intel Core i5,,160717.85,,4.1
Dell,14,10th Gen,32.0,1024.0,Blue,1.71,Intel Core i5,,145555.52,,4.5
Dell,15,13th Gen,8.0,256.0,Black,2.05,Intel Core i5,,114536.29,,4.1
Lenovo,15,13th Gen,12.0,512.0,Silver,2.95,Intel Core i5,657.86,80312.87,,4.3
Asus,14,10th Gen,4.0,512.0,Black,2.9,Intel Core i7,,180377.32,,4.1
Acer,14,12th Gen,12.0,1024.0,Silver,1.94,AMD Ryzen 3,262.49,156967.15,,3.3
Acer,16,10th Gen,16.0,1024.0,Black,1.93,AMD Ryzen 7,,49680.16,,3.6
Hp,14,13th Gen,16.0,256.0,Blue,2.11,Intel Core i7,921.12,31252.08,,4.1
Hp,14,11th Gen,8.0,256.0,Black,1.96,Intel Core i5,,128774.36,11.99,4.2
Acer,15,12th Gen,,1024.0,White,2.81,Intel Core i7,,34966.63,,4.4
Acer,15,12th Gen,8.0,1024.0,White,1.68,AMD Ryzen 3,905.81,149783.5,4.5,3.9
Lenovo,15,12th Gen,32.0,256.0,Black,1.99,Intel Core i5,,75298.08,,3.8
Dell,VivoBook,10th Gen,32.0,256.0,White,3.0,Intel Core i3,,136496.87,35.03,2.7
Dell,VivoBook,12th Gen,8.0,512.0,Silver,2.44,Intel Core i3,476.29,112913.54,32.39,2.8
Asus,14,11th Gen,12.0,1024.0,Grey,2.57,AMD Ryzen 7,645.8,22936.29,,3.9
Lenovo,14,13th Gen,16.0,512.0,Black,2.1,AMD Ryzen 7,,159941.44,47.56,5.0
Asus,15,12th Gen,4.0,256.0,Silver,1.27,AMD Ryzen 5,,123175.82,31.22,4.1
Acer,14,13th Gen,8.0,256.0,Silver,1.67,AMD Ryzen 5,115.87,56534.15,,3.4
Lenovo,15,13th Gen,16.0,1024.0,White,1.26,AMD Ryzen 5,580.41,168927.1,44.88,3.7
Lenovo,15,10th Gen,12.0,1024.0,Grey,1.58,AMD Ryzen 7,948.3,82548.6,,3.8
Asus,Inspiron,13th Gen,8.0,1024.0,Black,2.87,Intel Core i7,277.16,28423.87,16.63,4.0
Acer,16,10th Gen,,1024.0,White,2.63,AMD Ryzen 5,,97347.02,8.31,4.1
Acer,14,12th Gen,32.0,256.0,Silver,1.92,AMD Ryzen 3,696.43,143834.38,9.18,2.6
Lenovo,16,11th Gen,32.0,1024.0,Black,2.36,Intel Core i5,563.42,167436.73,42.25,2.8
Acer,X1,11th Gen,32.0,1024.0,Blue,2.09,AMD Ryzen 5,,53812.4,41.37,2.8
Asus,X1,10th Gen,4.0,256.0,Black,1.64,AMD Ryzen 5,,49022.76,,3.2
Acer,Inspiron,10th Gen,12.0,512.0,Silver,2.97,Intel Core i3,,84333.74,,3.0
Hp,15,10th Gen,16.0,512.0,Black,1.4,AMD Ryzen 5,751.84,30989.08,,2.8
Lenovo,Inspiron,13th Gen,8.0,512.0,Silver,2.93,Intel Core i5,,31171.8,0.1,4.1
Dell,VivoBook,13th Gen,16.0,256.0,Black,2.59,Intel Core i3,442.44,48181.55,,2.9
Acer,Inspiron,11th Gen,12.0,256.0,Silver,1.24,AMD Ryzen 5,755.83,173577.84,47.29,4.2
Asus,Inspiron,12th Gen,8.0,512.0,Grey,1.8,Intel Core i3,995.09,53600.27,,4.8
Hp,15,11th Gen,8.0,256.0,Blue,2.08,AMD Ryzen 5,,41491.96,15.1,3.8
Asus,X1,10th Gen,32.0,256.0,White,1.23,Intel Core i7,576.76,121470.74,,4.6
Asus,Inspiron,11th Gen,8.0,1024.0,Silver,2.31,Intel Core i7,813.31,123075.77,,3.3
Asus,14,12th Gen,12.0,256.0,Grey,2.72,Intel Core i3,137.29,42578.77,10.02,4.6
Dell,Inspiron,12th Gen,4.0,256.0,Black,2.6,Intel Core i5,263.36,41711.23,,3.4
Asus,14,13th Gen,16.0,256.0,Silver,2.83,Intel Core i7,926.3,111027.25,19.4,2.5
Asus,14,10th Gen,4.0,1024.0,Grey,1.62,AMD Ryzen 7,313.17,136453.56,19.29,3.6
Lenovo,X1,11th Gen,4.0,1024.0,White,2.56,Intel Core i5,169.13,158649.32,44.98,4.2
Hp,VivoBook,13th Gen,32.0,512.0,White,2.1,AMD Ryzen 7,,116017.27,,3.6
Asus,14,12th Gen,16.0,1024.0,Silver,2.7,Intel Core i5,,121356.93,39.0,4.7
Hp,16,11th Gen,8.0,256.0,Blue,1.31,AMD Ryzen 5,,59579.36,,3.3
Asus,16,10th Gen,4.0,512.0,Grey,2.55,Intel Core i7,455.54,190514.9,,4.3
Dell,14,12th Gen,16.0,256.0,White,2.85,AMD Ryzen 3,,125168.25,,4.1
Lenovo,16,11th Gen,8.0,256.0,Grey,2.84,Intel Core i3,,27145.38,45.33,4.8
Dell,Inspiron,11th Gen,16.0,512.0,Silver,2.45,Intel Core i5,,182087.67,8.06,2.7
Dell,Inspiron,12th Gen,16.0,1024.0,Grey,2.61,AMD Ryzen 3,842.95,175572.54,,3.5
Acer,VivoBook,10th Gen,4.0,1024.0,Black,2.69,AMD Ryzen 3,,132301.26,29.36,3.6
Lenovo,16,13th Gen,12.0,256.0,Blue,2.71,AMD Ryzen 3,,195853.88,13.15,4.7
Hp,Inspiron,13th Gen,12.0,512.0,White,2.42,Intel Core i7,386.27,102105.8,,4.6
Asus,X1,10th Gen,16.0,512.0,Blue,1.33,AMD Ryzen 5,450.63,199000.43,8.62,4.3
Acer,14,10th Gen,16.0,512.0,Silver,1.41,AMD Ryzen 3,,165517.76,,2.8
Hp,15,13th Gen,4.0,512.0,Blue,2.08,Intel Core i5,,42894.62,37.48,3.8
Asus,15,11th Gen,16.0,512.0,Black,2.3,Intel Core i3,,85392.94,34.93,3.8
Acer,X1,13th Gen,16.0,256.0,Silver,2.69,AMD Ryzen 3,844.62,126174.6,9.26,3.5
Acer,Inspiron,12th Gen,,256.0,Grey,2.4,Intel Core i5,,174017.39,26.52,2.8
Asus,14,12th Gen,16.0,1024.0,Silver,1.25,AMD Ryzen 5,509.33,139447.58,,2.5
Asus,15,12th Gen,8.0,512.0,Silver,2.34,Intel Core i5,961.62,145654.33,,4.1
Hp,Inspiron,13th Gen,12.0,1024.0,Silver,2.46,AMD Ryzen 7,,175893.12,,4.0
Lenovo,14,10th Gen,16.0,512.0,White,2.9,AMD Ryzen 5,605.85,87931.57,,3.1
Dell,16,10th Gen,4.0,1024.0,White,2.04,Intel Core i3,364.06,58853.04,1.66,3.6
Acer,16,13th Gen,32.0,512.0,Blue,1.56,AMD Ryzen 3,792.93,22868.32,,3.5
Asus,VivoBook,12th Gen,8.0,512.0,Silver,2.57,Intel Core i5,,52850.14,39.17,4.8
Lenovo,15,10th Gen,16.0,256.0,Blue,2.2,Intel Core i7,714.37,85773.89,30.01,2.8
Hp,VivoBook,11th Gen,4.0,256.0,Black,2.63,AMD Ryzen 5,,167574.85,10.51,2.6
Asus,X1,11th Gen,16.0,512.0,Grey,2.58,Intel Core i3,,42167.59,,2.8
Asus,14,11th Gen,4.0,1024.0,Grey,2.77,AMD Ryzen 3,,198213.03,41.28,3.7
Asus,15,11th Gen,16.0,512.0,White,2.08,Intel Core i5,597.21,148501.86,,4.5
Hp,14,12th Gen,4.0,256.0,White,1.96,AMD Ryzen 7,,75426.83,11.08,4.4
Asus,16,12th Gen,12.0,512.0,Black,1.61,Intel Core i5,866.51,37435.88,16.4,3.7
Acer,15,12th Gen,32.0,512.0,Blue,1.91,AMD Ryzen 7,917.47,140196.78,13.28,3.0
Hp,VivoBook,10th Gen,4.0,256.0,Silver,2.85,Intel Core i7,407.46,36709.36,38.52,3.1
Acer,15,10th Gen,8.0,512.0,Black,2.37,Intel Core i3,723.38,149883.47,18.72,4.7
Lenovo,VivoBook,10th Gen,32.0,512.0,White,1.24,Intel Core i5,258.78,25543.44,,4.1
Lenovo,X1,11th Gen,32.0,256.0,Black,1.55,AMD Ryzen 5,585.19,75908.08,42.04,3.2
Dell,Inspiron,10th Gen,12.0,1024.0,Grey,1.98,AMD Ryzen 5,281.55,112780.96,,4.6
Dell,VivoBook,10th Gen,8.0,512.0,Blue,2.26,Intel Core i3,302.53,168473.96,,4.5
Asus,16,13th Gen,8.0,512.0,Black,2.36,Intel Core i3,,99605.01,7.19,4.1
Hp,14,11th Gen,16.0,1024.0,White,2.81,Intel Core i7,,190070.69,41.5,4.8
Hp,Inspiron,13th Gen,32.0,256.0,Black,2.57,Intel Core i7,,61889.19,5.03,4.7
Lenovo,14,10th Gen,12.0,512.0,White,2.51,Intel Core i7,,115152.54,,2.5
Dell,14,10th Gen,32.0,256.0,Blue,1.86,AMD Ryzen 3,,170447.81,,4.2
Acer,16,12th Gen,16.0,512.0,Silver,2.9,Intel Core i5,,51882.17,21.62,4.1
Lenovo,15,11th Gen,4.0,256.0,Black,1.6,Intel Core i5,947.32,141376.68,12.15,2.6
Acer,Inspiron,13th Gen,32.0,256.0,Black,2.08,Intel Core i7,,124821.06,31.89,2.7
Acer,VivoBook,13th Gen,8.0,256.0,Silver,1.72,AMD Ryzen 3,,137738.65,19.45,4.0
Hp,X1,11th Gen,12.0,256.0,White,1.64,AMD Ryzen 3,683.77,59145.91,17.41,2.7
Hp,15,13th Gen,12.0,256.0,White,2.66,Intel Core i5,584.54,62596.88,,2.7
Lenovo,14,12th Gen,4.0,512.0,White,1.9,Intel Core i5,101.44,162267.89,,3.4
Lenovo,14,12th Gen,12.0,1024.0,Silver,2.54,AMD Ryzen 5,,92215.04,,3.5
Acer,VivoBook,10th Gen,16.0,256.0,Blue,2.8,Intel Core i7,318.1,133526.55,26.43,4.5
Hp,16,12th Gen,4.0,256.0,Silver,1.21,AMD Ryzen 3,,181919.97,,4.2
Acer,X1,12th Gen,32.0,256.0,Blue,1.59,AMD Ryzen 7,981.2,81951.27,6.72,4.2
Dell,16,10th Gen,4.0,1024.0,Black,2.67,Intel Core i3,291.22,167960.63,2.67,2.9
Dell,X1,10th Gen,32.0,512.0,White,2.78,AMD Ryzen 7,,129463.36,,2.8
Hp,14,13th Gen,4.0,1024.0,Grey,2.15,Intel Core i3,,120195.58,28.38,3.2
Lenovo,16,10th Gen,8.0,256.0,Grey,1.58,Intel Core i7,,52377.63,,4.3
Asus,Inspiron,10th Gen,4.0,256.0,Silver,2.82,Intel Core i3,727.62,180416.34,,3.4
Lenovo,14,13th Gen,12.0,256.0,Black,2.9,Intel Core i3,,124153.4,,4.1
Dell,15,10th Gen,32.0,1024.0,Blue,1.52,Intel Core i5,829.05,184832.29,,4.4
Lenovo,VivoBook,10th Gen,16.0,1024.0,White,2.41,AMD Ryzen 7,,59503.31,44.61,4.5
Acer,14,13th Gen,32.0,1024.0,Black,1.36,Intel Core i5,272.73,179469.36,,4.2
Hp,15,10th Gen,8.0,512.0,Grey,1.29,Intel Core i7,,27774.32,,4.0
Hp,X1,11th Gen,12.0,256.0,Blue,1.62,Intel Core i3,648.73,63647.28,,3.2
Lenovo,X1,10th Gen,12.0,512.0,Blue,1.82,Intel Core i7,435.54,184807.24,17.48,4.1
Dell,X1,13th Gen,12.0,512.0,Blue,2.12,AMD Ryzen 3,477.63,149177.02,17.38,3.4
Asus,Inspiron,12th Gen,16.0,256.0,Silver,2.12,Intel Core i5,924.76,165641.01,,2.9
Asus,16,12th Gen,16.0,1024.0,Blue,1.57,AMD Ryzen 7,,179196.6,41.51,4.6
Dell,14,13th Gen,12.0,256.0,White,2.9,AMD Ryzen 3,813.33,166756.59,,3.9
Asus,VivoBook,13th Gen,16.0,512.0,Grey,1.95,Intel Core i7,,73097.64,10.63,3.8
Lenovo,VivoBook,11th Gen,8.0,1024.0,Black,2.98,AMD Ryzen 3,457.6,56860.63,45.71,2.6
Acer,X1,13th Gen,12.0,512.0,Grey,2.25,AMD Ryzen 3,254.47,51748.37,38.15,2.6
Asus,Inspiron,12th Gen,32.0,512.0,Silver,2.99,Intel Core i7,108.06,134114.2,25.39,3.1
Asus,16,10th Gen,32.0,256.0,Black,2.86,Intel Core i5,,65315.63,33.59,3.5
Hp,14,11th Gen,16.0,256.0,White,2.57,Intel Core i3,361.29,177776.58,14.23,3.3
Asus,X1,13th Gen,4.0,1024.0,Black,2.58,Intel Core i7,902.49,126401.16,6.32,4.6
Lenovo,X1,12th Gen,16.0,512.0,Silver,1.25,Intel Core i3,619.82,89036.86,,4.5
Dell,VivoBook,11th Gen,32.0,512.0,Blue,2.22,AMD Ryzen 5,105.63,104419.24,,3.9
Asus,VivoBook,11th Gen,16.0,1024.0,White,1.75,Intel Core i3,657.58,187306.66,41.79,4.6
Hp,14,13th Gen,8.0,512.0,Blue,1.42,AMD Ryzen 7,311.1,92488.53,,2.6
Acer,14,10th Gen,8.0,512.0,Silver,2.47,Intel Core i3,,182677.48,37.02,4.0
Hp,X1,12th Gen,8.0,1024.0,Silver,2.44,AMD Ryzen 5,730.35,167887.97,,4.5
Hp,14,12th Gen,12.0,256.0,Blue,1.9,Intel Core i5,,154820.59,10.03,4.1
Hp,15,12th Gen,4.0,512.0,Blue,2.97,,,45140.14,34.66,2.8
Lenovo,14,11th Gen,32.0,256.0,Blue,1.28,AMD Ryzen 3,337.63,161122.83,,3.5
Acer,Inspiron,11th Gen,16.0,,Blue,1.94,Intel Core i3,223.63,153254.15,,3.1
Lenovo,15,11th Gen,8.0,1024.0,Grey,2.49,AMD Ryzen 5,,110698.78,48.79,4.8
Dell,16,11th Gen,8.0,256.0,Black,2.25,AMD Ryzen 3,,133761.42,,3.8
Asus,X1,10th Gen,8.0,256.0,Grey,2.68,AMD Ryzen 5,,64081.57,23.18,4.4
Dell,Inspiron,12th Gen,32.0,1024.0,Blue,1.49,AMD Ryzen 3,195.55,104186.5,,3.5
Hp,14,11th Gen,4.0,256.0,Blue,1.8,AMD Ryzen 5,393.54,96468.67,42.8,3.8
Acer,Inspiron,11th Gen,4.0,1024.0,Black,,AMD Ryzen 7,965.57,67638.14,33.05,3.0
Dell,X1,10th Gen,16.0,512.0,Silver,2.59,AMD Ryzen 5,,76555.21,,4.0
Acer,X1,10th Gen,8.0,256.0,Blue,2.64,AMD Ryzen 3,,51073.59,,5.0
Asus,Inspiron,13th Gen,4.0,512.0,Silver,1.81,Intel Core i5,,25563.47,,3.7
Asus,VivoBook,10th Gen,12.0,256.0,Grey,2.45,AMD Ryzen 7,455.15,196668.49,,3.4
Dell,X1,11th Gen,32.0,1024.0,Silver,2.09,Intel Core i5,,33779.85,24.51,3.7
Lenovo,16,12th Gen,8.0,1024.0,White,2.08,AMD Ryzen 5,285.27,77714.38,,3.1
Asus,Inspiron,11th Gen,16.0,1024.0,White,2.01,AMD Ryzen 5,947.23,90920.02,,3.0
Acer,VivoBook,12th Gen,8.0,1024.0,Black,1.48,AMD Ryzen 3,529.45,192348.31,9.01,4.6
Hp,X1,12th Gen,4.0,1024.0,White,1.33,Intel Core i7,,84606.74,2.14,3.0
Hp,Inspiron,10th Gen,4.0,256.0,Blue,2.92,Intel Core i5,,127040.04,0.93,3.1
Acer,15,12th Gen,4.0,256.0,Silver,1.65,Intel Core i5,,136774.03,44.97,3.3
Lenovo,X1,10th Gen,16.0,256.0,Blue,1.23,AMD Ryzen 5,598.09,122547.78,,4.0
Hp,14,13th Gen,12.0,512.0,Grey,1.57,AMD Ryzen 3,,106846.34,29.89,4.1
Hp,Inspiron,11th Gen,4.0,512.0,Blue,1.77,Intel Core i3,327.4,31620.27,,2.7
Lenovo,Inspiron,11th Gen,8.0,256.0,Grey,2.5,Intel Core i3,,84197.61,,2.8
Acer,14,13th Gen,32.0,1024.0,White,1.9,AMD Ryzen 3,,106196.99,,2.6
Asus,VivoBook,10th Gen,32.0,256.0,Blue,2.98,Intel Core i3,,92463.79,,3.2
Asus,14,12th Gen,4.0,256.0,Blue,2.49,Intel Core i7,361.93,65881.92,34.07,4.8
Asus,VivoBook,11th Gen,4.0,1024.0,Blue,2.92,Intel Core i5,,135239.35,5.27,2.9
Dell,Inspiron,10th Gen,4.0,256.0,Grey,1.22,Intel Core i5,647.87,49274.13,6.01,4.6
Lenovo,15,10th Gen,32.0,256.0,Grey,2.29,AMD Ryzen 3,844.46,101187.35,,4.1
Lenovo,15,11th Gen,12.0,256.0,Black,1.38,,,170742.83,,4.2
Lenovo,16,13th Gen,8.0,256.0,White,1.51,Intel Core i3,,95402.68,26.83,4.8
Lenovo,16,12th Gen,4.0,256.0,Silver,1.22,Intel Core i5,,39993.36,,4.2
Lenovo,14,11th Gen,12.0,1024.0,Silver,2.75,Intel Core i7,836.06,164221.12,12.6,2.7
Lenovo,VivoBook,13th Gen,12.0,1024.0,Silver,2.22,AMD Ryzen 3,,103158.49,,3.9
Asus,16,10th Gen,4.0,512.0,Silver,2.11,Intel Core i5,627.05,193315.26,,4.0
Asus,VivoBook,11th Gen,8.0,1024.0,Silver,,Intel Core i7,,189367.83,26.59,4.2
Asus,15,11th Gen,8.0,256.0,Silver,2.63,,944.13,28131.36,,3.0
Hp,14,13th Gen,4.0,256.0,Grey,2.55,AMD Ryzen 3,484.43,92896.68,28.56,2.7
Dell,16,13th Gen,8.0,1024.0,Blue,2.79,AMD Ryzen 3,521.09,129262.44,25.88,4.6
Lenovo,VivoBook,11th Gen,4.0,1024.0,White,1.59,Intel Core i7,181.14,117286.12,39.01,4.1
Hp,Inspiron,10th Gen,12.0,512.0,White,2.21,AMD Ryzen 5,,100271.02,33.07,2.9
Acer,Inspiron,13th Gen,32.0,1024.0,Black,2.58,AMD Ryzen 5,592.21,151077.56,,3.1
Lenovo,14,11th Gen,12.0,256.0,White,2.82,Intel Core i3,,25360.46,41.52,4.1
Hp,15,13th Gen,8.0,256.0,Black,1.44,AMD Ryzen 3,,101436.63,,4.8
Acer,Inspiron,13th Gen,16.0,512.0,Blue,2.18,AMD Ryzen 5,,77315.35,,4.3
Dell,Inspiron,12th Gen,32.0,1024.0,Black,2.89,Intel Core i5,442.63,181823.49,35.91,3.7
Asus,15,10th Gen,12.0,256.0,Silver,2.56,Intel Core i3,,111405.98,,3.5
Asus,14,12th Gen,16.0,1024.0,Silver,2.38,Intel Core i7,,57840.16,10.77,3.8
Lenovo,X1,11th Gen,12.0,256.0,White,1.31,Intel Core i3,909.05,91574.98,31.65,4.0
Acer,X1,12th Gen,12.0,1024.0,Blue,2.65,Intel Core i7,,139559.74,37.05,4.3
Lenovo,Inspiron,13th Gen,4.0,1024.0,White,2.38,AMD Ryzen 5,,40328.34,21.13,3.0
Acer,Inspiron,12th Gen,8.0,1024.0,Black,2.78,Intel Core i7,,99522.37,,3.9
Hp,14,12th Gen,8.0,512.0,White,1.41,Intel Core i3,,143306.44,48.41,4.2
Lenovo,Inspiron,11th Gen,32.0,1024.0,Grey,1.92,Intel Core i5,,156611.48,42.83,2.7
Asus,VivoBook,10th Gen,4.0,1024.0,White,1.76,AMD Ryzen 7,,28920.98,19.21,4.9
Dell,Inspiron,11th Gen,8.0,256.0,Silver,2.04,Intel Core i5,764.11,114148.69,24.06,2.7
Lenovo,14,12th Gen,16.0,1024.0,Silver,2.28,Intel Core i3,,105678.63,,2.6
Hp,15,11th Gen,32.0,256.0,Blue,2.13,Intel Core i3,,150705.45,,3.3
Asus,Inspiron,12th Gen,32.0,512.0,White,2.13,Intel Core i5,,88080.77,48.65,4.5
Asus,14,11th Gen,4.0,512.0,Grey,2.88,Intel Core i7,,132615.97,41.82,4.3
Lenovo,VivoBook,12th Gen,4.0,512.0,Black,1.25,AMD Ryzen 7,,137341.26,,2.7
Asus,14,10th Gen,8.0,256.0,Blue,2.82,Intel Core i3,277.15,74889.53,,3.1
Dell,Inspiron,12th Gen,12.0,1024.0,Blue,1.68,Intel Core i3,309.52,146572.96,,2.7
Dell,X1,12th Gen,4.0,512.0,Silver,1.64,AMD Ryzen 7,569.78,72586.97,,4.4
Hp,VivoBook,12th Gen,12.0,1024.0,Blue,2.88,AMD Ryzen 7,,80555.45,29.94,4.2
Acer,16,12th Gen,8.0,512.0,Silver,2.81,Intel Core i5,,148830.23,,3.5
Acer,15,12th Gen,16.0,512.0,Silver,2.6,AMD Ryzen 5,,82552.21,24.86,3.0
Acer,Inspiron,12th Gen,4.0,256.0,Black,2.87,AMD Ryzen 3,,149673.29,36.82,4.3
Asus,14,10th Gen,4.0,1024.0,Blue,2.84,AMD Ryzen 5,,113792.62,,3.7
Dell,VivoBook,12th Gen,4.0,1024.0,Silver,2.97,Intel Core i7,,174632.96,11.5,4.6
Acer,VivoBook,11th Gen,4.0,256.0,White,2.68,AMD Ryzen 7,229.51,164712.02,37.33,2.5
Dell,Inspiron,11th Gen,4.0,1024.0,Blue,2.46,AMD Ryzen 3,468.21,46075.38,,3.2
Dell,16,13th Gen,12.0,1024.0,Grey,2.08,AMD Ryzen 5,,80933.86,,3.5
Asus,15,13th Gen,4.0,1024.0,Black,2.1,AMD Ryzen 5,,48376.6,25.23,4.7
Asus,14,12th Gen,4.0,1024.0,Blue,1.42,Intel Core i3,,40839.85,42.29,4.9
Dell,15,12th Gen,32.0,1024.0,Blue,2.91,AMD Ryzen 7,,179360.41,,3.5
Hp,X1,10th Gen,4.0,256.0,Grey,2.38,AMD Ryzen 3,551.64,179259.86,2.56,3.2
Acer,15,13th Gen,32.0,1024.0,White,1.77,Intel Core i3,695.43,71292.31,,2.8
Dell,Inspiron,13th Gen,4.0,1024.0,Grey,2.22,Intel Core i3,,39959.51,,2.9
Asus,X1,13th Gen,16.0,1024.0,Blue,1.4,Intel Core i3,395.36,82339.94,,2.5
Hp,14,10th Gen,8.0,512.0,Black,1.69,Intel Core i7,878.9,53267.0,39.5,4.5
Lenovo,16,11th Gen,12.0,512.0,Silver,2.27,Intel Core i7,729.82,133766.19,,3.1
Acer,X1,10th Gen,8.0,512.0,Blue,1.94,Intel Core i3,414.54,65272.75,16.42,4.6
Asus,16,10th Gen,16.0,512.0,Grey,1.48,AMD Ryzen 5,,100707.57,,4.5
Asus,16,11th Gen,16.0,1024.0,Silver,2.66,Intel Core i3,,48512.01,,3.6
Acer,15,10th Gen,32.0,512.0,Silver,2.08,Intel Core i3,,141723.85,5.94,3.4
Acer,15,10th Gen,16.0,1024.0,Blue,1.22,Intel Core i7,,138786.82,27.94,3.5
Dell,VivoBook,10th Gen,32.0,1024.0,Blue,1.9,Intel Core i3,,96539.44,31.84,2.6
Lenovo,15,11th Gen,16.0,512.0,Black,2.15,Intel Core i3,455.85,180641.86,,3.2
Asus,14,10th Gen,32.0,1024.0,Blue,1.3,Intel Core i5,961.18,158555.62,,3.0
Dell,16,13th Gen,32.0,1024.0,Black,2.37,Intel Core i7,756.81,172863.76,,4.9
Acer,14,11th Gen,4.0,1024.0,White,2.8,AMD Ryzen 5,893.5,42497.04,27.21,4.8
Asus,VivoBook,11th Gen,16.0,1024.0,Silver,1.73,AMD Ryzen 5,915.65,90574.07,,4.2
Dell,16,12th Gen,8.0,512.0,Silver,2.46,Intel Core i7,657.78,177794.72,,2.6
Lenovo,14,13th Gen,32.0,512.0,White,2.52,AMD Ryzen 5,,165707.82,1.88,4.4
Asus,VivoBook,12th Gen,12.0,512.0,Silver,1.83,Intel Core i5,,199739.04,,2.6
Lenovo,14,13th Gen,32.0,256.0,Grey,1.77,AMD Ryzen 5,354.15,185875.19,,2.8
Acer,VivoBook,11th Gen,32.0,1024.0,Black,2.47,AMD Ryzen 5,996.66,141846.49,,3.2
Hp,15,12th Gen,12.0,256.0,Grey,1.78,AMD Ryzen 5,947.64,94444.55,,4.0
Hp,15,10th Gen,8.0,512.0,Blue,2.96,AMD Ryzen 7,131.85,121138.24,22.24,2.8
Hp,15,12th Gen,16.0,256.0,Grey,2.94,AMD Ryzen 3,848.84,102795.65,,5.0
Dell,X1,10th Gen,4.0,1024.0,Grey,1.89,Intel Core i3,955.5,136221.69,,4.3
Hp,VivoBook,10th Gen,12.0,1024.0,Black,1.3,Intel Core i5,,80095.52,,3.3
Asus,VivoBook,12th Gen,4.0,1024.0,Silver,1.49,AMD Ryzen 7,,43628.08,,4.8
Hp,X1,12th Gen,8.0,256.0,Silver,2.96,AMD Ryzen 5,352.24,141047.13,21.56,5.0
Dell,X1,13th Gen,16.0,256.0,Silver,1.22,AMD Ryzen 7,333.02,193012.7,4.02,4.0
Dell,16,10th Gen,12.0,1024.0,Silver,1.65,Intel Core i7,785.86,144116.93,,3.7
Lenovo,16,10th Gen,12.0,512.0,Black,2.73,AMD Ryzen 3,,132145.16,,4.6
Lenovo,16,13th Gen,32.0,256.0,Blue,2.95,AMD Ryzen 7,995.07,73969.46,,3.2
Lenovo,15,11th Gen,8.0,512.0,Blue,2.89,AMD Ryzen 5,168.0,42979.67,,3.2
Lenovo,VivoBook,11th Gen,4.0,256.0,White,2.67,AMD Ryzen 5,804.85,44555.14,46.08,3.2
Acer,15,10th Gen,8.0,1024.0,White,2.06,AMD Ryzen 3,,54061.07,48.86,4.4
Dell,16,12th Gen,12.0,256.0,Silver,1.97,AMD Ryzen 5,603.99,114036.84,,4.3
Lenovo,X1,10th Gen,12.0,512.0,White,2.11,Intel Core i3,,194897.72,26.46,3.2
Dell,14,12th Gen,12.0,1024.0,Blue,2.49,AMD Ryzen 3,,138027.29,,5.0
Lenovo,16,13th Gen,16.0,512.0,Silver,1.63,AMD Ryzen 3,,162774.52,,4.9
Dell,14,12th Gen,16.0,256.0,Black,2.16,AMD Ryzen 3,224.15,180307.3,29.29,4.5
Acer,14,12th Gen,8.0,512.0,Silver,2.46,AMD Ryzen 5,975.91,93296.97,3.86,2.7
Acer,Inspiron,12th Gen,32.0,1024.0,Silver,2.37,Intel Core i7,717.73,70199.76,,3.3
Asus,Inspiron,12th Gen,32.0,256.0,Black,2.06,AMD Ryzen 5,284.03,164640.8,,3.4
Dell,16,11th Gen,4.0,1024.0,Grey,1.69,Intel Core i7,577.78,114564.56,18.55,2.7
Acer,16,11th Gen,12.0,256.0,Grey,1.96,AMD Ryzen 5,,110925.91,,4.5
Dell,15,13th Gen,12.0,1024.0,White,1.29,AMD Ryzen 3,698.06,24455.42,27.25,2.9
Lenovo,Inspiron,13th Gen,12.0,256.0,Silver,2.08,AMD Ryzen 5,,149393.21,1.2,3.5
Asus,15,13th Gen,32.0,1024.0,Grey,2.99,AMD Ryzen 7,,138066.06,,4.6
Lenovo,14,13th Gen,32.0,512.0,Blue,2.95,Intel Core i3,,110301.44,16.12,2.9
Lenovo,Inspiron,11th Gen,8.0,512.0,White,2.46,Intel Core i3,171.29,137348.32,,4.8
Lenovo,Inspiron,10th Gen,4.0,1024.0,Black,1.54,Intel Core i7,887.4,131159.92,,4.9
Dell,VivoBook,13th Gen,8.0,512.0,White,2.61,Intel Core i5,469.56,67592.42,,4.2
Lenovo,VivoBook,13th Gen,12.0,1024.0,Black,1.87,AMD Ryzen 7,367.54,108485.84,33.89,3.8
Acer,VivoBook,12th Gen,12.0,512.0,Grey,2.68,AMD Ryzen 3,171.93,157308.81,,4.5
Asus,14,13th Gen,4.0,1024.0,Grey,1.91,AMD Ryzen 3,,128805.61,,3.5
Hp,14,13th Gen,4.0,1024.0,Black,1.49,Intel Core i3,736.72,99229.02,4.75,2.7
Asus,15,12th Gen,4.0,1024.0,Black,1.83,AMD Ryzen 3,,30849.2,,4.1
Lenovo,Inspiron,10th Gen,4.0,1024.0,Black,2.41,,711.2,169648.85,,2.7
Dell,Inspiron,10th Gen,16.0,512.0,Black,1.92,Intel Core i5,,44508.85,33.81,4.7
Dell,14,13th Gen,4.0,1024.0,Silver,1.6,AMD Ryzen 5,,77321.7,46.07,4.7
Acer,15,13th Gen,4.0,256.0,Black,2.4,AMD Ryzen 7,,84931.92,,3.3
Asus,VivoBook,12th Gen,4.0,512.0,White,1.24,Intel Core i3,,189443.62,45.81,2.6
Lenovo,15,11th Gen,16.0,256.0,White,1.93,Intel Core i3,554.34,127378.87,15.92,4.8
Dell,Inspiron,10th Gen,8.0,512.0,Grey,2.62,Intel Core i3,,25639.08,41.26,3.7
Acer,VivoBook,13th Gen,32.0,256.0,Blue,2.41,Intel Core i5,,36287.25,,2.7
Asus,16,11th Gen,8.0,512.0,Silver,1.42,AMD Ryzen 3,416.6,29982.93,36.35,4.8
Hp,Inspiron,11th Gen,8.0,256.0,Blue,1.5,Intel Core i7,887.23,47204.24,34.8,2.6
Dell,16,12th Gen,8.0,256.0,Black,2.6,Intel Core i3,,139535.62,,4.1
Hp,15,12th Gen,32.0,1024.0,Silver,2.22,Intel Core i3,589.52,65175.08,,4.7
Hp,14,13th Gen,4.0,256.0,Grey,2.56,AMD Ryzen 7,,181003.28,6.18,3.0
Dell,15,12th Gen,32.0,512.0,Black,2.91,AMD Ryzen 5,204.67,44382.17,47.01,4.1
Lenovo,14,10th Gen,16.0,1024.0,Blue,1.65,AMD Ryzen 7,,180657.88,4.89,2.9
Asus,Inspiron,10th Gen,12.0,256.0,Blue,1.31,Intel Core i3,,96300.05,,4.6
Hp,X1,12th Gen,4.0,256.0,Grey,2.94,Intel Core i7,,86453.3,,3.5
Acer,X1,10th Gen,16.0,1024.0,Black,2.55,Intel Core i7,984.51,149771.86,36.75,4.2
Asus,Inspiron,10th Gen,4.0,512.0,Black,2.47,AMD Ryzen 7,,172016.35,39.49,4.5
Hp,X1,11th Gen,12.0,256.0,Black,2.08,Intel Core i5,,170046.97,26.59,3.8
Dell,16,10th Gen,8.0,1024.0,Grey,2.68,Intel Core i7,105.85,140050.02,,4.6
Asus,16,10th Gen,16.0,512.0,White,1.28,AMD Ryzen 5,,101680.12,19.23,3.5
Acer,16,12th Gen,16.0,256.0,Grey,2.17,AMD Ryzen 3,245.49,104205.81,13.17,4.7
Acer,16,11th Gen,8.0,256.0,Grey,1.31,AMD Ryzen 7,867.4,93764.89,35.13,3.9
Asus,16,13th Gen,8.0,1024.0,Silver,2.13,Intel Core i5,,172726.8,,4.3
Dell,15,10th Gen,4.0,1024.0,Grey,2.12,Intel Core i7,,95508.79,,3.3
Hp,15,10th Gen,4.0,512.0,Blue,2.79,AMD Ryzen 3,146.34,181860.31,40.97,3.7
Hp,14,12th Gen,32.0,256.0,Blue,1.65,Intel Core i7,299.15,198276.79,,3.9
Dell,Inspiron,12th Gen,8.0,256.0,Grey,1.64,AMD Ryzen 7,,141729.79,,3.3
Dell,15,12th Gen,4.0,1024.0,White,1.35,AMD Ryzen 3,980.98,137843.55,13.56,4.1
Lenovo,VivoBook,12th Gen,32.0,512.0,White,1.67,Intel Core i5,983.36,51273.82,39.9,3.7
Hp,15,12th Gen,12.0,1024.0,White,1.36,AMD Ryzen 5,,30343.04,34.43,2.8
Asus,15,13th Gen,8.0,1024.0,White,2.63,Intel Core i5,997.54,144693.41,,2.8
Acer,VivoBook,11th Gen,12.0,1024.0,White,2.74,AMD Ryzen 5,303.29,195319.76,,4.5
Acer,VivoBook,11th Gen,16.0,256.0,Grey,2.95,Intel Core i7,112.4,149631.8,16.58,3.1
Hp,16,10th Gen,4.0,256.0,Blue,2.26,Intel Core i7,,192933.25,45.64,2.9
Dell,16,13th Gen,8.0,512.0,White,2.2,Intel Core i3,,125111.76,,4.6
Acer,Inspiron,12th Gen,4.0,512.0,Grey,2.64,Intel Core i3,,91302.84,32.82,3.1
Hp,15,13th Gen,12.0,1024.0,Grey,1.65,AMD Ryzen 7,,52452.98,,2.9
Hp,16,10th Gen,8.0,256.0,Silver,1.52,Intel Core i3,,112969.98,3.38,4.1
Dell,16,13th Gen,32.0,1024.0,Silver,2.99,AMD Ryzen 7,642.68,40192.58,24.54,3.6
Hp,VivoBook,13th Gen,4.0,512.0,Blue,2.68,Intel Core i3,718.82,20140.53,4.35,3.8
Dell,VivoBook,11th Gen,12.0,512.0,Blue,2.33,Intel Core i3,984.81,86689.8,5.35,4.6
Lenovo,Inspiron,12th Gen,32.0,512.0,Grey,2.69,Intel Core i5,,85987.32,39.66,3.6
Asus,VivoBook,13th Gen,12.0,512.0,Silver,2.33,Intel Core i3,881.64,23134.54,9.43,4.7
Hp,Inspiron,13th Gen,12.0,512.0,Blue,1.89,Intel Core i7,,99417.95,17.39,3.8
Acer,16,13th Gen,8.0,256.0,Silver,1.29,AMD Ryzen 3,326.79,147331.39,35.06,3.3
Acer,Inspiron,13th Gen,4.0,512.0,Black,1.74,Intel Core i7,,45907.09,0.92,4.9
Acer,VivoBook,11th Gen,4.0,256.0,Grey,1.98,Intel Core i5,,68702.24,,3.9
Acer,X1,12th Gen,8.0,256.0,Blue,2.08,Intel Core i7,,111245.11,38.92,3.3
Acer,X1,13th Gen,16.0,512.0,Silver,1.66,AMD Ryzen 3,186.92,53964.79,26.32,3.6
Lenovo,15,12th Gen,16.0,1024.0,Black,1.43,AMD Ryzen 5,,64155.68,11.63,3.6
Dell,X1,13th Gen,12.0,1024.0,Grey,2.8,AMD Ryzen 7,,108209.15,5.09,4.0
Hp,16,10th Gen,8.0,1024.0,Silver,2.18,AMD Ryzen 5,,42848.17,,4.7
Lenovo,15,11th Gen,32.0,512.0,Blue,2.26,AMD Ryzen 5,,102520.42,19.91,3.3
Lenovo,VivoBook,11th Gen,16.0,1024.0,Grey,1.83,AMD Ryzen 3,503.62,51605.22,47.24,3.6
Dell,15,11th Gen,16.0,512.0,Silver,1.31,Intel Core i7,246.63,180828.87,9.75,4.7
Dell,15,13th Gen,8.0,256.0,White,1.43,Intel Core i5,,97552.79,3.93,4.5
Lenovo,Inspiron,13th Gen,16.0,1024.0,Silver,1.82,Intel Core i7,327.45,44183.07,13.16,4.3
Lenovo,14,10th Gen,32.0,256.0,Black,2.6,AMD Ryzen 3,446.06,101579.26,31.15,4.1
Asus,X1,10th Gen,8.0,256.0,Black,2.82,AMD Ryzen 7,153.71,34410.93,23.99,2.5
Hp,VivoBook,11th Gen,12.0,1024.0,Black,1.39,AMD Ryzen 3,,78365.95,21.79,4.5
Lenovo,Inspiron,12th Gen,12.0,256.0,Blue,2.04,AMD Ryzen 7,290.54,183938.35,25.85,4.7
Acer,14,10th Gen,16.0,1024.0,Grey,2.28,Intel Core i3,,119380.57,16.81,3.8
Acer,15,12th Gen,32.0,512.0,Black,2.44,AMD Ryzen 5,802.75,41576.04,5.79,4.9
Dell,VivoBook,10th Gen,32.0,256.0,Blue,2.75,Intel Core i5,,184173.66,,2.7
Hp,14,10th Gen,12.0,512.0,Grey,1.56,AMD Ryzen 3,634.48,110964.31,40.56,4.2
Dell,14,11th Gen,16.0,512.0,Grey,1.76,AMD Ryzen 5,,83208.17,,4.3
Dell,14,12th Gen,4.0,1024.0,Blue,1.21,AMD Ryzen 3,732.3,123931.18,4.53,4.1
Acer,14,11th Gen,16.0,256.0,Black,1.52,AMD Ryzen 5,308.98,84717.43,,3.5
Dell,16,13th Gen,4.0,1024.0,Blue,2.68,Intel Core i7,218.26,22940.26,12.58,4.6
Acer,VivoBook,11th Gen,32.0,256.0,Silver,2.86,Intel Core i3,,60880.97,7.71,2.8
Acer,VivoBook,13th Gen,32.0,1024.0,Grey,1.99,AMD Ryzen 5,,150727.97,,4.8
Hp,15,11th Gen,32.0,1024.0,White,2.23,Intel Core i3,,22579.33,,4.2
Dell,Inspiron,10th Gen,4.0,1024.0,Black,2.4,AMD Ryzen 3,,169359.71,,4.2
Hp,X1,11th Gen,4.0,1024.0,Black,1.49,Intel Core i7,,54365.31,,2.9
Acer,15,11th Gen,16.0,1024.0,Grey,2.37,AMD Ryzen 3,271.39,169830.6,,5.0
Dell,14,12th Gen,16.0,512.0,Black,2.68,AMD Ryzen 7,,145854.62,27.22,3.0
Asus,16,11th Gen,16.0,512.0,Silver,1.91,AMD Ryzen 3,,178186.05,,4.7
Asus,X1,10th Gen,16.0,1024.0,Silver,2.5,AMD Ryzen 3,,43025.59,,4.9
Lenovo,Inspiron,10th Gen,4.0,512.0,White,1.31,Intel Core i3,,91517.82,31.54,3.1
Hp,14,13th Gen,32.0,512.0,Black,2.85,AMD Ryzen 5,,24882.05,46.64,4.9
Asus,16,13th Gen,8.0,512.0,Grey,2.17,Intel Core i5,384.46,118805.17,32.5,2.9
Asus,16,10th Gen,16.0,512.0,White,1.45,Intel Core i7,,57098.36,,4.6
Lenovo,15,13th Gen,32.0,1024.0,White,2.93,Intel Core i5,576.4,151360.55,,2.5
Dell,16,11th Gen,12.0,256.0,Grey,2.77,AMD Ryzen 7,,174218.81,,2.9
Hp,Inspiron,12th Gen,16.0,256.0,Black,2.7,Intel Core i5,,104281.35,,4.7
Asus,Inspiron,12th Gen,8.0,1024.0,Blue,1.96,Intel Core i5,,115525.83,40.5,3.1
Hp,15,12th Gen,32.0,512.0,Black,2.44,Intel Core i5,528.87,29788.57,,4.8
Dell,16,12th Gen,12.0,512.0,Blue,2.19,Intel Core i3,902.43,137299.88,,3.2
Lenovo,X1,10th Gen,32.0,256.0,White,1.85,Intel Core i5,373.78,72122.82,11.19,4.5
Dell,X1,10th Gen,4.0,1024.0,White,2.75,Intel Core i5,399.54,144987.14,,4.3
Lenovo,16,10th Gen,32.0,1024.0,Silver,1.74,Intel Core i3,902.43,46639.07,,4.1
Lenovo,14,10th Gen,16.0,512.0,Grey,1.78,Intel Core i3,869.48,143834.06,29.88,2.6
Dell,VivoBook,11th Gen,4.0,256.0,Black,1.99,Intel Core i3,864.79,157094.12,,4.6
Asus,X1,10th Gen,32.0,256.0,Blue,2.85,AMD Ryzen 7,562.74,90558.19,,4.9
Hp,16,13th Gen,4.0,1024.0,White,1.76,Intel Core i5,,58364.97,28.96,2.5
Acer,X1,10th Gen,4.0,256.0,Silver,1.52,Intel Core i7,463.59,122888.99,,3.4
Lenovo,Inspiron,11th Gen,16.0,256.0,Blue,2.42,AMD Ryzen 7,,65334.6,36.01,2.7
Dell,15,12th Gen,16.0,512.0,Grey,2.22,Intel Core i3,,108541.36,39.61,4.9
Asus,X1,11th Gen,12.0,1024.0,Silver,2.05,AMD Ryzen 5,789.35,87595.15,20.17,3.2
Asus,X1,11th Gen,8.0,256.0,Blue,2.65,Intel Core i5,,86889.12,18.23,4.1
Lenovo,X1,10th Gen,32.0,1024.0,Grey,2.98,AMD Ryzen 3,436.21,96751.7,,2.7
Hp,16,13th Gen,8.0,512.0,Blue,2.96,Intel Core i3,,103785.57,44.39,3.8
Hp,16,10th Gen,16.0,512.0,Blue,2.76,AMD Ryzen 5,273.91,80404.97,,2.7
Hp,15,12th Gen,8.0,512.0,White,2.7,Intel Core i3,939.99,23286.66,,3.1
Acer,X1,11th Gen,16.0,256.0,Grey,2.04,AMD Ryzen 3,261.57,185995.8,47.48,2.5
Acer,16,10th Gen,8.0,1024.0,Grey,2.18,Intel Core i3,,81043.73,,3.2
Hp,VivoBook,11th Gen,16.0,512.0,Grey,1.58,Intel Core i3,456.36,50482.45,,3.1
Dell,14,13th Gen,8.0,1024.0,Black,2.3,AMD Ryzen 5,,102283.45,47.78,4.5
Asus,16,10th Gen,12.0,256.0,Blue,2.11,AMD Ryzen 7,846.46,44101.45,8.76,4.3
Hp,X1,12th Gen,32.0,256.0,Silver,2.67,AMD Ryzen 7,146.41,40067.62,23.18,3.2
Hp,16,12th Gen,16.0,512.0,Blue,2.06,Intel Core i3,,190422.97,11.17,4.5
Hp,15,11th Gen,16.0,256.0,Blue,1.42,Intel Core i3,945.41,186344.58,,4.1
Asus,VivoBook,11th Gen,16.0,512.0,White,2.35,Intel Core i3,,189992.13,30.33,3.2
Asus,14,11th Gen,12.0,512.0,Grey,2.39,Intel Core i3,974.4,23349.92,,4.8
Acer,15,10th Gen,12.0,512.0,Grey,1.42,AMD Ryzen 5,,103174.68,12.64,4.7
Asus,X1,11th Gen,16.0,512.0,White,1.27,Intel Core i3,,118643.35,41.22,4.5
Lenovo,16,10th Gen,32.0,256.0,White,2.11,AMD Ryzen 3,,179096.03,0.69,4.6
Hp,16,11th Gen,32.0,256.0,White,1.43,AMD Ryzen 3,,29943.56,29.22,4.9
Asus,X1,12th Gen,4.0,1024.0,Silver,2.97,AMD Ryzen 7,799.13,190683.54,,3.6
Hp,14,11th Gen,16.0,512.0,Silver,2.68,AMD Ryzen 3,,34609.12,,4.6
Dell,16,13th Gen,32.0,1024.0,Blue,2.44,AMD Ryzen 3,,198993.89,,4.1
Acer,VivoBook,11th Gen,16.0,256.0,Grey,2.31,Intel Core i3,,158065.87,,4.8
Asus,16,11th Gen,12.0,256.0,Silver,1.72,AMD Ryzen 3,648.95,105283.64,39.17,4.2
Lenovo,VivoBook,12th Gen,4.0,512.0,Blue,2.47,AMD Ryzen 3,,109173.71,,3.5
Acer,16,10th Gen,8.0,256.0,Grey,,Intel Core i5,438.29,87903.21,,3.2
Lenovo,15,11th Gen,12.0,1024.0,Black,2.74,Intel Core i3,,130450.79,,4.1
Acer,16,11th Gen,4.0,1024.0,Grey,1.82,AMD Ryzen 5,165.14,69259.32,33.43,3.5
Lenovo,16,13th Gen,4.0,1024.0,White,1.69,Intel Core i3,,168838.64,,2.6
Asus,Inspiron,13th Gen,4.0,512.0,Blue,2.94,AMD Ryzen 3,409.86,153189.2,,4.7
Hp,VivoBook,10th Gen,8.0,512.0,Black,2.02,AMD Ryzen 5,172.57,127265.06,7.42,2.6
Acer,Inspiron,11th Gen,12.0,512.0,Black,2.69,Intel Core i5,564.59,24836.66,20.82,3.6
Dell,Inspiron,12th Gen,16.0,512.0,Grey,2.34,Intel Core i7,301.27,75639.5,36.77,4.7
Asus,X1,10th Gen,16.0,1024.0,Silver,1.34,AMD Ryzen 5,,161129.01,6.77,2.6
Dell,15,11th Gen,8.0,512.0,Blue,1.3,Intel Core i7,,89111.12,,3.5
Hp,Inspiron,10th Gen,32.0,512.0,White,1.91,AMD Ryzen 3,441.93,170813.56,,3.5
Acer,Inspiron,10th Gen,8.0,256.0,Blue,2.83,AMD Ryzen 7,185.12,40451.71,,5.0
Lenovo,16,12th Gen,32.0,256.0,Silver,1.62,Intel Core i3,136.68,185276.56,43.44,2.6
Hp,14,10th Gen,12.0,1024.0,Black,2.59,Intel Core i7,,115270.63,48.55,2.7
Asus,16,13th Gen,8.0,256.0,Blue,1.68,Intel Core i7,177.92,152848.37,30.78,3.9
Asus,15,13th Gen,8.0,1024.0,Black,2.17,AMD Ryzen 5,,138928.67,,3.7
Dell,VivoBook,11th Gen,12.0,256.0,Black,2.25,Intel Core i5,,58713.15,,4.5
Lenovo,14,10th Gen,4.0,256.0,Silver,2.77,Intel Core i7,,197332.39,,3.1
Acer,16,11th Gen,16.0,,Black,1.45,Intel Core i5,,28727.88,41.06,4.5
Lenovo,14,13th Gen,4.0,256.0,Black,1.92,Intel Core i3,565.08,163047.55,,2.8
Lenovo,16,13th Gen,4.0,256.0,White,1.61,Intel Core i7,,90501.9,,3.7
Hp,16,13th Gen,16.0,256.0,White,1.64,Intel Core i3,173.64,161985.76,,3.7
Asus,X1,11th Gen,8.0,512.0,White,2.86,AMD Ryzen 7,943.78,190690.08,16.94,4.9
Lenovo,16,13th Gen,16.0,1024.0,Silver,2.59,Intel Core i5,,174854.64,,3.8
Lenovo,16,10th Gen,12.0,1024.0,Silver,2.0,Intel Core i5,997.01,47882.29,,4.6
Lenovo,15,10th Gen,8.0,256.0,Grey,1.96,AMD Ryzen 5,,191858.4,10.23,3.6
Hp,VivoBook,11th Gen,32.0,256.0,Silver,1.34,AMD Ryzen 5,453.28,126827.09,5.29,2.5
Lenovo,15,12th Gen,4.0,256.0,Black,2.53,Intel Core i3,117.32,96816.08,21.58,4.7
Lenovo,14,11th Gen,12.0,256.0,White,2.44,Intel Core i7,,138748.58,29.35,3.1
Acer,16,10th Gen,32.0,256.0,Blue,2.4,Intel Core i5,105.17,106973.19,,4.6
Hp,X1,12th Gen,16.0,1024.0,White,1.95,AMD Ryzen 7,904.82,24745.61,,3.1
Hp,Inspiron,10th Gen,8.0,1024.0,White,2.9,AMD Ryzen 7,533.27,148193.44,,5.0
Dell,Inspiron,11th Gen,4.0,512.0,Grey,1.87,AMD Ryzen 3,499.74,26104.8,12.51,3.5
Dell,VivoBook,10th Gen,12.0,256.0,Blue,1.98,AMD Ryzen 7,512.17,48374.53,9.82,3.7
Acer,X1,13th Gen,8.0,512.0,Black,2.34,Intel Core i3,257.3,143608.33,,4.5
Dell,VivoBook,12th Gen,16.0,1024.0,Grey,2.8,AMD Ryzen 7,154.37,127086.43,24.69,2.5
Hp,15,13th Gen,16.0,512.0,White,1.26,AMD Ryzen 7,512.46,52387.51,11.78,3.6
Dell,Inspiron,12th Gen,8.0,512.0,White,1.82,AMD Ryzen 5,,174804.19,18.87,4.3
Hp,VivoBook,10th Gen,12.0,512.0,Black,2.03,AMD Ryzen 5,569.73,94639.36,,3.6
Acer,15,12th Gen,4.0,256.0,Silver,2.54,,,33941.4,31.42,4.9
Dell,VivoBook,12th Gen,16.0,256.0,Black,2.94,Intel Core i3,,78410.43,8.92,3.2
Asus,Inspiron,12th Gen,4.0,1024.0,Black,2.04,Intel Core i5,815.05,168021.4,,2.8
Acer,14,11th Gen,32.0,512.0,Black,2.71,AMD Ryzen 5,420.53,129815.01,,4.7
Dell,X1,11th Gen,8.0,256.0,Black,1.57,Intel Core i3,977.11,189211.03,16.83,5.0
Hp,X1,11th Gen,4.0,256.0,White,2.04,Intel Core i5,,38895.33,9.38,3.7
Dell,14,13th Gen,4.0,1024.0,Silver,1.65,Intel Core i5,283.49,183646.96,38.74,3.9
Asus,16,10th Gen,8.0,256.0,Black,1.9,Intel Core i3,688.72,156957.92,38.11,3.5
Asus,15,13th Gen,8.0,512.0,Grey,2.41,AMD Ryzen 5,,199755.05,,4.5
Dell,16,13th Gen,32.0,1024.0,Silver,2.02,Intel Core i7,,168750.39,24.31,3.0
Lenovo,Inspiron,12th Gen,4.0,1024.0,Grey,1.92,AMD Ryzen 7,113.84,116986.38,11.3,3.7
Hp,VivoBook,13th Gen,4.0,1024.0,Silver,2.81,Intel Core i5,,180263.58,0.93,3.6
Hp,15,13th Gen,4.0,256.0,Grey,1.71,Intel Core i5,,163641.7,15.39,4.6
Hp,X1,11th Gen,12.0,512.0,Blue,2.27,Intel Core i5,,109861.93,24.44,4.9
Asus,16,12th Gen,4.0,1024.0,Silver,2.82,AMD Ryzen 3,,27447.63,40.63,2.6
Dell,14,12th Gen,16.0,512.0,Black,1.45,AMD Ryzen 5,,92813.95,,3.8
Asus,X1,11th Gen,8.0,512.0,Blue,2.66,Intel Core i7,399.61,108952.08,21.16,3.9
Lenovo,16,13th Gen,8.0,256.0,Blue,2.56,AMD Ryzen 5,673.18,172013.22,0.41,3.6
Dell,16,11th Gen,16.0,256.0,Blue,1.44,Intel Core i5,,38554.04,16.13,3.9
Asus,16,11th Gen,8.0,1024.0,White,2.63,AMD Ryzen 5,208.95,104082.07,9.05,2.9
Dell,VivoBook,12th Gen,12.0,512.0,Grey,1.58,AMD Ryzen 5,,73826.86,,3.7
Acer,VivoBook,10th Gen,12.0,512.0,Blue,2.69,AMD Ryzen 3,,36638.68,,4.6
Dell,16,12th Gen,8.0,512.0,Blue,2.92,Intel Core i3,853.55,71644.7,16.14,3.2
Hp,Inspiron,13th Gen,16.0,256.0,Silver,1.37,AMD Ryzen 7,,165871.14,,3.0
Dell,15,11th Gen,8.0,512.0,Black,1.99,Intel Core i7,,185058.85,,4.0
Acer,16,13th Gen,8.0,512.0,Silver,2.7,Intel Core i7,,131388.43,8.41,2.5
Acer,VivoBook,12th Gen,12.0,512.0,Silver,2.32,Intel Core i3,,136037.23,42.74,3.6
Dell,X1,11th Gen,4.0,1024.0,White,1.48,AMD Ryzen 3,,126780.88,,4.0
Asus,X1,10th Gen,16.0,1024.0,Blue,1.4,AMD Ryzen 7,679.78,134837.57,35.89,2.9
Hp,16,12th Gen,12.0,1024.0,Grey,2.85,Intel Core i5,,50143.5,33.55,4.4
Asus,15,10th Gen,8.0,512.0,Silver,1.82,Intel Core i5,,106118.3,,3.5
Asus,14,12th Gen,4.0,1024.0,Silver,1.75,AMD Ryzen 3,,125718.8,,2.7
Dell,X1,11th Gen,4.0,256.0,Black,2.23,Intel Core i3,,35619.68,,2.7
Asus,14,12th Gen,12.0,512.0,Black,2.36,AMD Ryzen 7,124.45,80566.68,,4.3
Hp,16,11th Gen,4.0,1024.0,Grey,2.54,Intel Core i7,126.99,72958.65,15.17,4.4
Asus,16,13th Gen,16.0,256.0,Blue,2.45,AMD Ryzen 7,,40769.99,,5.0
Hp,14,10th Gen,4.0,512.0,Black,1.43,Intel Core i3,,147633.15,,4.3
Asus,16,10th Gen,12.0,1024.0,Silver,1.22,AMD Ryzen 3,778.89,146436.62,,2.7
Asus,16,13th Gen,12.0,512.0,White,2.82,AMD Ryzen 5,711.59,70767.72,,4.3
Lenovo,16,13th Gen,16.0,1024.0,Grey,1.55,AMD Ryzen 5,,124089.83,26.06,3.1
Dell,16,11th Gen,16.0,256.0,Black,2.14,Intel Core i5,,80515.35,,4.6
Asus,X1,10th Gen,4.0,256.0,White,2.72,Intel Core i3,,138206.36,,3.1
Dell,16,10th Gen,4.0,256.0,White,2.81,Intel Core i5,605.26,133872.93,,3.6
Asus,15,11th Gen,12.0,256.0,Silver,1.41,AMD Ryzen 5,,89475.74,,4.1
Acer,Inspiron,12th Gen,32.0,1024.0,Black,1.23,AMD Ryzen 7,506.72,74346.24,,4.8
Hp,15,12th Gen,32.0,512.0,Silver,1.83,AMD Ryzen 5,,36675.89,32.22,3.0
Acer,Inspiron,11th Gen,12.0,1024.0,Black,1.6,AMD Ryzen 3,,178582.68,,3.3
Dell,15,10th Gen,12.0,1024.0,Black,2.76,AMD Ryzen 5,,41500.77,,4.7
Acer,15,11th Gen,16.0,256.0,Grey,2.05,Intel Core i7,730.29,185615.18,,4.7
Lenovo,X1,12th Gen,32.0,256.0,Blue,1.52,Intel Core i5,,56763.71,42.05,4.4
Hp,15,12th Gen,4.0,1024.0,Silver,1.86,Intel Core i3,147.65,114145.03,0.51,4.0
Hp,14,11th Gen,4.0,512.0,Blue,2.93,AMD Ryzen 3,,106765.51,39.33,4.3
Asus,15,12th Gen,8.0,256.0,Silver,1.56,Intel Core i5,,120447.01,10.87,4.7
Lenovo,VivoBook,11th Gen,32.0,512.0,Grey,1.53,Intel Core i7,,167850.57,,4.3
Dell,14,11th Gen,4.0,256.0,Blue,2.98,AMD Ryzen 3,430.56,181949.73,,4.2
Hp,14,12th Gen,12.0,1024.0,Grey,2.9,AMD Ryzen 3,588.15,77268.95,3.57,3.9
Asus,X1,13th Gen,32.0,1024.0,White,1.31,AMD Ryzen 7,296.99,77820.96,32.4,4.4
Acer,VivoBook,12th Gen,8.0,512.0,Silver,1.38,Intel Core i7,564.04,140390.54,,2.6
Lenovo,15,10th Gen,12.0,256.0,White,1.47,AMD Ryzen 5,,108517.14,23.29,2.9
Hp,Inspiron,13th Gen,32.0,1024.0,Black,2.6,AMD Ryzen 3,940.25,136164.37,,4.8
Hp,VivoBook,13th Gen,16.0,1024.0,Blue,1.66,Intel Core i7,520.62,161414.91,17.13,5.0
Lenovo,16,10th Gen,8.0,1024.0,White,2.24,Intel Core i3,,154891.74,,3.8
Asus,VivoBook,12th Gen,16.0,256.0,Silver,2.67,AMD Ryzen 7,,26792.47,2.56,3.0
Lenovo,15,13th Gen,4.0,,Silver,1.71,AMD Ryzen 3,376.99,55159.22,,4.1
Lenovo,15,12th Gen,4.0,1024.0,Black,2.35,Intel Core i5,,24785.7,,2.8
Asus,14,12th Gen,16.0,256.0,Black,1.36,AMD Ryzen 7,,51836.71,,4.8
Hp,Inspiron,12th Gen,16.0,1024.0,White,1.28,Intel Core i5,773.77,149713.69,,4.6
Lenovo,Inspiron,13th Gen,8.0,256.0,White,2.07,AMD Ryzen 7,252.93,186183.69,,3.3
Lenovo,Inspiron,10th Gen,12.0,1024.0,Silver,2.33,Intel Core i3,913.99,110713.23,,3.7
Hp,14,12th Gen,32.0,512.0,White,2.94,AMD Ryzen 5,168.46,32208.38,17.83,4.2
Asus,15,11th Gen,16.0,1024.0,Black,2.98,AMD Ryzen 7,536.51,185123.57,,3.2
Acer,14,13th Gen,16.0,256.0,White,2.25,Intel Core i7,,191644.0,36.11,4.7
Lenovo,VivoBook,10th Gen,32.0,512.0,Blue,2.83,Intel Core i7,383.85,146529.25,,3.6
Lenovo,Inspiron,10th Gen,12.0,1024.0,Grey,2.04,AMD Ryzen 3,,143459.0,34.04,4.3
Lenovo,Inspiron,11th Gen,8.0,1024.0,White,2.64,AMD Ryzen 3,,77018.02,1.96,4.5
Lenovo,X1,10th Gen,8.0,512.0,Blue,2.34,Intel Core i5,756.03,176083.43,,3.6
Dell,14,12th Gen,4.0,256.0,Grey,1.56,Intel Core i3,,28500.53,20.35,3.7
Hp,Inspiron,12th Gen,4.0,512.0,Black,2.77,Intel Core i5,,137567.04,,3.9
Hp,Inspiron,10th Gen,32.0,512.0,Silver,1.35,AMD Ryzen 7,367.34,172623.89,,3.3
Lenovo,VivoBook,10th Gen,4.0,512.0,Grey,2.33,AMD Ryzen 3,441.71,196449.85,,3.7
Hp,16,12th Gen,12.0,1024.0,White,2.28,AMD Ryzen 7,,104221.04,,3.7
Hp,14,12th Gen,8.0,1024.0,Black,1.86,Intel Core i5,,179145.37,40.73,4.6
Hp,16,10th Gen,32.0,1024.0,Black,1.37,AMD Ryzen 7,181.81,50645.97,,3.2
Lenovo,Inspiron,12th Gen,16.0,512.0,Blue,2.32,Intel Core i3,,43428.28,,3.2
Hp,15,11th Gen,4.0,256.0,Silver,1.57,Intel Core i5,,175996.65,5.37,3.0
Dell,15,11th Gen,4.0,512.0,Blue,2.28,AMD Ryzen 7,412.74,31069.85,,3.9
Hp,VivoBook,12th Gen,8.0,1024.0,Silver,2.17,Intel Core i3,,153577.61,,4.6
Asus,Inspiron,12th Gen,8.0,256.0,Grey,2.38,Intel Core i3,,87800.39,31.27,4.4
Dell,16,10th Gen,4.0,256.0,Grey,2.72,Intel Core i3,,188018.68,,3.8
Lenovo,16,13th Gen,4.0,1024.0,Black,2.64,Intel Core i5,563.06,43923.81,36.67,2.7
Asus,15,13th Gen,16.0,1024.0,White,1.35,Intel Core i3,,80702.54,6.7,4.5
Lenovo,15,11th Gen,4.0,256.0,Grey,2.85,Intel Core i7,,32046.84,45.4,4.3
Acer,15,12th Gen,8.0,512.0,White,1.38,Intel Core i5,608.97,171369.51,,3.9
Acer,14,11th Gen,12.0,256.0,White,1.53,Intel Core i3,722.44,66278.02,2.82,4.1
Asus,VivoBook,13th Gen,8.0,1024.0,Silver,1.5,AMD Ryzen 5,,57243.3,0.58,4.6
Acer,16,11th Gen,4.0,512.0,Grey,2.58,Intel Core i5,,68433.01,,3.5
Dell,Inspiron,13th Gen,32.0,1024.0,White,1.78,Intel Core i3,,28891.56,,4.9
Acer,Inspiron,11th Gen,4.0,256.0,Silver,2.07,Intel Core i5,983.75,45451.04,,3.8
Acer,16,13th Gen,16.0,512.0,Silver,2.82,Intel Core i5,147.9,145330.83,18.0,3.5
Lenovo,X1,13th Gen,4.0,1024.0,Grey,2.86,AMD Ryzen 7,475.14,116157.82,,3.7
Acer,X1,11th Gen,12.0,1024.0,Blue,1.68,Intel Core i3,,48580.95,17.31,4.6
Asus,15,12th Gen,8.0,1024.0,Silver,1.46,Intel Core i3,684.84,80039.63,36.77,4.2
Dell,VivoBook,12th Gen,4.0,1024.0,Silver,2.31,AMD Ryzen 3,223.73,138519.85,14.15,4.3
Lenovo,X1,13th Gen,32.0,1024.0,Blue,1.99,Intel Core i3,,145749.21,,2.9
Hp,VivoBook,11th Gen,12.0,512.0,Silver,1.67,AMD Ryzen 7,610.52,62523.75,,3.4
Asus,X1,12th Gen,12.0,512.0,Silver,2.39,AMD Ryzen 5,811.5,183807.06,14.47,3.5
Hp,14,13th Gen,4.0,256.0,Black,1.55,Intel Core i7,527.0,31326.42,,3.7
Lenovo,Inspiron,10th Gen,8.0,512.0,White,2.98,Intel Core i7,,118405.62,20.25,3.3
Asus,Inspiron,12th Gen,12.0,256.0,White,2.14,AMD Ryzen 3,,71446.22,,4.9
Lenovo,Inspiron,12th Gen,16.0,512.0,Grey,1.76,AMD Ryzen 7,495.51,26279.73,,4.5
Lenovo,16,12th Gen,4.0,512.0,Silver,1.7,AMD Ryzen 7,,59721.14,,3.9
Acer,15,11th Gen,8.0,512.0,Black,2.76,Intel Core i7,423.58,56392.63,,4.4
Lenovo,15,11th Gen,12.0,1024.0,Silver,2.53,Intel Core i7,119.11,98021.0,37.45,2.5
Asus,15,10th Gen,8.0,512.0,Silver,2.15,AMD Ryzen 5,568.51,24507.76,39.55,2.6
Hp,X1,10th Gen,32.0,256.0,Grey,,AMD Ryzen 7,127.38,123364.44,34.65,2.7
Asus,X1,11th Gen,4.0,512.0,Grey,1.63,Intel Core i5,937.28,78300.25,,3.7
Hp,X1,11th Gen,12.0,512.0,White,1.51,AMD Ryzen 3,198.82,62468.51,,4.4
Acer,15,11th Gen,4.0,1024.0,Black,2.57,Intel Core i3,,92018.98,,2.6
Acer,16,10th Gen,16.0,1024.0,Black,2.98,Intel Core i3,760.23,185026.57,36.01,4.7
Acer,X1,11th Gen,32.0,512.0,Black,1.59,AMD Ryzen 7,,104561.65,,5.0
Lenovo,16,13th Gen,4.0,1024.0,Silver,2.71,AMD Ryzen 7,,167739.24,45.8,2.8
Lenovo,VivoBook,11th Gen,4.0,1024.0,Blue,2.69,Intel Core i5,,80645.7,,4.9
Hp,16,10th Gen,32.0,256.0,Black,2.08,AMD Ryzen 7,,106630.52,9.6,4.5
Dell,15,11th Gen,16.0,256.0,Silver,2.52,Intel Core i5,153.35,69088.62,26.33,4.6
Acer,14,12th Gen,4.0,256.0,Black,,Intel Core i5,872.74,128561.59,,3.0
Asus,X1,13th Gen,4.0,256.0,Silver,2.04,AMD Ryzen 7,,145818.07,26.38,3.9
Hp,16,11th Gen,8.0,1024.0,Black,1.45,Intel Core i3,630.5,194173.52,,4.0
Lenovo,16,10th Gen,8.0,512.0,Black,2.63,Intel Core i5,,97965.9,47.06,3.8
Dell,15,12th Gen,4.0,256.0,Blue,1.41,Intel Core i3,719.06,136062.7,,4.6
Asus,16,12th Gen,16.0,1024.0,Grey,1.76,AMD Ryzen 3,,175240.92,1.34,3.4
Hp,Inspiron,13th Gen,12.0,512.0,Grey,1.64,Intel Core i3,,171257.97,,4.5
Lenovo,14,13th Gen,12.0,1024.0,Silver,1.94,Intel Core i3,558.92,138693.35,,5.0
Acer,15,13th Gen,16.0,512.0,Silver,2.52,Intel Core i7,602.45,96986.67,28.31,4.7
Asus,14,12th Gen,16.0,256.0,Silver,2.7,Intel Core i3,539.01,108341.81,26.91,4.8
Dell,16,11th Gen,8.0,512.0,White,2.09,AMD Ryzen 5,463.85,72514.81,,2.8
Lenovo,X1,13th Gen,16.0,512.0,Blue,2.56,Intel Core i3,,175455.91,44.94,4.0
Dell,VivoBook,11th Gen,16.0,1024.0,Grey,1.64,Intel Core i5,827.94,152100.77,,3.3
Dell,16,13th Gen,16.0,256.0,Silver,1.63,Intel Core i3,229.3,163355.14,38.38,3.0
Dell,Inspiron,10th Gen,4.0,1024.0,Silver,2.82,AMD Ryzen 3,,104809.01,,4.7
Dell,14,11th Gen,32.0,512.0,Black,1.63,AMD Ryzen 7,220.95,43549.26,,4.4
Hp,15,10th Gen,4.0,256.0,Silver,2.75,AMD Ryzen 7,758.32,148781.23,6.23,4.7
Lenovo,15,10th Gen,32.0,512.0,Black,1.59,Intel Core i3,634.27,163676.65,,4.4
Dell,VivoBook,12th Gen,32.0,1024.0,Black,2.38,AMD Ryzen 7,939.22,109855.85,,4.0
Asus,Inspiron,10th Gen,8.0,512.0,Blue,1.86,Intel Core i5,,36366.35,19.56,4.5
Acer,VivoBook,13th Gen,32.0,256.0,White,1.25,Intel Core i5,703.06,84171.33,32.7,3.4
Lenovo,X1,11th Gen,32.0,512.0,Black,1.72,Intel Core i3,755.56,120234.51,,3.3
Hp,16,12th Gen,4.0,512.0,Blue,2.39,AMD Ryzen 3,,37569.23,5.81,4.5
Dell,X1,11th Gen,32.0,256.0,White,2.92,AMD Ryzen 7,798.19,56648.64,24.27,4.9
Acer,Inspiron,13th Gen,32.0,1024.0,White,2.36,AMD Ryzen 5,986.94,129001.48,27.28,4.2
Lenovo,X1,10th Gen,4.0,256.0,Blue,1.34,AMD Ryzen 3,,122304.45,,4.0
Hp,14,11th Gen,32.0,256.0,Black,1.47,Intel Core i3,809.16,121368.6,,2.8
Hp,X1,11th Gen,8.0,1024.0,Black,1.73,Intel Core i3,274.06,128222.69,,4.6
Lenovo,VivoBook,12th Gen,4.0,512.0,Grey,2.14,AMD Ryzen 5,,32739.55,30.32,4.7
Lenovo,X1,11th Gen,8.0,512.0,White,2.61,Intel Core i7,105.41,30234.12,42.89,4.4
Asus,Inspiron,12th Gen,4.0,256.0,White,2.31,Intel Core i5,534.52,102163.32,,3.2
Acer,15,11th Gen,8.0,512.0,White,2.64,Intel Core i5,,27236.07,,3.8
Acer,X1,13th Gen,8.0,256.0,Black,1.56,Intel Core i7,326.06,117424.48,30.54,5.0
Hp,Inspiron,11th Gen,16.0,256.0,Black,2.76,AMD Ryzen 3,968.88,156978.03,31.3,4.3
Acer,14,12th Gen,4.0,256.0,Blue,1.95,Intel Core i3,699.54,94371.65,41.81,3.5
Lenovo,15,13th Gen,4.0,1024.0,Blue,2.74,AMD Ryzen 3,992.97,108302.27,,2.8
Lenovo,VivoBook,13th Gen,12.0,1024.0,Blue,2.9,AMD Ryzen 5,,108485.29,16.5,4.9
Lenovo,15,10th Gen,16.0,512.0,Silver,1.37,AMD Ryzen 7,590.56,185091.52,,3.1
Acer,Inspiron,10th Gen,8.0,1024.0,Silver,1.51,Intel Core i5,,177340.26,,3.7
Lenovo,15,10th Gen,32.0,256.0,Grey,2.77,Intel Core i7,,82533.79,39.42,3.8
Lenovo,VivoBook,11th Gen,12.0,1024.0,White,2.21,Intel Core i5,,183804.81,,4.8
Lenovo,15,10th Gen,4.0,1024.0,Silver,2.46,AMD Ryzen 7,809.15,42630.1,27.31,3.9
Hp,VivoBook,13th Gen,8.0,256.0,White,2.11,Intel Core i7,358.69,59403.87,,4.4
Hp,15,12th Gen,12.0,1024.0,Silver,2.52,AMD Ryzen 3,,152908.51,,3.0
Asus,VivoBook,10th Gen,12.0,512.0,Grey,2.48,AMD Ryzen 7,,64865.72,,3.9
Hp,15,13th Gen,12.0,256.0,Silver,2.07,AMD Ryzen 5,990.32,176598.98,31.2,3.9
Dell,15,12th Gen,12.0,512.0,Black,2.65,Intel Core i5,,28586.11,39.69,3.2
Hp,16,13th Gen,32.0,256.0,Grey,2.03,Intel Core i5,,182147.67,,3.9
Lenovo,14,13th Gen,8.0,512.0,Grey,2.35,AMD Ryzen 3,,92624.03,18.46,3.9
Lenovo,14,13th Gen,4.0,256.0,Black,1.53,AMD Ryzen 5,,144887.87,,3.5
Acer,Inspiron,13th Gen,16.0,1024.0,Grey,1.46,AMD Ryzen 5,,51581.62,,3.1
Asus,Inspiron,12th Gen,12.0,512.0,White,1.32,AMD Ryzen 7,,183670.76,40.51,3.3
Hp,X1,13th Gen,8.0,512.0,Silver,1.98,AMD Ryzen 3,941.56,111511.47,,4.3
Lenovo,Inspiron,13th Gen,16.0,256.0,Silver,1.81,Intel Core i5,,42166.07,,3.8
Acer,14,10th Gen,32.0,512.0,Silver,1.57,AMD Ryzen 5,214.79,22647.07,38.46,3.2
Acer,X1,10th Gen,16.0,512.0,White,2.22,Intel Core i5,729.56,122682.04,46.98,2.9
Acer,Inspiron,11th Gen,32.0,256.0,Silver,2.27,Intel Core i5,330.64,85570.16,,3.6
Lenovo,X1,13th Gen,8.0,256.0,Black,2.29,Intel Core i5,223.31,50967.83,,3.7
Acer,16,12th Gen,16.0,256.0,Silver,2.29,AMD Ryzen 5,,37635.68,23.59,3.7
Lenovo,16,10th Gen,16.0,256.0,Black,1.82,AMD Ryzen 5,953.62,185288.22,,4.5
Asus,14,11th Gen,16.0,256.0,Silver,1.99,AMD Ryzen 5,705.61,23699.23,36.32,4.7
Asus,Inspiron,11th Gen,32.0,256.0,White,2.16,Intel Core i3,565.88,177463.27,,4.4
Acer,16,13th Gen,8.0,512.0,White,2.36,Intel Core i3,280.45,150131.91,41.78,4.3
Dell,Inspiron,12th Gen,4.0,1024.0,Grey,1.53,Intel Core i5,962.63,72784.97,8.34,4.8
Hp,14,12th Gen,32.0,512.0,Silver,1.38,Intel Core i7,,170692.78,3.06,2.6
Dell,14,11th Gen,8.0,512.0,Blue,1.81,AMD Ryzen 7,843.52,35813.25,,3.9
Hp,16,12th Gen,12.0,512.0,Blue,2.34,AMD Ryzen 3,290.05,60009.93,,2.8
Dell,X1,12th Gen,4.0,1024.0,Silver,2.56,AMD Ryzen 7,665.32,198673.58,,2.6
Lenovo,Inspiron,10th Gen,4.0,512.0,Black,2.75,AMD Ryzen 7,,132216.08,,4.6
Dell,15,13th Gen,12.0,1024.0,Silver,2.83,Intel Core i5,,56061.51,29.42,4.8
Acer,14,10th Gen,32.0,512.0,Grey,1.29,Intel Core i5,,56005.88,18.25,3.9
Acer,VivoBook,11th Gen,8.0,1024.0,Black,1.59,Intel Core i5,,79202.42,,5.0
Asus,14,11th Gen,4.0,1024.0,White,2.65,AMD Ryzen 5,500.15,142393.81,21.86,2.9
Acer,X1,12th Gen,4.0,1024.0,Blue,1.55,Intel Core i5,215.32,39358.05,,4.3
Lenovo,VivoBook,10th Gen,32.0,256.0,Blue,1.57,Intel Core i7,199.64,45901.81,46.26,4.4
Hp,15,13th Gen,8.0,1024.0,Silver,1.48,Intel Core i7,,187893.96,,4.9
Dell,14,11th Gen,8.0,256.0,White,2.78,Intel Core i3,292.48,123083.6,19.72,4.6
Asus,VivoBook,13th Gen,4.0,512.0,Black,2.59,AMD Ryzen 3,560.21,159233.89,,3.6
Acer,14,13th Gen,16.0,512.0,Grey,1.91,AMD Ryzen 5,711.9,112975.02,,3.7
Dell,16,13th Gen,12.0,256.0,Silver,1.79,Intel Core i7,,21304.03,49.62,2.8
Asus,Inspiron,11th Gen,8.0,1024.0,Grey,1.49,Intel Core i5,639.47,124590.14,28.15,4.3
Asus,16,10th Gen,4.0,256.0,Black,1.92,Intel Core i7,485.76,197595.5,,2.8
Hp,15,12th Gen,4.0,512.0,Grey,2.31,Intel Core i3,,199537.79,0.64,3.4
Lenovo,15,11th Gen,16.0,512.0,Silver,2.01,AMD Ryzen 5,775.27,84449.89,,3.9
Hp,Inspiron,10th Gen,16.0,512.0,Blue,2.09,AMD Ryzen 7,,34503.19,,4.2
Acer,16,11th Gen,12.0,512.0,White,2.96,Intel Core i7,,122998.79,,4.8
Hp,15,11th Gen,32.0,256.0,White,1.87,Intel Core i5,740.11,72627.8,,2.9
Acer,14,11th Gen,4.0,1024.0,Blue,1.2,AMD Ryzen 5,185.86,196027.89,,4.3
Acer,15,13th Gen,32.0,256.0,Blue,1.51,Intel Core i5,,39935.61,44.3,4.7
Dell,14,11th Gen,32.0,1024.0,White,2.75,Intel Core i5,,45576.29,33.63,4.5
Asus,16,12th Gen,8.0,512.0,Grey,1.81,Intel Core i5,526.94,179067.26,14.72,3.3
Asus,VivoBook,10th Gen,4.0,512.0,Grey,2.7,Intel Core i5,,149942.95,,2.8
Lenovo,VivoBook,10th Gen,8.0,512.0,White,2.77,Intel Core i5,443.06,93008.49,,4.2
Hp,16,11th Gen,16.0,512.0,Grey,2.24,Intel Core i3,109.57,118864.25,40.14,4.8
Asus,16,11th Gen,32.0,256.0,Grey,,AMD Ryzen 3,,79819.01,17.35,2.9
Acer,VivoBook,11th Gen,32.0,512.0,Silver,2.72,Intel Core i7,,62756.23,,4.5
Acer,16,12th Gen,16.0,256.0,Black,2.48,Intel Core i3,,34115.0,7.08,4.7
Hp,VivoBook,11th Gen,32.0,256.0,Black,2.74,AMD Ryzen 7,651.28,112844.96,9.18,2.8
Lenovo,VivoBook,12th Gen,16.0,512.0,Silver,2.24,AMD Ryzen 3,,172984.48,49.91,4.6
Asus,14,10th Gen,4.0,512.0,Black,2.69,Intel Core i3,,117083.07,,4.0
Asus,VivoBook,12th Gen,32.0,256.0,Black,2.6,Intel Core i7,,105699.95,20.18,3.0
Asus,VivoBook,10th Gen,8.0,1024.0,White,2.15,,,95771.52,27.01,3.1
Dell,VivoBook,12th Gen,32.0,1024.0,Silver,1.72,Intel Core i5,655.37,140983.21,,4.6
Asus,16,10th Gen,32.0,1024.0,White,2.96,Intel Core i5,675.04,193555.48,25.01,4.2
Asus,16,12th Gen,32.0,256.0,Grey,1.5,Intel Core i5,,74315.94,,2.8
Hp,X1,13th Gen,,512.0,White,1.81,Intel Core i3,961.49,136642.29,30.39,2.8
Hp,VivoBook,13th Gen,32.0,256.0,Silver,2.76,AMD Ryzen 3,,173760.86,11.17,4.2
Acer,16,11th Gen,8.0,1024.0,White,2.73,AMD Ryzen 3,,140024.98,26.13,4.5
Acer,Inspiron,12th Gen,8.0,256.0,Grey,1.25,Intel Core i7,,120101.2,,4.7
Asus,14,13th Gen,32.0,1024.0,Black,2.24,AMD Ryzen 3,147.08,80359.74,,4.9
Lenovo,14,11th Gen,8.0,1024.0,Grey,1.57,AMD Ryzen 5,220.98,102785.59,40.5,3.4
Dell,14,11th Gen,12.0,512.0,Blue,2.64,,591.89,144167.29,29.45,3.9
Asus,X1,12th Gen,16.0,256.0,Blue,2.93,AMD Ryzen 5,531.2,106861.56,,2.5
Asus,15,13th Gen,12.0,512.0,Blue,1.36,AMD Ryzen 3,719.84,172931.13,,4.6
Lenovo,15,13th Gen,8.0,512.0,Silver,1.84,Intel Core i3,971.24,88965.72,32.98,3.3
Lenovo,16,12th Gen,12.0,256.0,Silver,1.51,Intel Core i7,347.8,32202.41,,5.0
Hp,X1,13th Gen,32.0,256.0,Silver,2.69,Intel Core i3,749.36,110704.41,10.32,3.6
Lenovo,15,10th Gen,32.0,1024.0,Black,1.56,Intel Core i7,292.55,156627.41,49.9,4.8
Hp,X1,11th Gen,12.0,1024.0,White,1.82,Intel Core i5,,33229.43,11.75,4.6
Lenovo,15,13th Gen,16.0,512.0,Grey,1.93,AMD Ryzen 7,,94765.17,,4.8
Lenovo,15,12th Gen,16.0,512.0,Black,2.26,AMD Ryzen 5,109.29,163736.09,,3.7
Acer,16,13th Gen,32.0,1024.0,Grey,1.96,Intel Core i3,760.73,128239.51,,4.1
Hp,VivoBook,13th Gen,8.0,256.0,Grey,2.06,Intel Core i5,,105208.63,27.53,4.1
Dell,VivoBook,13th Gen,4.0,512.0,Black,2.43,Intel Core i5,,39309.33,38.95,4.5
Acer,VivoBook,13th Gen,32.0,512.0,Silver,,AMD Ryzen 7,,79908.17,,2.8
Acer,VivoBook,11th Gen,12.0,1024.0,Blue,1.91,AMD Ryzen 3,,86382.45,17.26,3.5
Dell,16,12th Gen,8.0,1024.0,Blue,1.32,Intel Core i3,,39003.9,24.77,4.0
Acer,X1,10th Gen,4.0,256.0,Black,2.56,AMD Ryzen 7,,169031.2,,2.8
Lenovo,Inspiron,11th Gen,16.0,256.0,Grey,2.47,Intel Core i5,255.71,36699.63,,4.6
Acer,15,12th Gen,12.0,256.0,Blue,1.98,Intel Core i5,,28642.13,14.14,4.9
Lenovo,16,11th Gen,8.0,512.0,Black,2.84,Intel Core i3,453.89,111864.22,,3.3
Asus,VivoBook,11th Gen,4.0,1024.0,White,2.3,Intel Core i5,,75302.7,,4.2
Lenovo,15,10th Gen,8.0,256.0,Grey,2.28,AMD Ryzen 3,572.6,50014.5,46.35,3.2
Dell,X1,11th Gen,16.0,256.0,Blue,2.72,AMD Ryzen 5,,138202.02,0.51,2.5
Hp,VivoBook,12th Gen,32.0,1024.0,Silver,1.97,Intel Core i5,,143254.97,,3.8
Lenovo,14,13th Gen,32.0,256.0,Black,2.15,AMD Ryzen 7,,121740.99,,3.7
Hp,14,10th Gen,8.0,512.0,Silver,1.92,AMD Ryzen 7,864.26,75830.76,6.76,3.9
Hp,16,13th Gen,8.0,256.0,Black,2.76,Intel Core i3,,161464.8,,2.8
Lenovo,16,13th Gen,32.0,1024.0,Grey,2.33,Intel Core i7,,81657.81,18.33,3.3
Dell,15,13th Gen,8.0,256.0,Blue,1.28,AMD Ryzen 3,,75180.46,12.01,5.0
Acer,VivoBook,12th Gen,8.0,512.0,Black,1.6,Intel Core i5,,71737.58,,4.0
Asus,Inspiron,10th Gen,12.0,1024.0,Blue,2.28,Intel Core i5,712.06,115251.26,,4.1
Asus,16,10th Gen,16.0,1024.0,Grey,2.41,AMD Ryzen 7,380.86,63010.21,10.91,3.7
Lenovo,16,12th Gen,16.0,256.0,Black,1.54,Intel Core i3,838.34,179525.2,35.57,4.4
Asus,15,10th Gen,8.0,1024.0,Silver,2.92,Intel Core i3,746.11,51345.91,20.89,3.5
Lenovo,VivoBook,11th Gen,8.0,512.0,Silver,2.12,Intel Core i7,140.48,125470.56,,3.7
Asus,VivoBook,10th Gen,32.0,256.0,Grey,1.6,Intel Core i7,,140379.78,,4.5
Lenovo,VivoBook,13th Gen,16.0,256.0,Silver,2.38,AMD Ryzen 7,,165894.64,13.62,3.8
Lenovo,Inspiron,10th Gen,4.0,512.0,Blue,2.66,AMD Ryzen 7,422.84,160765.59,,3.4
Hp,16,10th Gen,12.0,512.0,White,2.21,Intel Core i5,,153984.29,15.08,3.2
Asus,14,11th Gen,16.0,256.0,Silver,2.65,AMD Ryzen 5,,44796.65,,4.7
Hp,15,13th Gen,12.0,256.0,Blue,2.75,Intel Core i3,,86965.34,,3.6
Asus,15,13th Gen,12.0,1024.0,Grey,2.49,AMD Ryzen 5,,105184.0,,3.0
Dell,14,10th Gen,16.0,512.0,White,2.91,Intel Core i5,,158149.56,,4.6
Asus,X1,13th Gen,16.0,256.0,Blue,2.79,AMD Ryzen 7,783.4,129810.45,41.96,3.7
Dell,14,11th Gen,4.0,256.0,Black,2.48,AMD Ryzen 3,,192952.13,30.99,4.6
Dell,Inspiron,12th Gen,8.0,256.0,Grey,1.68,Intel Core i5,831.67,69453.43,14.89,2.8
Lenovo,15,12th Gen,32.0,512.0,Grey,,Intel Core i7,,161525.25,,5.0
Asus,VivoBook,12th Gen,12.0,1024.0,Blue,1.91,Intel Core i7,,167722.02,,2.8
Dell,VivoBook,11th Gen,4.0,256.0,Grey,2.66,AMD Ryzen 5,,100921.44,,3.2
Hp,15,12th Gen,12.0,1024.0,Blue,2.43,AMD Ryzen 5,652.43,41002.7,,3.7
Dell,14,11th Gen,32.0,1024.0,White,2.05,AMD Ryzen 3,909.14,194602.6,,2.6
Hp,Inspiron,10th Gen,8.0,1024.0,Grey,2.27,AMD Ryzen 7,,194288.42,33.46,4.4
Lenovo,16,11th Gen,8.0,256.0,White,1.78,AMD Ryzen 7,,169698.78,9.56,3.0
Acer,Inspiron,11th Gen,16.0,512.0,Black,1.28,AMD Ryzen 5,707.22,163008.1,,3.7
Lenovo,Inspiron,11th Gen,16.0,256.0,Blue,2.79,AMD Ryzen 7,,51195.57,,4.8
Dell,14,12th Gen,4.0,512.0,Silver,2.51,Intel Core i5,432.97,160942.1,47.7,3.6
Acer,14,10th Gen,12.0,256.0,White,1.81,AMD Ryzen 3,,193641.59,,4.9
Dell,Inspiron,11th Gen,4.0,256.0,Black,1.91,Intel Core i3,906.82,73479.13,,3.6
Lenovo,VivoBook,10th Gen,16.0,256.0,Black,1.67,AMD Ryzen 3,,182723.03,33.77,3.6
Hp,15,10th Gen,16.0,512.0,Grey,1.95,Intel Core i3,625.18,87646.25,,4.1
Lenovo,VivoBook,11th Gen,8.0,1024.0,Blue,2.57,AMD Ryzen 7,551.09,167129.53,,4.8
Acer,16,10th Gen,4.0,1024.0,White,2.83,Intel Core i5,429.98,46319.86,17.43,4.5
Asus,16,11th Gen,32.0,256.0,White,2.79,AMD Ryzen 5,815.79,35311.64,,4.7
Acer,15,13th Gen,12.0,256.0,Blue,1.61,AMD Ryzen 3,,86185.27,,4.4
Asus,14,10th Gen,4.0,1024.0,White,2.31,AMD Ryzen 5,,112795.82,,4.1
Lenovo,15,12th Gen,8.0,256.0,Black,2.17,AMD Ryzen 7,348.35,113325.09,,2.7
Dell,Inspiron,12th Gen,16.0,512.0,Silver,2.17,AMD Ryzen 5,,126705.3,44.78,2.7
Lenovo,VivoBook,13th Gen,,256.0,Silver,1.47,AMD Ryzen 3,,24149.23,14.58,3.2
Lenovo,16,10th Gen,4.0,512.0,Black,1.79,AMD Ryzen 5,176.24,174754.28,,3.3
Lenovo,VivoBook,12th Gen,8.0,512.0,Blue,1.49,AMD Ryzen 5,867.02,20429.91,,3.1
Asus,VivoBook,13th Gen,4.0,256.0,Black,1.43,AMD Ryzen 5,545.63,104602.25,2.36,2.6
Lenovo,15,13th Gen,4.0,1024.0,Silver,2.16,AMD Ryzen 5,374.18,171239.89,17.87,2.7
Lenovo,Inspiron,12th Gen,4.0,1024.0,Black,1.5,AMD Ryzen 3,,155616.74,19.28,2.8
Asus,VivoBook,11th Gen,8.0,512.0,Grey,2.82,AMD Ryzen 7,407.35,182011.88,,4.2
Lenovo,15,12th Gen,12.0,256.0,Blue,1.57,AMD Ryzen 7,110.29,28478.77,,3.8
Dell,15,10th Gen,32.0,256.0,Grey,2.04,AMD Ryzen 3,222.2,179888.12,41.15,3.5
Asus,15,10th Gen,16.0,1024.0,Grey,2.83,AMD Ryzen 3,671.08,32616.29,,4.8
Dell,X1,13th Gen,32.0,256.0,Grey,2.4,AMD Ryzen 7,,88989.43,,5.0
Dell,14,12th Gen,16.0,256.0,Blue,2.68,Intel Core i7,,158084.73,48.43,2.9
Asus,16,13th Gen,16.0,1024.0,Silver,2.47,AMD Ryzen 7,,131198.98,25.75,4.7
Lenovo,14,11th Gen,4.0,1024.0,Blue,1.56,AMD Ryzen 5,,50104.49,,4.0
Lenovo,Inspiron,12th Gen,12.0,256.0,White,2.88,AMD Ryzen 5,603.03,142177.62,45.16,4.3
Acer,14,10th Gen,32.0,512.0,Black,1.99,Intel Core i5,642.25,58481.85,,2.6
Asus,X1,10th Gen,8.0,1024.0,Grey,2.78,AMD Ryzen 3,,49000.28,,3.7
Dell,Inspiron,10th Gen,,512.0,Grey,2.27,AMD Ryzen 7,,166954.33,,2.7
Hp,16,10th Gen,12.0,512.0,White,2.74,Intel Core i5,457.39,94029.88,,3.7
Dell,VivoBook,10th Gen,16.0,512.0,Grey,2.95,AMD Ryzen 5,143.46,183914.9,,2.7
Dell,16,12th Gen,8.0,256.0,Grey,2.34,AMD Ryzen 3,,130239.1,19.1,3.1
Lenovo,16,12th Gen,12.0,256.0,Silver,2.92,Intel Core i7,872.14,103699.29,,4.5
Hp,14,12th Gen,16.0,512.0,White,1.87,AMD Ryzen 3,139.95,62409.71,,3.1
Asus,15,12th Gen,4.0,1024.0,Grey,1.76,Intel Core i7,,31786.45,44.2,4.3
Hp,X1,12th Gen,32.0,256.0,White,2.52,Intel Core i5,370.34,26075.52,,2.9
Hp,VivoBook,12th Gen,12.0,256.0,Black,2.49,AMD Ryzen 3,,143834.05,,3.9
Lenovo,14,10th Gen,12.0,512.0,White,1.82,AMD Ryzen 3,,65469.16,28.68,3.2
Hp,15,13th Gen,8.0,1024.0,Black,2.56,AMD Ryzen 7,,177138.73,35.27,3.7
Dell,14,10th Gen,32.0,1024.0,Black,2.42,Intel Core i3,,52154.01,14.34,3.4
Asus,VivoBook,12th Gen,12.0,256.0,White,1.27,Intel Core i5,,188996.71,,3.3
Acer,15,10th Gen,16.0,1024.0,Blue,2.67,Intel Core i5,285.03,20099.11,46.71,3.8
Dell,VivoBook,11th Gen,32.0,256.0,White,2.86,Intel Core i5,588.53,68344.71,29.64,3.6
Lenovo,15,13th Gen,12.0,512.0,Black,2.54,Intel Core i7,279.11,81361.69,,4.8
Asus,15,12th Gen,32.0,1024.0,Black,2.55,Intel Core i3,401.79,107852.28,25.78,3.1
Asus,15,12th Gen,4.0,512.0,White,2.74,Intel Core i3,765.25,55031.16,,2.8
Hp,15,12th Gen,32.0,256.0,Black,2.1,AMD Ryzen 3,282.21,119306.03,,3.3
Hp,Inspiron,13th Gen,32.0,256.0,Black,2.8,AMD Ryzen 3,716.83,193639.95,,3.3
Hp,14,11th Gen,8.0,1024.0,Grey,2.25,Intel Core i3,,177325.73,39.51,2.5
Asus,VivoBook,12th Gen,4.0,1024.0,Grey,1.46,Intel Core i7,,95242.04,,3.7
Lenovo,15,10th Gen,8.0,512.0,Blue,1.31,Intel Core i5,158.3,142390.05,15.01,4.2
Hp,Inspiron,12th Gen,12.0,1024.0,Blue,1.78,Intel Core i3,,103185.24,22.65,4.4
Asus,VivoBook,12th Gen,32.0,1024.0,Silver,1.54,Intel Core i5,,192028.41,,4.7
Acer,14,13th Gen,32.0,512.0,Grey,2.51,Intel Core i5,454.86,185168.96,39.55,3.1
Asus,Inspiron,13th Gen,32.0,512.0,Grey,2.34,Intel Core i7,,129527.72,11.53,3.4
Hp,16,10th Gen,8.0,512.0,Blue,2.68,AMD Ryzen 5,571.3,122641.4,,3.6
Dell,Inspiron,11th Gen,12.0,1024.0,White,1.92,Intel Core i7,335.5,50723.36,19.39,3.1
Dell,15,10th Gen,8.0,256.0,Blue,2.27,AMD Ryzen 5,206.32,21945.59,,2.9
Dell,X1,11th Gen,8.0,1024.0,Blue,1.23,Intel Core i3,338.43,48102.98,,2.7
Asus,14,11th Gen,16.0,256.0,White,1.63,Intel Core i3,,103700.45,,3.1
Acer,Inspiron,13th Gen,4.0,1024.0,Black,1.64,Intel Core i3,,126886.28,28.45,3.5
Acer,X1,12th Gen,32.0,1024.0,White,1.97,Intel Core i5,387.49,41971.75,,3.6
Lenovo,14,12th Gen,32.0,512.0,Silver,1.81,Intel Core i7,101.56,164484.64,,4.9
Acer,VivoBook,12th Gen,8.0,,Black,2.21,AMD Ryzen 3,,63759.4,45.31,4.7
Acer,VivoBook,12th Gen,32.0,512.0,White,2.29,AMD Ryzen 3,,27111.62,,4.6
Lenovo,X1,12th Gen,4.0,1024.0,Blue,1.49,Intel Core i5,728.84,48330.2,,3.3
Hp,14,12th Gen,8.0,1024.0,White,2.74,AMD Ryzen 3,,51344.97,17.01,4.8
Lenovo,15,12th Gen,32.0,256.0,White,2.59,Intel Core i5,476.91,112087.05,,4.2
Acer,16,13th Gen,16.0,512.0,Silver,1.7,AMD Ryzen 3,,74673.79,28.89,4.0
Lenovo,X1,13th Gen,8.0,1024.0,Grey,2.5,AMD Ryzen 7,164.83,85740.49,8.5,2.8
Lenovo,VivoBook,13th Gen,32.0,256.0,Black,2.98,AMD Ryzen 5,141.1,34497.6,,3.8
Acer,16,12th Gen,12.0,256.0,Grey,1.87,AMD Ryzen 5,,189504.35,41.25,3.0
Acer,VivoBook,11th Gen,4.0,512.0,White,2.08,AMD Ryzen 3,870.37,40416.39,,4.9
Hp,16,12th Gen,32.0,1024.0,Blue,1.21,Intel Core i3,,50439.89,23.26,3.7
Dell,VivoBook,11th Gen,16.0,1024.0,Blue,1.66,Intel Core i3,334.5,117092.56,,4.2
Dell,X1,11th Gen,16.0,256.0,Black,1.26,AMD Ryzen 3,,67659.16,,3.6
Asus,X1,10th Gen,16.0,256.0,White,2.73,Intel Core i7,,160410.2,,4.0
Hp,VivoBook,10th Gen,32.0,256.0,Black,2.15,Intel Core i7,695.61,62399.64,18.25,5.0
Hp,16,13th Gen,16.0,512.0,Black,2.11,AMD Ryzen 5,,22241.82,49.73,3.3
Dell,16,12th Gen,4.0,256.0,Black,2.39,Intel Core i7,,162581.21,27.81,3.9
Lenovo,15,12th Gen,16.0,256.0,Silver,2.93,AMD Ryzen 7,903.05,182565.87,9.57,3.9
Acer,VivoBook,13th Gen,12.0,1024.0,Silver,1.82,Intel Core i7,346.0,68824.21,16.94,3.1
Asus,X1,13th Gen,16.0,256.0,Black,2.18,AMD Ryzen 5,,150246.13,,3.8
Lenovo,15,13th Gen,4.0,256.0,White,1.53,Intel Core i7,680.39,82458.28,,4.9
Hp,14,12th Gen,8.0,1024.0,Black,1.71,Intel Core i3,324.39,198785.71,27.83,4.3
Asus,X1,12th Gen,12.0,256.0,Blue,2.18,AMD Ryzen 5,,196813.46,11.22,3.1
Hp,VivoBook,12th Gen,32.0,1024.0,White,1.66,AMD Ryzen 3,242.0,135961.95,8.7,3.2
Lenovo,15,12th Gen,16.0,1024.0,Blue,2.76,Intel Core i5,,40703.27,22.47,2.6
Hp,16,13th Gen,12.0,512.0,Silver,1.2,Intel Core i3,789.25,99479.45,22.43,2.5
Dell,15,13th Gen,4.0,1024.0,White,2.7,AMD Ryzen 7,,28581.19,44.54,4.1
Acer,VivoBook,12th Gen,16.0,256.0,Grey,2.51,AMD Ryzen 5,601.02,171832.67,,2.6
Lenovo,Inspiron,11th Gen,12.0,256.0,Black,1.72,AMD Ryzen 3,,154316.44,,2.7
Acer,VivoBook,10th Gen,4.0,256.0,Silver,2.2,AMD Ryzen 7,,191746.5,30.3,2.7
Lenovo,VivoBook,11th Gen,16.0,512.0,Grey,2.48,AMD Ryzen 3,764.73,179204.84,3.43,3.8
Dell,X1,12th Gen,16.0,512.0,Black,2.77,AMD Ryzen 7,748.89,57959.34,,4.1
Asus,16,11th Gen,12.0,256.0,Blue,2.18,AMD Ryzen 7,549.12,166648.36,42.79,3.4
Hp,Inspiron,13th Gen,16.0,256.0,Silver,1.81,AMD Ryzen 3,533.43,126651.62,,4.8
Dell,VivoBook,12th Gen,8.0,512.0,Silver,2.49,AMD Ryzen 5,967.69,78109.42,21.83,4.3
Acer,Inspiron,11th Gen,32.0,512.0,Silver,1.35,AMD Ryzen 3,,48558.7,,4.4
Lenovo,14,10th Gen,16.0,512.0,Blue,1.7,AMD Ryzen 5,474.19,78593.54,25.07,3.3
Hp,16,13th Gen,16.0,512.0,Black,2.15,Intel Core i5,,104624.69,34.32,3.8
Asus,Inspiron,10th Gen,16.0,256.0,Silver,1.4,AMD Ryzen 5,,182005.75,,4.0
Hp,X1,12th Gen,16.0,256.0,Black,1.69,AMD Ryzen 7,,68230.43,18.39,4.5
Lenovo,VivoBook,13th Gen,8.0,512.0,Grey,2.9,AMD Ryzen 7,,107135.99,,2.9
Dell,16,13th Gen,16.0,512.0,Silver,2.71,Intel Core i5,,132170.44,21.85,3.0
Acer,16,10th Gen,12.0,512.0,White,1.33,Intel Core i5,,45607.35,,3.6
Lenovo,X1,11th Gen,12.0,256.0,White,2.92,AMD Ryzen 3,732.76,192224.95,26.34,2.7
Hp,Inspiron,10th Gen,4.0,1024.0,Grey,1.79,Intel Core i3,,85211.64,20.7,3.9
Asus,Inspiron,11th Gen,4.0,512.0,Blue,1.43,AMD Ryzen 5,663.77,180956.39,8.72,3.8
Lenovo,VivoBook,13th Gen,4.0,512.0,Grey,2.28,Intel Core i3,412.39,199454.73,14.51,3.7
Lenovo,14,12th Gen,4.0,512.0,Silver,1.36,AMD Ryzen 3,,35883.93,16.8,2.7
Asus,VivoBook,10th Gen,4.0,256.0,White,2.46,Intel Core i7,,170248.5,7.33,2.7
Dell,14,10th Gen,12.0,1024.0,White,2.4,Intel Core i7,,64908.17,,2.6
Dell,VivoBook,11th Gen,32.0,256.0,Silver,1.36,AMD Ryzen 7,,65403.65,48.17,2.8
Acer,16,13th Gen,16.0,256.0,Grey,1.32,Intel Core i3,,47590.29,16.57,3.5
Lenovo,Inspiron,13th Gen,32.0,1024.0,White,2.32,Intel Core i3,,140535.49,,4.0
Lenovo,Inspiron,12th Gen,8.0,512.0,Blue,1.6,AMD Ryzen 7,335.1,45617.43,,4.0
Acer,Inspiron,10th Gen,16.0,512.0,Silver,1.95,AMD Ryzen 3,,79054.54,28.13,4.0
Acer,16,13th Gen,4.0,512.0,Blue,1.48,Intel Core i5,,109380.02,,2.5
Hp,16,13th Gen,4.0,256.0,Black,2.11,Intel Core i7,551.62,25649.22,18.82,4.3
Hp,VivoBook,10th Gen,16.0,1024.0,Silver,2.02,Intel Core i3,512.64,110520.94,,4.0
Dell,16,12th Gen,32.0,1024.0,Blue,2.5,Intel Core i7,954.97,31572.96,,3.8
Asus,16,10th Gen,4.0,1024.0,Grey,2.11,AMD Ryzen 5,,42906.08,15.28,3.8
Lenovo,16,10th Gen,8.0,512.0,Blue,2.04,AMD Ryzen 5,,63060.28,,3.6
Lenovo,X1,12th Gen,32.0,512.0,White,2.0,AMD Ryzen 3,,43533.6,38.68,4.9
Hp,X1,12th Gen,12.0,512.0,Black,2.87,AMD Ryzen 3,,138105.71,44.15,4.9
Hp,X1,12th Gen,4.0,1024.0,Silver,1.3,Intel Core i7,873.07,50497.33,1.77,4.7
Hp,16,11th Gen,16.0,256.0,Silver,1.37,AMD Ryzen 3,877.34,191532.17,,2.6
Acer,15,12th Gen,16.0,512.0,Blue,2.37,Intel Core i5,,132945.89,,4.9
Acer,15,11th Gen,4.0,512.0,Grey,2.52,Intel Core i3,,170122.46,14.9,4.4
Acer,14,13th Gen,12.0,256.0,Black,1.42,Intel Core i7,,107033.38,,3.8
Lenovo,14,13th Gen,4.0,512.0,Grey,1.96,Intel Core i3,825.74,46566.21,,3.3
Hp,14,12th Gen,8.0,512.0,Silver,2.3,Intel Core i3,970.35,194268.14,,3.0
Dell,Inspiron,13th Gen,8.0,512.0,Grey,1.5,AMD Ryzen 3,,97485.52,17.18,2.7
Dell,16,10th Gen,32.0,512.0,Black,2.32,Intel Core i5,642.91,65277.67,,4.7
Lenovo,VivoBook,11th Gen,32.0,512.0,Blue,1.75,Intel Core i7,554.74,179269.0,3.48,2.6
Lenovo,Inspiron,11th Gen,32.0,1024.0,Black,2.4,AMD Ryzen 7,532.94,101977.17,,3.2
Lenovo,16,13th Gen,12.0,256.0,White,2.84,AMD Ryzen 3,782.96,42753.39,0.95,3.4
Lenovo,VivoBook,10th Gen,32.0,256.0,Grey,1.76,Intel Core i5,614.12,199733.13,28.32,3.4
Dell,16,11th Gen,32.0,512.0,Grey,1.34,Intel Core i5,,40567.91,6.6,4.2
Acer,14,10th Gen,8.0,256.0,Grey,1.33,Intel Core i5,640.62,131116.07,,3.2
Asus,14,11th Gen,12.0,1024.0,White,1.34,Intel Core i5,,197022.58,,5.0
Asus,16,10th Gen,8.0,256.0,White,1.46,Intel Core i3,,197514.28,42.88,3.6
Dell,15,10th Gen,8.0,256.0,Grey,1.78,AMD Ryzen 5,814.91,180984.39,43.15,4.4
Dell,14,11th Gen,16.0,512.0,White,2.46,Intel Core i7,,92844.65,,3.5
Lenovo,VivoBook,13th Gen,12.0,512.0,Grey,1.22,AMD Ryzen 3,125.99,176839.0,,3.4
Lenovo,14,12th Gen,12.0,1024.0,White,2.28,AMD Ryzen 3,,20753.87,,2.9
Acer,VivoBook,10th Gen,12.0,256.0,White,1.6,AMD Ryzen 3,953.4,180139.81,23.62,3.9
Dell,15,11th Gen,8.0,1024.0,Black,1.86,AMD Ryzen 5,,175715.65,,4.1
Dell,15,10th Gen,8.0,512.0,Silver,2.39,AMD Ryzen 5,,178122.68,35.93,4.2
Hp,14,11th Gen,32.0,1024.0,Blue,2.22,Intel Core i7,130.85,120645.99,3.63,3.4
Asus,Inspiron,10th Gen,8.0,256.0,Grey,2.32,Intel Core i3,,136018.9,,3.3
Acer,15,10th Gen,12.0,512.0,Blue,2.46,AMD Ryzen 3,,189560.69,,2.6
Asus,16,10th Gen,16.0,1024.0,Black,1.37,Intel Core i3,,90962.31,,2.8
Hp,VivoBook,11th Gen,16.0,512.0,Grey,2.57,AMD Ryzen 7,,133935.37,41.58,3.8
Lenovo,14,12th Gen,12.0,1024.0,Grey,1.22,Intel Core i3,474.1,69041.46,25.14,4.5
Lenovo,14,11th Gen,32.0,1024.0,White,1.8,Intel Core i3,,64484.66,45.47,4.5
Hp,15,10th Gen,12.0,256.0,Grey,1.75,AMD Ryzen 3,,94098.39,,2.6
Hp,VivoBook,13th Gen,16.0,256.0,Grey,2.16,AMD Ryzen 5,,137070.31,43.0,3.0
Asus,16,10th Gen,16.0,512.0,White,1.4,AMD Ryzen 3,,182014.83,1.73,3.7
Acer,16,10th Gen,16.0,256.0,White,1.42,AMD Ryzen 3,384.44,30203.5,46.25,3.9
Acer,16,12th Gen,16.0,256.0,Grey,2.85,AMD Ryzen 5,,119197.72,5.59,4.5
Asus,15,12th Gen,4.0,512.0,White,1.95,Intel Core i7,407.81,41250.93,28.81,3.4
Dell,16,13th Gen,8.0,512.0,White,2.95,AMD Ryzen 7,860.41,116989.48,,3.4
Lenovo,VivoBook,13th Gen,8.0,512.0,Grey,1.43,Intel Core i7,830.84,45241.57,2.14,4.3
Hp,X1,12th Gen,16.0,512.0,Silver,2.49,AMD Ryzen 5,954.34,104712.28,20.5,2.7
Acer,X1,13th Gen,12.0,1024.0,Black,2.0,AMD Ryzen 3,,30238.04,,3.4
Dell,VivoBook,10th Gen,8.0,256.0,White,2.12,Intel Core i3,757.86,100004.11,,4.0
Lenovo,VivoBook,11th Gen,16.0,512.0,White,1.44,Intel Core i5,,47617.1,39.35,3.8
Dell,Inspiron,13th Gen,16.0,1024.0,White,1.23,AMD Ryzen 3,617.03,88512.73,1.84,3.6
Acer,16,13th Gen,8.0,1024.0,Grey,1.87,Intel Core i7,,124936.8,,4.3
Asus,16,13th Gen,8.0,256.0,Blue,1.53,AMD Ryzen 5,740.94,127475.24,,4.4
Asus,15,13th Gen,32.0,1024.0,Blue,2.86,AMD Ryzen 7,304.6,153680.4,,2.7
Dell,VivoBook,10th Gen,16.0,1024.0,Blue,2.78,AMD Ryzen 7,,130530.52,,4.7
Hp,VivoBook,13th Gen,4.0,512.0,Grey,2.64,AMD Ryzen 3,,47971.85,,4.1
Asus,VivoBook,13th Gen,12.0,256.0,Silver,2.33,AMD Ryzen 5,,104382.86,,2.9
Hp,16,13th Gen,16.0,1024.0,White,2.93,Intel Core i3,,120852.24,18.49,3.6
Asus,VivoBook,12th Gen,12.0,1024.0,White,1.32,Intel Core i5,937.82,97170.52,,4.0
Dell,14,12th Gen,12.0,1024.0,Grey,2.77,Intel Core i3,248.59,164467.66,46.62,3.0
Hp,14,11th Gen,16.0,256.0,White,2.64,Intel Core i5,544.11,119812.25,,4.0
Dell,16,13th Gen,4.0,512.0,White,1.48,Intel Core i7,217.78,101194.02,,4.4
Hp,Inspiron,11th Gen,4.0,1024.0,Grey,2.9,AMD Ryzen 7,880.72,156398.44,,4.9
Asus,X1,10th Gen,16.0,1024.0,White,1.84,AMD Ryzen 5,849.98,192161.24,,5.0
Hp,VivoBook,13th Gen,12.0,512.0,Grey,1.97,Intel Core i5,,22174.43,2.99,2.8
Acer,16,11th Gen,32.0,1024.0,Black,2.63,AMD Ryzen 5,957.27,74928.2,16.92,3.1
Lenovo,VivoBook,12th Gen,12.0,256.0,Silver,2.07,Intel Core i3,,21953.52,,2.6
Hp,X1,12th Gen,32.0,1024.0,Blue,2.0,Intel Core i5,,160913.98,16.3,3.5
Lenovo,15,11th Gen,4.0,512.0,Grey,2.26,AMD Ryzen 5,,150498.04,45.23,3.2
Dell,14,13th Gen,32.0,1024.0,Silver,2.81,Intel Core i7,,92655.94,38.54,2.9
Asus,14,10th Gen,8.0,1024.0,Blue,2.1,AMD Ryzen 3,,33346.03,,4.2
Dell,15,13th Gen,32.0,256.0,White,2.55,AMD Ryzen 5,651.08,125619.64,,4.5
Dell,X1,10th Gen,12.0,512.0,Grey,1.42,Intel Core i5,,58188.12,,5.0
Hp,15,12th Gen,4.0,256.0,Silver,1.5,AMD Ryzen 7,,99588.17,,4.0
Asus,Inspiron,12th Gen,12.0,256.0,Silver,2.44,Intel Core i5,,27262.36,,4.5
Hp,15,11th Gen,16.0,256.0,Blue,2.52,AMD Ryzen 7,464.55,69194.33,15.92,4.3
Asus,X1,11th Gen,16.0,512.0,Grey,2.73,AMD Ryzen 5,242.9,53830.16,,3.9
Lenovo,X1,11th Gen,8.0,256.0,Grey,1.46,Intel Core i7,346.6,72252.03,,3.2
Asus,14,11th Gen,12.0,256.0,Silver,2.63,AMD Ryzen 5,,152822.85,,3.7
Hp,14,11th Gen,12.0,1024.0,Black,1.26,Intel Core i3,546.25,77896.21,8.56,3.6
Acer,16,13th Gen,8.0,512.0,Silver,2.21,AMD Ryzen 7,855.08,82843.61,,3.9
Hp,X1,11th Gen,8.0,1024.0,Silver,2.6,AMD Ryzen 5,134.62,46061.72,24.66,4.4
Asus,Inspiron,10th Gen,16.0,256.0,Silver,1.54,Intel Core i7,387.83,63994.31,49.58,4.0
Hp,VivoBook,10th Gen,16.0,256.0,White,2.99,AMD Ryzen 7,,95710.28,29.94,4.4
Acer,14,11th Gen,32.0,1024.0,Blue,1.34,,852.81,105745.07,,4.3
Hp,16,10th Gen,12.0,1024.0,Silver,2.51,AMD Ryzen 5,232.99,39662.44,29.08,4.1
Acer,VivoBook,13th Gen,32.0,1024.0,Silver,1.43,AMD Ryzen 3,986.73,35982.92,,2.7
Acer,14,11th Gen,16.0,256.0,Black,2.7,AMD Ryzen 3,557.46,135872.32,4.55,2.6
Acer,VivoBook,11th Gen,8.0,512.0,Grey,1.65,AMD Ryzen 3,,78232.42,,3.3
Acer,Inspiron,12th Gen,16.0,512.0,Silver,2.89,Intel Core i5,,61262.41,45.94,4.3
Lenovo,14,12th Gen,4.0,512.0,Black,2.51,AMD Ryzen 5,,132340.07,10.43,4.3
Hp,16,12th Gen,16.0,512.0,Grey,1.77,AMD Ryzen 5,354.3,136762.77,,3.0
Lenovo,15,12th Gen,4.0,512.0,Black,,Intel Core i5,,193422.27,,4.4
Hp,VivoBook,13th Gen,4.0,256.0,Silver,1.76,AMD Ryzen 5,,71044.98,19.75,3.9
Hp,VivoBook,10th Gen,32.0,256.0,White,2.63,Intel Core i5,710.88,129660.99,,3.8
Acer,16,13th Gen,12.0,512.0,Blue,2.97,AMD Ryzen 5,769.09,137395.04,,3.1
Hp,15,10th Gen,8.0,512.0,Silver,1.64,Intel Core i7,,185364.42,,3.2
Acer,16,12th Gen,32.0,256.0,Grey,1.63,AMD Ryzen 7,933.12,166888.53,40.97,3.5
Acer,Inspiron,13th Gen,8.0,1024.0,Black,2.31,Intel Core i5,243.41,111463.22,,4.2
Lenovo,14,10th Gen,12.0,1024.0,Grey,2.02,AMD Ryzen 3,,177622.16,,4.2
Dell,Inspiron,11th Gen,8.0,256.0,Blue,2.2,AMD Ryzen 5,613.61,109864.54,,2.7
Acer,VivoBook,10th Gen,16.0,512.0,Blue,2.46,AMD Ryzen 5,,107573.83,22.6,3.5
Asus,14,13th Gen,12.0,1024.0,Blue,2.87,Intel Core i3,,83123.85,,4.0
Lenovo,Inspiron,13th Gen,8.0,1024.0,Blue,2.27,Intel Core i3,522.2,50943.86,43.3,3.5
Asus,16,12th Gen,4.0,512.0,Black,1.46,Intel Core i3,,149765.63,,2.6
Acer,14,13th Gen,4.0,512.0,Blue,1.84,Intel Core i3,386.66,86339.32,,2.6
Hp,14,10th Gen,4.0,1024.0,Grey,,AMD Ryzen 3,,37964.27,2.24,4.3
Acer,15,10th Gen,4.0,1024.0,Silver,2.3,AMD Ryzen 5,,104774.94,,2.9
Hp,Inspiron,11th Gen,12.0,1024.0,Black,2.69,Intel Core i5,,107787.1,31.45,2.6
Dell,X1,10th Gen,32.0,1024.0,White,2.95,AMD Ryzen 5,631.93,178095.9,,2.5
Dell,X1,12th Gen,12.0,1024.0,Blue,2.55,Intel Core i5,320.22,157466.89,48.15,3.2
Hp,VivoBook,11th Gen,12.0,256.0,Grey,1.65,Intel Core i3,,61012.47,,4.5
Acer,X1,10th Gen,4.0,256.0,Blue,1.68,AMD Ryzen 3,,115514.02,14.16,5.0
Asus,VivoBook,13th Gen,12.0,512.0,Blue,1.27,Intel Core i3,748.35,103962.35,,3.5
Acer,VivoBook,10th Gen,16.0,512.0,Black,1.72,AMD Ryzen 5,379.3,47338.47,45.03,4.2
Asus,15,10th Gen,16.0,512.0,Blue,2.63,Intel Core i7,209.7,129470.03,,4.3
Lenovo,Inspiron,12th Gen,12.0,256.0,Black,1.42,Intel Core i5,370.81,135780.72,,4.9
Hp,14,12th Gen,12.0,1024.0,White,1.99,AMD Ryzen 5,,169540.75,,2.7
Lenovo,VivoBook,12th Gen,12.0,512.0,Silver,2.64,AMD Ryzen 3,,66440.78,41.39,4.4
Hp,X1,12th Gen,32.0,1024.0,Grey,2.73,AMD Ryzen 3,467.58,58817.7,27.4,2.8
Lenovo,X1,13th Gen,16.0,512.0,Blue,1.48,Intel Core i7,,118818.45,6.48,3.5
Asus,14,12th Gen,4.0,256.0,Black,2.28,AMD Ryzen 5,,79228.69,32.84,3.6
Hp,Inspiron,12th Gen,8.0,512.0,Black,2.25,AMD Ryzen 7,,108754.24,,3.0
Asus,VivoBook,12th Gen,32.0,1024.0,Blue,1.8,Intel Core i3,,176957.97,46.95,3.4
Dell,15,11th Gen,4.0,1024.0,Black,1.52,AMD Ryzen 7,214.27,185142.85,44.7,3.6
Asus,16,12th Gen,16.0,1024.0,White,,AMD Ryzen 3,177.98,65780.46,25.36,3.1
Asus,14,13th Gen,4.0,256.0,Blue,1.75,AMD Ryzen 7,,82850.52,3.17,4.1
Hp,14,13th Gen,12.0,,Blue,2.43,AMD Ryzen 7,,62656.93,41.46,3.1
Acer,VivoBook,10th Gen,8.0,256.0,Silver,2.47,Intel Core i3,,98191.82,0.67,3.2
Acer,15,10th Gen,16.0,1024.0,Silver,2.8,Intel Core i5,919.68,135252.52,,3.9
Asus,Inspiron,10th Gen,16.0,256.0,Grey,1.25,AMD Ryzen 5,955.16,176799.81,,4.0
Hp,14,13th Gen,32.0,1024.0,Grey,2.24,AMD Ryzen 3,949.72,170624.59,18.21,3.9
Dell,16,11th Gen,8.0,1024.0,Grey,1.52,Intel Core i5,,83090.63,,4.7
Acer,VivoBook,10th Gen,4.0,256.0,Grey,1.73,AMD Ryzen 7,,134238.77,,3.0
Hp,14,11th Gen,16.0,1024.0,Silver,1.3,AMD Ryzen 3,625.95,90110.56,,4.5
Asus,X1,13th Gen,16.0,256.0,Blue,2.18,AMD Ryzen 5,137.65,145464.7,,4.3
Lenovo,Inspiron,10th Gen,32.0,1024.0,Grey,2.29,Intel Core i5,684.67,49763.4,,3.5
Dell,Inspiron,13th Gen,12.0,256.0,Grey,2.84,AMD Ryzen 5,,151355.2,,3.8
Lenovo,X1,11th Gen,8.0,256.0,Blue,1.21,AMD Ryzen 3,,47908.95,,4.9
Acer,14,12th Gen,8.0,512.0,Blue,1.9,AMD Ryzen 3,349.98,173135.24,,4.2
Acer,15,12th Gen,32.0,256.0,Black,2.97,AMD Ryzen 3,194.46,197431.49,,3.5
Acer,X1,10th Gen,4.0,256.0,Blue,1.33,Intel Core i5,342.24,80418.13,,4.5
Acer,Inspiron,13th Gen,8.0,512.0,White,2.33,AMD Ryzen 3,,171632.2,,3.9
Dell,Inspiron,12th Gen,4.0,1024.0,White,1.62,Intel Core i5,405.83,35858.09,39.12,4.7
Lenovo,16,13th Gen,12.0,256.0,Silver,1.98,Intel Core i5,,134811.61,20.18,4.2
Hp,X1,11th Gen,4.0,512.0,White,2.47,Intel Core i7,,194405.84,,3.4
Hp,14,11th Gen,4.0,1024.0,Black,2.83,AMD Ryzen 7,385.33,116349.19,12.93,3.6
Lenovo,14,13th Gen,32.0,512.0,White,2.32,AMD Ryzen 5,909.23,191682.44,17.56,2.9
Asus,15,10th Gen,32.0,1024.0,White,1.52,AMD Ryzen 7,,102582.15,,4.1
Asus,Inspiron,13th Gen,12.0,512.0,Grey,1.92,AMD Ryzen 3,867.7,115845.28,36.07,3.8
Acer,16,10th Gen,8.0,1024.0,Silver,1.6,Intel Core i5,,173133.56,30.46,3.4
Asus,X1,12th Gen,32.0,512.0,Blue,1.43,AMD Ryzen 3,244.35,100890.79,,3.6
Lenovo,Inspiron,11th Gen,12.0,512.0,Blue,1.67,Intel Core i7,591.79,54832.37,,3.2
Hp,16,13th Gen,12.0,512.0,Silver,1.37,AMD Ryzen 5,835.53,73990.21,,3.0
Acer,VivoBook,13th Gen,4.0,256.0,Grey,1.57,AMD Ryzen 7,788.18,36566.22,12.08,3.8
Asus,X1,12th Gen,4.0,256.0,Blue,1.57,AMD Ryzen 5,294.71,37433.54,20.86,3.6
Dell,VivoBook,11th Gen,4.0,1024.0,Silver,1.4,Intel Core i3,324.87,65673.68,47.93,3.5
Acer,14,10th Gen,4.0,1024.0,Blue,2.75,Intel Core i3,,53146.06,12.88,3.5
Lenovo,X1,13th Gen,12.0,1024.0,Silver,2.06,Intel Core i3,,30432.17,,3.6
Lenovo,Inspiron,12th Gen,32.0,512.0,Blue,2.58,AMD Ryzen 7,334.98,172945.71,,2.8
Hp,16,13th Gen,16.0,256.0,Black,2.82,AMD Ryzen 5,,170349.6,,3.1
Hp,VivoBook,13th Gen,32.0,512.0,White,2.84,Intel Core i5,,139521.74,27.49,3.4
Asus,VivoBook,13th Gen,12.0,1024.0,Blue,2.35,AMD Ryzen 7,965.3,73202.28,,3.1
Dell,16,12th Gen,12.0,512.0,White,1.27,AMD Ryzen 3,,162833.76,3.68,3.2
Hp,X1,13th Gen,16.0,512.0,Black,2.01,Intel Core i5,591.18,90512.21,,3.6
Lenovo,VivoBook,12th Gen,4.0,256.0,Black,2.34,AMD Ryzen 3,485.28,108043.79,16.37,2.8
Hp,VivoBook,12th Gen,16.0,512.0,Grey,1.79,AMD Ryzen 5,,109404.13,36.85,5.0
Asus,16,12th Gen,16.0,1024.0,Grey,2.74,Intel Core i3,,119715.05,44.38,4.5
Asus,Inspiron,10th Gen,32.0,1024.0,Grey,2.09,AMD Ryzen 5,897.38,196436.98,,4.6
Hp,15,12th Gen,4.0,1024.0,White,2.96,AMD Ryzen 7,,186410.46,,3.1
Asus,15,10th Gen,16.0,256.0,Blue,2.07,Intel Core i3,255.21,55656.99,,3.1
Dell,14,13th Gen,32.0,512.0,White,2.03,AMD Ryzen 5,,108676.06,39.49,3.7
Asus,14,13th Gen,8.0,1024.0,Black,2.74,Intel Core i5,890.94,186451.49,,2.9
Dell,X1,11th Gen,8.0,1024.0,Silver,2.49,AMD Ryzen 3,,96001.74,46.03,3.3
Acer,Inspiron,13th Gen,12.0,256.0,Black,1.77,AMD Ryzen 7,947.53,102396.06,18.69,3.7
Dell,14,12th Gen,8.0,1024.0,Black,1.22,AMD Ryzen 5,431.57,51385.92,,3.9
Acer,VivoBook,10th Gen,16.0,1024.0,White,1.92,AMD Ryzen 7,,74416.67,37.01,2.6
Lenovo,15,13th Gen,4.0,256.0,Blue,2.32,AMD Ryzen 3,991.97,192995.69,,2.7
Asus,VivoBook,10th Gen,32.0,1024.0,White,1.99,Intel Core i7,,71254.31,,3.4
Asus,VivoBook,11th Gen,16.0,1024.0,Blue,2.67,AMD Ryzen 3,545.66,98854.85,,3.4
Asus,X1,13th Gen,32.0,512.0,Black,1.51,Intel Core i3,730.32,101251.19,36.22,3.5
Acer,VivoBook,10th Gen,8.0,,Silver,2.86,Intel Core i5,,137350.39,9.84,3.3
Asus,X1,13th Gen,4.0,512.0,Blue,2.86,AMD Ryzen 7,787.32,164907.94,,3.6
Acer,Inspiron,13th Gen,32.0,1024.0,Grey,2.35,Intel Core i5,,69326.45,48.94,4.6
Hp,16,12th Gen,4.0,256.0,White,1.97,Intel Core i7,693.4,136256.88,,2.8
Asus,14,10th Gen,16.0,1024.0,Silver,2.88,AMD Ryzen 3,,39371.38,,3.5
Hp,15,13th Gen,8.0,1024.0,Grey,2.82,AMD Ryzen 7,,25630.73,,2.9
Asus,15,10th Gen,16.0,1024.0,Grey,2.03,Intel Core i5,,178917.91,,4.2
Dell,X1,10th Gen,4.0,512.0,White,1.46,AMD Ryzen 7,,76392.53,,4.5
Lenovo,15,10th Gen,4.0,256.0,Blue,1.87,Intel Core i3,263.24,83227.9,23.63,2.6
Dell,16,13th Gen,12.0,1024.0,Grey,1.47,Intel Core i5,,103761.04,44.41,3.9
Acer,14,12th Gen,12.0,1024.0,Grey,1.42,Intel Core i5,,79130.05,,4.5
Hp,16,13th Gen,8.0,1024.0,Black,2.8,AMD Ryzen 7,,150895.4,,4.8
Dell,14,11th Gen,12.0,256.0,Black,1.29,Intel Core i3,,100838.54,,3.7
Asus,Inspiron,11th Gen,8.0,1024.0,Black,2.91,AMD Ryzen 7,590.7,33932.89,48.17,3.5
Hp,16,12th Gen,12.0,1024.0,Black,2.52,Intel Core i3,,175948.37,30.51,2.9
Dell,15,10th Gen,16.0,1024.0,Black,1.42,Intel Core i5,,150267.44,,2.6
Lenovo,VivoBook,10th Gen,8.0,512.0,Grey,2.43,AMD Ryzen 5,514.58,135199.52,22.09,3.3
Lenovo,VivoBook,13th Gen,4.0,1024.0,Black,2.81,AMD Ryzen 3,812.44,159457.73,36.78,4.5
Asus,X1,12th Gen,32.0,1024.0,Black,1.31,AMD Ryzen 7,,159429.41,40.39,2.8
Dell,X1,11th Gen,16.0,256.0,Grey,1.62,Intel Core i7,476.41,20017.07,15.13,4.7
Acer,X1,13th Gen,4.0,256.0,Blue,1.24,Intel Core i7,,30091.96,7.64,3.1
Asus,Inspiron,10th Gen,4.0,256.0,White,2.42,AMD Ryzen 5,376.94,118076.8,,4.0
Lenovo,15,11th Gen,12.0,1024.0,Grey,2.33,AMD Ryzen 7,650.36,187233.31,,2.7
Dell,Inspiron,10th Gen,8.0,256.0,White,1.81,AMD Ryzen 7,351.1,32177.97,43.58,4.2
Lenovo,X1,13th Gen,4.0,1024.0,Grey,1.63,AMD Ryzen 3,833.21,75641.17,47.15,4.1
Acer,14,11th Gen,4.0,1024.0,White,2.46,Intel Core i5,951.67,137591.79,,4.9
Asus,Inspiron,11th Gen,32.0,1024.0,White,1.37,AMD Ryzen 7,669.67,94360.53,,4.2
Dell,VivoBook,12th Gen,4.0,1024.0,Black,2.15,AMD Ryzen 3,,180751.04,6.96,3.0
Dell,14,13th Gen,8.0,256.0,White,1.76,Intel Core i5,214.59,170140.3,,2.8
Lenovo,VivoBook,11th Gen,12.0,512.0,Silver,1.86,AMD Ryzen 5,307.51,191137.36,40.4,2.8
Lenovo,14,13th Gen,32.0,1024.0,Black,2.75,Intel Core i5,716.21,56776.3,,4.7
Acer,16,11th Gen,8.0,512.0,Silver,1.72,AMD Ryzen 5,221.26,188352.58,7.84,4.9
Lenovo,VivoBook,11th Gen,8.0,512.0,White,2.47,AMD Ryzen 5,,122125.95,,3.5
Acer,X1,11th Gen,32.0,256.0,White,2.25,AMD Ryzen 3,,21590.35,,3.0
Dell,15,10th Gen,16.0,512.0,Grey,1.38,AMD Ryzen 7,,62682.83,42.03,4.5
Hp,14,13th Gen,16.0,512.0,Blue,2.89,Intel Core i3,893.14,83808.02,4.42,2.8
Dell,VivoBook,13th Gen,12.0,512.0,Silver,2.35,AMD Ryzen 5,307.97,57303.15,,3.9
Dell,X1,12th Gen,16.0,256.0,Silver,2.24,,,185789.79,,4.1
Acer,X1,10th Gen,32.0,256.0,Grey,1.23,AMD Ryzen 3,,37868.53,,4.0
Asus,VivoBook,12th Gen,,,White,2.1,Intel Core i7,903.44,192669.8,16.87,3.8
Asus,14,10th Gen,4.0,1024.0,Grey,1.68,AMD Ryzen 3,,167498.82,6.31,4.9
Asus,14,11th Gen,4.0,256.0,Grey,1.59,Intel Core i5,132.38,57296.57,,4.9
Hp,14,13th Gen,,256.0,Blue,1.23,AMD Ryzen 3,580.32,28420.36,28.33,4.6
Hp,16,12th Gen,12.0,1024.0,Blue,2.34,AMD Ryzen 3,963.34,98565.67,27.19,4.5
Acer,X1,13th Gen,32.0,256.0,Blue,2.42,Intel Core i3,494.04,98856.54,,3.4
Hp,14,13th Gen,12.0,256.0,Black,2.77,Intel Core i3,,71683.68,,2.9
Dell,16,13th Gen,4.0,1024.0,White,1.35,AMD Ryzen 3,,130691.47,,4.7
Dell,X1,10th Gen,32.0,256.0,White,2.3,Intel Core i7,,58382.98,14.5,2.7
Lenovo,VivoBook,13th Gen,32.0,512.0,Blue,1.78,AMD Ryzen 7,294.53,21380.99,44.45,3.7
Lenovo,VivoBook,13th Gen,4.0,1024.0,White,2.4,AMD Ryzen 5,418.87,30207.34,24.68,4.0
Dell,X1,10th Gen,4.0,512.0,White,1.78,AMD Ryzen 3,598.33,174780.32,,5.0
Asus,16,10th Gen,4.0,1024.0,White,2.83,AMD Ryzen 5,,100940.93,31.54,4.4
Lenovo,15,10th Gen,12.0,1024.0,Silver,2.62,Intel Core i5,139.66,51581.94,15.63,2.7
Dell,15,10th Gen,8.0,256.0,Silver,2.43,Intel Core i3,621.05,57590.16,,4.3
Lenovo,15,11th Gen,8.0,1024.0,Silver,2.32,AMD Ryzen 3,,62219.81,3.69,2.7
Acer,16,11th Gen,4.0,1024.0,Grey,1.81,Intel Core i7,,48640.6,1.12,3.8
Lenovo,Inspiron,12th Gen,4.0,512.0,Blue,1.74,AMD Ryzen 3,,68607.7,,4.2
Dell,VivoBook,12th Gen,4.0,512.0,Silver,2.54,AMD Ryzen 3,400.36,141463.43,13.23,2.8
Asus,VivoBook,13th Gen,8.0,512.0,Blue,2.39,Intel Core i3,421.59,111387.33,,3.9
Hp,16,10th Gen,4.0,1024.0,Silver,2.12,Intel Core i7,,20095.52,22.19,2.7
Asus,15,10th Gen,12.0,256.0,Blue,2.04,AMD Ryzen 7,,127090.29,30.56,4.8
Dell,15,13th Gen,16.0,1024.0,Blue,2.81,Intel Core i3,398.18,143196.02,8.91,4.0
Dell,VivoBook,13th Gen,8.0,1024.0,Silver,2.96,Intel Core i5,725.49,167912.66,33.8,3.1
Asus,14,11th Gen,32.0,512.0,Grey,1.36,AMD Ryzen 5,,63401.31,23.85,3.2
Dell,Inspiron,12th Gen,16.0,1024.0,Grey,1.64,Intel Core i3,,49500.94,,3.4
Acer,15,10th Gen,32.0,1024.0,White,2.71,Intel Core i3,886.92,98136.67,49.83,3.7
Acer,Inspiron,12th Gen,16.0,256.0,Grey,2.93,Intel Core i5,,44913.4,40.28,4.2
Lenovo,16,11th Gen,16.0,512.0,White,2.54,AMD Ryzen 5,,81625.18,27.48,4.1
Asus,Inspiron,11th Gen,32.0,512.0,Silver,2.71,AMD Ryzen 7,,84112.18,9.07,4.7
Dell,X1,10th Gen,8.0,1024.0,Black,,AMD Ryzen 3,809.57,75570.72,,4.3
Lenovo,X1,11th Gen,,1024.0,Blue,2.65,AMD Ryzen 3,,60352.48,,2.8
Dell,16,10th Gen,12.0,1024.0,White,2.37,Intel Core i7,998.57,147481.28,37.43,3.0
Lenovo,VivoBook,12th Gen,32.0,1024.0,Blue,2.73,Intel Core i3,508.91,105005.31,10.08,3.9
Dell,16,10th Gen,16.0,1024.0,Grey,2.47,Intel Core i5,533.97,88389.54,,3.3
Lenovo,VivoBook,11th Gen,16.0,256.0,Black,1.28,Intel Core i3,139.68,148007.99,48.21,4.1
Lenovo,14,13th Gen,4.0,1024.0,Blue,1.76,AMD Ryzen 5,615.69,173177.52,25.11,2.7
Dell,Inspiron,10th Gen,12.0,512.0,White,2.15,AMD Ryzen 5,275.22,79345.61,38.46,3.9
Asus,VivoBook,13th Gen,12.0,256.0,Grey,2.53,Intel Core i5,367.18,141542.88,,4.7
Dell,15,11th Gen,4.0,512.0,Black,2.26,Intel Core i3,,165684.15,22.06,3.0
Lenovo,X1,13th Gen,8.0,512.0,White,2.01,,,95543.24,23.29,2.6
Lenovo,X1,12th Gen,12.0,1024.0,Blue,1.72,Intel Core i7,963.81,137281.81,,3.2
Asus,Inspiron,11th Gen,16.0,256.0,White,2.52,Intel Core i3,952.12,46524.31,,2.7
Acer,14,11th Gen,8.0,1024.0,Silver,1.31,Intel Core i3,154.16,186525.36,37.98,2.7
Lenovo,VivoBook,13th Gen,4.0,1024.0,Grey,2.3,Intel Core i3,,175932.52,,3.0
Lenovo,14,13th Gen,4.0,,Grey,1.67,Intel Core i7,368.75,187043.94,,3.3
Acer,15,10th Gen,4.0,512.0,Blue,1.89,AMD Ryzen 7,,117146.11,43.8,2.9
Acer,16,10th Gen,12.0,1024.0,Black,1.55,Intel Core i7,738.01,168222.26,30.72,3.9
Lenovo,14,11th Gen,32.0,256.0,Grey,2.82,Intel Core i7,,137554.12,9.23,4.9
Hp,16,11th Gen,8.0,256.0,Blue,1.4,AMD Ryzen 7,,99933.95,,3.5
Acer,15,13th Gen,12.0,512.0,Black,1.43,AMD Ryzen 3,774.52,184919.99,22.46,2.5
Lenovo,X1,12th Gen,12.0,512.0,Black,1.77,AMD Ryzen 7,,167976.26,,4.6
Dell,16,13th Gen,32.0,512.0,Black,2.47,AMD Ryzen 3,,135087.2,17.82,4.6
Acer,16,12th Gen,12.0,512.0,Silver,1.35,AMD Ryzen 3,530.89,119016.72,,4.9
Hp,16,10th Gen,4.0,256.0,White,1.45,AMD Ryzen 3,,129487.04,49.75,4.4
Asus,Inspiron,11th Gen,32.0,256.0,White,2.26,AMD Ryzen 5,,150373.75,21.12,2.7
Asus,VivoBook,11th Gen,12.0,1024.0,Silver,1.22,AMD Ryzen 7,789.33,71223.47,19.78,3.9
Hp,X1,13th Gen,32.0,1024.0,Blue,2.83,Intel Core i5,550.44,55380.41,,3.4
Hp,15,10th Gen,8.0,1024.0,Black,1.61,Intel Core i5,388.22,168411.83,,4.3
Acer,VivoBook,11th Gen,16.0,512.0,Blue,1.95,AMD Ryzen 3,806.17,74974.85,,4.1
Asus,16,11th Gen,4.0,1024.0,Blue,1.51,Intel Core i7,528.82,107449.54,46.52,3.9
Dell,14,13th Gen,16.0,256.0,Silver,2.68,Intel Core i3,,28521.03,,4.2
Acer,14,13th Gen,16.0,512.0,Silver,2.38,AMD Ryzen 7,,62481.93,37.99,4.0
Acer,X1,13th Gen,12.0,1024.0,Silver,2.57,AMD Ryzen 5,714.11,106735.96,34.86,3.8
Hp,15,10th Gen,4.0,1024.0,Black,2.27,Intel Core i7,,29678.67,,2.6
Acer,X1,11th Gen,12.0,512.0,Silver,2.7,Intel Core i5,753.79,67901.59,,4.5
Acer,X1,10th Gen,32.0,1024.0,Silver,2.65,AMD Ryzen 7,,183644.54,,3.9
Asus,14,13th Gen,16.0,1024.0,Black,2.36,AMD Ryzen 7,283.09,92224.99,,4.0
Lenovo,Inspiron,13th Gen,32.0,512.0,Grey,1.85,Intel Core i5,677.78,24240.33,12.31,3.0
Asus,15,11th Gen,4.0,1024.0,Grey,2.54,AMD Ryzen 7,,108461.24,47.38,4.1
Dell,VivoBook,13th Gen,32.0,256.0,Black,2.96,Intel Core i5,,103354.04,,4.4
Dell,16,13th Gen,16.0,1024.0,Silver,1.27,Intel Core i3,,123340.69,,3.4
Dell,16,12th Gen,32.0,1024.0,Silver,2.74,AMD Ryzen 7,,157239.96,,3.3
Dell,Inspiron,12th Gen,32.0,256.0,Blue,1.89,,,34385.35,,3.4
Hp,16,11th Gen,16.0,256.0,Silver,1.68,Intel Core i7,511.34,101396.09,24.47,3.2
Acer,16,11th Gen,4.0,1024.0,White,1.93,AMD Ryzen 7,393.56,129930.17,15.72,3.2
Dell,VivoBook,13th Gen,32.0,1024.0,Black,1.45,AMD Ryzen 5,956.06,87152.95,,2.7
Asus,15,11th Gen,8.0,256.0,Blue,1.82,AMD Ryzen 7,,184894.48,,4.5
Dell,VivoBook,10th Gen,32.0,1024.0,Black,1.87,AMD Ryzen 3,865.59,158042.5,12.13,4.6
Lenovo,X1,12th Gen,4.0,256.0,Blue,1.68,AMD Ryzen 3,647.28,185762.6,,3.1
Asus,15,11th Gen,8.0,512.0,Grey,1.86,AMD Ryzen 3,,91272.97,,2.6
Asus,14,12th Gen,16.0,256.0,White,2.13,AMD Ryzen 7,,168529.76,0.71,4.0
Dell,Inspiron,13th Gen,16.0,512.0,White,1.95,Intel Core i5,,167432.76,,4.2
Acer,15,13th Gen,4.0,512.0,Black,1.41,AMD Ryzen 5,885.43,183716.73,,3.8
Asus,Inspiron,11th Gen,4.0,256.0,Blue,2.67,Intel Core i7,,138630.35,41.18,2.5
Asus,Inspiron,12th Gen,32.0,256.0,Silver,1.98,Intel Core i7,630.37,195825.59,31.21,4.7
Acer,X1,10th Gen,32.0,512.0,Grey,2.86,AMD Ryzen 5,370.66,185960.55,13.96,3.4
Acer,15,10th Gen,12.0,1024.0,Blue,2.32,AMD Ryzen 7,,138922.46,1.76,2.6
Acer,14,11th Gen,16.0,256.0,Silver,1.27,AMD Ryzen 3,,60525.24,49.92,4.1
Hp,16,13th Gen,32.0,512.0,White,,AMD Ryzen 5,775.16,179770.38,46.39,4.2
Dell,X1,12th Gen,8.0,512.0,Blue,1.75,AMD Ryzen 5,356.77,91919.45,31.25,4.5
Dell,X1,10th Gen,12.0,512.0,Silver,1.44,Intel Core i3,389.47,146747.29,4.96,3.7
Dell,Inspiron,12th Gen,32.0,1024.0,White,1.39,Intel Core i7,,149879.38,5.66,2.9
Hp,16,10th Gen,32.0,256.0,Grey,1.96,Intel Core i7,188.69,172136.04,,3.7
Dell,15,11th Gen,12.0,256.0,White,1.59,Intel Core i3,,113961.36,25.65,3.1
Asus,14,10th Gen,12.0,256.0,Grey,1.59,AMD Ryzen 3,805.28,105982.65,26.48,4.0
Acer,VivoBook,10th Gen,32.0,256.0,Grey,2.01,Intel Core i5,,122005.53,,4.2
Hp,VivoBook,10th Gen,16.0,512.0,Blue,1.35,AMD Ryzen 7,,172673.39,2.27,2.6
Dell,Inspiron,10th Gen,4.0,256.0,Black,2.36,AMD Ryzen 7,494.67,88895.88,,4.4
Asus,VivoBook,13th Gen,4.0,256.0,Grey,2.22,AMD Ryzen 7,,60250.86,,4.5
Asus,16,11th Gen,16.0,256.0,Grey,1.74,AMD Ryzen 7,,63885.45,33.81,2.8
Hp,14,11th Gen,8.0,512.0,Blue,1.28,AMD Ryzen 3,,98670.97,7.53,4.2
Dell,15,11th Gen,12.0,256.0,Blue,1.4,AMD Ryzen 7,965.15,29294.71,,3.9
Hp,Inspiron,11th Gen,12.0,512.0,Grey,2.53,Intel Core i5,,150560.42,,4.1
Dell,X1,11th Gen,12.0,1024.0,Blue,2.94,Intel Core i7,,160367.06,12.26,4.6
Hp,15,12th Gen,32.0,512.0,Black,1.48,Intel Core i7,,178259.8,12.62,4.1
Asus,16,11th Gen,12.0,1024.0,Silver,2.21,AMD Ryzen 5,565.64,101997.17,,4.9
Lenovo,16,11th Gen,8.0,512.0,Grey,2.93,AMD Ryzen 7,,188520.32,,2.7
Hp,X1,13th Gen,32.0,256.0,Silver,1.92,AMD Ryzen 7,345.01,75767.33,,3.5
Acer,14,12th Gen,4.0,1024.0,Blue,2.76,Intel Core i7,391.42,51868.33,11.21,3.0
Hp,16,12th Gen,32.0,256.0,White,1.72,AMD Ryzen 7,,136822.12,44.38,2.9
Hp,15,11th Gen,16.0,256.0,Black,2.16,Intel Core i7,,92233.46,46.27,4.2
Dell,15,13th Gen,4.0,256.0,Silver,1.97,Intel Core i7,746.88,103029.98,45.29,4.5
Hp,15,10th Gen,12.0,512.0,Black,2.69,AMD Ryzen 7,,195020.75,,4.7
Asus,15,11th Gen,16.0,256.0,Grey,1.97,Intel Core i7,566.5,99982.77,,3.7
Hp,14,13th Gen,8.0,256.0,White,2.87,AMD Ryzen 3,417.36,61969.33,,2.7
Hp,X1,12th Gen,8.0,256.0,Silver,2.82,Intel Core i5,,127718.52,10.94,3.9
Asus,X1,12th Gen,8.0,1024.0,Silver,1.67,AMD Ryzen 7,,97556.35,11.68,4.9
Hp,14,13th Gen,16.0,1024.0,White,2.09,AMD Ryzen 7,,64588.19,4.76,4.3
Acer,16,10th Gen,12.0,1024.0,Silver,1.54,Intel Core i3,,33352.92,12.63,2.9
Dell,VivoBook,12th Gen,12.0,1024.0,Silver,2.54,Intel Core i7,518.64,101192.64,,3.6
Asus,Inspiron,10th Gen,4.0,1024.0,Black,2.75,Intel Core i3,777.31,96840.1,,4.2
Asus,X1,13th Gen,4.0,256.0,White,1.62,Intel Core i5,311.76,163018.5,,3.2
Dell,15,10th Gen,4.0,1024.0,Silver,2.12,AMD Ryzen 5,350.39,152940.75,30.45,4.3
Acer,14,12th Gen,12.0,256.0,Silver,1.89,Intel Core i5,,51023.64,,3.1
Hp,15,12th Gen,8.0,1024.0,Black,2.94,AMD Ryzen 3,554.99,131248.14,43.1,4.1
Asus,16,10th Gen,8.0,512.0,Grey,2.23,Intel Core i7,176.14,162415.13,,4.6
Asus,Inspiron,10th Gen,16.0,1024.0,Black,1.52,AMD Ryzen 7,,133281.83,40.71,2.8
Asus,X1,10th Gen,4.0,256.0,White,1.73,AMD Ryzen 5,,75389.47,13.11,3.2
Hp,VivoBook,10th Gen,16.0,512.0,Silver,1.29,AMD Ryzen 7,,21544.45,15.94,2.9
Lenovo,14,12th Gen,12.0,256.0,Silver,2.56,Intel Core i7,415.75,28113.42,43.48,3.5
Acer,X1,11th Gen,8.0,256.0,Blue,1.95,AMD Ryzen 7,235.86,118014.61,,4.2
Asus,15,10th Gen,12.0,256.0,Silver,2.48,AMD Ryzen 5,,155063.8,4.08,3.0
Hp,VivoBook,10th Gen,4.0,256.0,Grey,2.56,AMD Ryzen 3,,87611.74,,4.1
Hp,X1,13th Gen,32.0,1024.0,White,1.62,AMD Ryzen 3,834.26,189270.31,,4.2
Asus,VivoBook,12th Gen,32.0,1024.0,Black,2.51,Intel Core i5,316.3,155045.3,,3.2
Asus,X1,10th Gen,32.0,1024.0,Blue,2.94,Intel Core i7,934.75,49027.35,,3.4
Acer,X1,13th Gen,12.0,512.0,Blue,1.85,AMD Ryzen 5,,190105.13,48.06,4.9
Dell,14,13th Gen,8.0,1024.0,Black,1.92,Intel Core i3,694.2,96530.04,23.93,4.4
Asus,14,12th Gen,16.0,512.0,White,2.1,Intel Core i3,,49628.26,,3.9
Asus,X1,12th Gen,16.0,512.0,Grey,1.56,Intel Core i3,,43045.55,22.68,4.6
Hp,Inspiron,13th Gen,16.0,256.0,Black,2.23,AMD Ryzen 5,129.55,65943.36,,3.7
Hp,15,10th Gen,4.0,1024.0,Silver,2.0,Intel Core i5,696.68,196401.88,22.28,3.0
Hp,14,10th Gen,16.0,256.0,Grey,2.4,Intel Core i5,341.52,184496.77,,2.7
Asus,15,10th Gen,8.0,512.0,White,2.36,Intel Core i5,356.02,75239.44,,3.4
Lenovo,X1,11th Gen,32.0,512.0,Silver,2.98,AMD Ryzen 3,461.86,99152.29,20.37,3.5
Acer,VivoBook,13th Gen,12.0,1024.0,Grey,1.84,AMD Ryzen 5,264.72,86201.55,,2.8
Asus,14,13th Gen,32.0,1024.0,Black,1.96,AMD Ryzen 3,782.14,187594.51,28.3,2.9
Lenovo,Inspiron,13th Gen,8.0,256.0,Blue,1.21,Intel Core i5,,112428.16,3.07,4.6
Dell,X1,11th Gen,4.0,512.0,Silver,1.57,AMD Ryzen 7,321.74,105400.93,24.31,4.2
Dell,14,11th Gen,4.0,512.0,Silver,1.48,AMD Ryzen 3,613.9,59109.52,,4.1
Asus,Inspiron,13th Gen,16.0,512.0,Grey,2.36,AMD Ryzen 7,,127889.59,18.01,4.5
Hp,X1,11th Gen,16.0,512.0,Silver,1.57,Intel Core i5,490.3,146503.43,,3.5
Hp,14,12th Gen,8.0,256.0,White,2.15,Intel Core i7,,46802.43,,4.3
Acer,VivoBook,10th Gen,12.0,1024.0,White,2.7,Intel Core i7,871.24,72995.67,16.97,4.3
Acer,X1,10th Gen,4.0,512.0,Grey,2.4,AMD Ryzen 3,,54191.86,36.19,3.9
Hp,Inspiron,12th Gen,12.0,512.0,Grey,2.96,AMD Ryzen 3,,45023.63,2.17,2.7
Hp,16,10th Gen,8.0,256.0,Blue,2.41,Intel Core i5,691.85,97272.39,,2.7
Acer,15,13th Gen,32.0,256.0,Black,1.77,AMD Ryzen 5,925.05,95954.28,13.03,3.4
Asus,X1,10th Gen,32.0,256.0,White,1.51,Intel Core i3,,70969.63,8.74,4.8
Lenovo,X1,11th Gen,12.0,512.0,White,1.63,AMD Ryzen 5,595.51,85456.71,11.15,4.3
Asus,X1,12th Gen,16.0,,White,2.73,Intel Core i7,,44433.6,,3.6
Lenovo,X1,13th Gen,32.0,256.0,Grey,2.05,AMD Ryzen 3,,23047.73,33.19,2.8
Hp,15,12th Gen,12.0,1024.0,Grey,2.71,Intel Core i3,,90132.79,49.88,3.3
Hp,VivoBook,10th Gen,8.0,512.0,Black,1.26,AMD Ryzen 5,464.7,175888.05,,3.6
Dell,14,10th Gen,8.0,256.0,Blue,2.75,Intel Core i7,476.89,103605.28,35.92,4.1
Acer,14,11th Gen,4.0,512.0,Silver,1.7,Intel Core i5,,83933.78,38.58,2.5
Acer,Inspiron,10th Gen,4.0,256.0,Silver,1.22,Intel Core i3,720.14,32599.75,,4.4
Asus,16,11th Gen,8.0,1024.0,Silver,2.44,Intel Core i5,702.61,84811.88,,5.0
Lenovo,16,12th Gen,8.0,512.0,Black,1.61,AMD Ryzen 7,,59242.53,,4.3
Dell,VivoBook,13th Gen,32.0,1024.0,Black,2.19,Intel Core i3,713.9,25527.9,9.54,3.3
Dell,VivoBook,12th Gen,4.0,1024.0,Black,2.99,Intel Core i7,,125180.21,,3.6
Hp,14,13th Gen,32.0,1024.0,Silver,1.98,AMD Ryzen 5,115.47,22439.59,10.64,4.6
Dell,14,10th Gen,32.0,512.0,Black,2.13,Intel Core i7,534.78,131479.26,23.94,5.0
Asus,15,12th Gen,4.0,1024.0,White,1.95,AMD Ryzen 3,,196056.46,,5.0
Lenovo,VivoBook,12th Gen,16.0,512.0,White,2.05,Intel Core i5,330.91,198662.77,46.61,4.4
Asus,15,10th Gen,32.0,1024.0,Blue,1.29,AMD Ryzen 7,,191588.88,,4.9
Acer,14,11th Gen,4.0,256.0,Grey,1.54,Intel Core i3,362.75,168247.79,,3.8
Acer,X1,13th Gen,4.0,256.0,Blue,2.55,AMD Ryzen 5,,30265.61,42.53,2.9
Dell,X1,11th Gen,12.0,1024.0,Silver,2.29,Intel Core i7,,93319.68,28.39,2.8
Asus,Inspiron,12th Gen,12.0,256.0,White,1.45,Intel Core i5,,142540.55,,4.2
Dell,15,10th Gen,4.0,256.0,Black,1.49,Intel Core i7,,39976.14,28.35,4.5
Dell,16,13th Gen,4.0,512.0,Blue,2.51,AMD Ryzen 7,320.79,172593.74,17.93,4.6
Hp,15,10th Gen,8.0,256.0,Grey,2.24,AMD Ryzen 5,,194837.15,,3.5
Hp,VivoBook,11th Gen,8.0,1024.0,Grey,2.84,AMD Ryzen 7,,80931.45,4.45,2.9
Hp,14,10th Gen,32.0,256.0,Grey,1.6,AMD Ryzen 3,,33167.16,,3.8
Acer,Inspiron,13th Gen,12.0,512.0,White,2.95,Intel Core i5,,139711.42,8.54,2.8
Acer,VivoBook,10th Gen,8.0,512.0,Blue,2.85,Intel Core i5,289.53,26447.82,28.34,5.0
Dell,14,12th Gen,8.0,256.0,Black,2.64,AMD Ryzen 7,,42463.61,,5.0
Acer,Inspiron,10th Gen,12.0,256.0,Black,3.0,AMD Ryzen 5,171.21,61609.23,23.7,4.6
Acer,X1,11th Gen,12.0,512.0,Blue,1.51,Intel Core i5,,135358.4,,2.6
Acer,15,10th Gen,,512.0,Black,1.73,AMD Ryzen 3,,69342.19,2.32,3.2
Dell,VivoBook,10th Gen,12.0,1024.0,Blue,1.59,AMD Ryzen 7,162.06,26435.92,20.46,3.3
Acer,14,13th Gen,12.0,512.0,Black,1.38,AMD Ryzen 5,,106968.98,24.1,2.6
Asus,Inspiron,12th Gen,8.0,512.0,Blue,1.65,Intel Core i7,301.98,52514.85,37.23,2.6
Acer,Inspiron,10th Gen,16.0,1024.0,Grey,1.35,AMD Ryzen 5,,184463.03,43.13,4.7
Dell,Inspiron,12th Gen,12.0,1024.0,White,1.3,AMD Ryzen 5,370.5,130626.54,9.92,4.7
Dell,VivoBook,10th Gen,16.0,1024.0,Grey,1.89,AMD Ryzen 3,,143214.43,17.6,3.4
Lenovo,15,12th Gen,12.0,512.0,White,2.04,AMD Ryzen 7,,176485.26,2.84,2.8
Lenovo,Inspiron,12th Gen,16.0,256.0,Blue,1.23,Intel Core i5,,72461.63,,4.5
Lenovo,VivoBook,13th Gen,32.0,1024.0,Blue,1.74,AMD Ryzen 7,,41073.76,,3.1
Dell,15,11th Gen,8.0,512.0,Black,2.56,AMD Ryzen 5,709.05,131040.34,21.53,4.2
Asus,VivoBook,11th Gen,12.0,1024.0,Blue,1.72,Intel Core i3,,159570.9,26.86,4.0
Lenovo,16,12th Gen,8.0,1024.0,White,2.06,AMD Ryzen 5,,156608.03,,4.3
Hp,Inspiron,10th Gen,16.0,512.0,Silver,2.43,Intel Core i7,813.45,138626.01,,3.4
Asus,Inspiron,12th Gen,32.0,512.0,Blue,1.29,Intel Core i3,699.15,83865.76,28.76,4.5
Lenovo,16,13th Gen,4.0,256.0,Blue,2.74,AMD Ryzen 3,489.85,194618.06,,3.1
Lenovo,16,12th Gen,32.0,256.0,Silver,2.59,Intel Core i3,,162851.34,2.28,3.7
Acer,Inspiron,11th Gen,4.0,512.0,Blue,2.31,Intel Core i5,,186035.75,,3.0
Asus,X1,12th Gen,12.0,512.0,Black,2.37,AMD Ryzen 7,,72460.74,20.0,4.7
Hp,VivoBook,12th Gen,12.0,512.0,Silver,2.38,Intel Core i5,879.81,182587.69,39.4,4.1
Acer,16,11th Gen,12.0,512.0,Silver,2.88,Intel Core i3,,124328.05,,2.5
Acer,14,10th Gen,16.0,1024.0,Silver,1.8,Intel Core i3,469.54,46736.5,10.22,4.4
Hp,X1,11th Gen,32.0,256.0,Black,2.34,Intel Core i5,577.53,68825.34,49.12,2.8
Dell,15,11th Gen,16.0,256.0,Silver,2.33,AMD Ryzen 3,837.8,90845.72,49.64,4.3
Asus,Inspiron,11th Gen,16.0,1024.0,Grey,1.27,AMD Ryzen 5,,141797.88,,4.2
Acer,Inspiron,11th Gen,16.0,512.0,Silver,2.95,Intel Core i3,,149620.94,,2.6
Acer,14,11th Gen,4.0,256.0,White,1.54,AMD Ryzen 3,202.9,198128.23,25.97,4.3
Acer,14,10th Gen,16.0,1024.0,White,1.68,AMD Ryzen 3,697.04,49144.4,15.23,3.4
Acer,X1,11th Gen,16.0,512.0,Silver,1.29,AMD Ryzen 7,,74576.22,,3.4
Dell,15,10th Gen,32.0,1024.0,White,1.8,Intel Core i5,659.74,118952.63,45.87,4.2
Dell,VivoBook,12th Gen,4.0,1024.0,Blue,2.13,Intel Core i3,780.43,162666.88,17.84,4.4
Lenovo,X1,10th Gen,8.0,1024.0,Grey,2.36,AMD Ryzen 3,,72841.75,,2.9
Hp,16,11th Gen,12.0,1024.0,Grey,2.04,AMD Ryzen 5,102.56,22849.13,,4.1
Acer,15,11th Gen,4.0,1024.0,Blue,1.59,Intel Core i5,977.87,180896.96,12.04,3.6
Acer,VivoBook,13th Gen,32.0,1024.0,Grey,1.47,AMD Ryzen 3,,148622.35,18.19,3.8
Asus,16,10th Gen,8.0,,Silver,2.04,Intel Core i3,,143625.62,3.27,4.5
Dell,14,10th Gen,12.0,256.0,White,1.25,AMD Ryzen 3,,170026.47,,4.5
Hp,16,13th Gen,,1024.0,Silver,1.42,AMD Ryzen 3,,164239.16,3.49,3.2
Acer,X1,10th Gen,8.0,256.0,Black,1.87,Intel Core i3,,183506.32,,3.5
Asus,VivoBook,13th Gen,8.0,1024.0,Black,2.73,Intel Core i3,,26447.68,26.28,3.0
Asus,16,12th Gen,4.0,256.0,Black,2.56,Intel Core i5,,90035.63,7.85,4.4
Hp,14,13th Gen,16.0,512.0,White,2.63,Intel Core i7,186.32,85257.3,22.97,2.7
Lenovo,15,10th Gen,4.0,512.0,Blue,2.03,Intel Core i7,993.43,192034.17,,2.5
Acer,Inspiron,12th Gen,4.0,1024.0,White,2.25,AMD Ryzen 5,116.15,97932.14,,4.8
Acer,16,13th Gen,12.0,256.0,Black,2.35,AMD Ryzen 7,673.77,133040.05,,3.4
Dell,15,11th Gen,16.0,512.0,Grey,2.0,Intel Core i5,,55130.77,25.36,4.1
Acer,VivoBook,12th Gen,4.0,1024.0,White,1.23,AMD Ryzen 7,952.67,180428.29,,3.1
Lenovo,14,12th Gen,4.0,1024.0,Grey,2.95,AMD Ryzen 7,,101136.42,,3.4
Hp,16,13th Gen,4.0,512.0,Grey,2.94,AMD Ryzen 3,906.3,164627.37,26.28,4.2
Asus,15,10th Gen,8.0,1024.0,Blue,2.86,AMD Ryzen 5,,160831.09,36.73,2.9
Lenovo,15,10th Gen,4.0,512.0,White,1.64,AMD Ryzen 3,539.02,177818.39,,4.1
Dell,16,12th Gen,16.0,512.0,White,2.04,AMD Ryzen 5,,195046.08,14.52,4.6
Dell,15,11th Gen,16.0,256.0,Black,1.75,AMD Ryzen 5,610.93,95008.75,48.63,3.6
Asus,14,11th Gen,32.0,256.0,Silver,1.57,AMD Ryzen 5,596.87,130034.78,17.95,2.7
Acer,X1,12th Gen,12.0,512.0,Grey,2.68,AMD Ryzen 3,523.24,103328.46,,2.8
Asus,15,11th Gen,8.0,256.0,Black,1.47,AMD Ryzen 7,427.32,111307.97,,5.0
Dell,X1,11th Gen,16.0,512.0,Grey,1.62,AMD Ryzen 5,,59148.01,,3.7
Hp,X1,10th Gen,12.0,256.0,Silver,2.75,AMD Ryzen 7,465.2,89120.25,,4.4
Acer,15,10th Gen,12.0,512.0,Black,2.81,AMD Ryzen 5,,140214.13,0.68,4.7
Acer,16,13th Gen,32.0,256.0,Blue,1.39,Intel Core i7,,29165.11,35.49,4.8
Acer,Inspiron,13th Gen,4.0,512.0,Blue,2.94,AMD Ryzen 7,,137207.15,35.17,3.2
Acer,X1,13th Gen,16.0,1024.0,Grey,2.47,AMD Ryzen 5,,90341.74,16.83,2.9
Asus,VivoBook,10th Gen,12.0,512.0,Silver,1.74,AMD Ryzen 5,672.39,144142.92,25.25,4.2
Asus,16,12th Gen,4.0,256.0,Blue,2.47,Intel Core i3,152.48,90073.4,,2.9
Lenovo,15,13th Gen,16.0,512.0,Black,1.43,AMD Ryzen 5,173.69,74239.85,22.49,2.5
Acer,16,13th Gen,12.0,256.0,Grey,2.8,Intel Core i7,,42296.21,28.17,4.1
Dell,14,10th Gen,12.0,512.0,Black,1.77,AMD Ryzen 3,730.19,180916.05,,4.4
Asus,15,12th Gen,8.0,512.0,Silver,2.14,AMD Ryzen 7,782.28,61919.68,45.69,3.2
Asus,14,11th Gen,4.0,1024.0,Blue,2.57,Intel Core i3,,24145.43,,4.1
Dell,Inspiron,12th Gen,16.0,512.0,Black,1.86,AMD Ryzen 3,,181583.27,14.55,3.3
Dell,VivoBook,12th Gen,12.0,1024.0,Black,1.31,Intel Core i3,875.51,52961.06,2.19,3.5
Asus,16,10th Gen,16.0,256.0,White,1.66,AMD Ryzen 5,545.56,79572.07,49.65,4.3
Acer,Inspiron,13th Gen,8.0,1024.0,White,2.1,Intel Core i3,,33591.76,39.2,3.2
Hp,VivoBook,10th Gen,8.0,1024.0,Blue,1.87,AMD Ryzen 3,,86467.87,,3.1
Lenovo,X1,13th Gen,32.0,256.0,Blue,2.45,Intel Core i3,,128280.99,,3.6
Hp,VivoBook,12th Gen,8.0,1024.0,Blue,1.52,AMD Ryzen 7,778.63,91512.77,,3.1
Hp,VivoBook,11th Gen,12.0,256.0,Blue,2.71,AMD Ryzen 3,621.45,154453.21,,4.2
Asus,16,11th Gen,12.0,512.0,Grey,1.42,Intel Core i3,,61358.51,25.08,3.5
Lenovo,VivoBook,11th Gen,12.0,512.0,Silver,1.97,Intel Core i5,,52008.74,0.13,3.0
Dell,X1,11th Gen,32.0,256.0,Silver,2.05,Intel Core i7,488.38,117461.41,40.54,2.9
Asus,14,13th Gen,12.0,512.0,White,1.56,AMD Ryzen 7,,196013.29,,3.1
Dell,VivoBook,10th Gen,8.0,1024.0,Grey,2.87,AMD Ryzen 5,,47991.07,,4.2
Dell,16,13th Gen,32.0,256.0,White,2.13,Intel Core i7,726.41,194455.2,,4.6
Asus,X1,13th Gen,12.0,1024.0,Blue,2.33,AMD Ryzen 7,487.42,120958.6,27.14,3.5
Hp,VivoBook,11th Gen,8.0,256.0,White,2.07,AMD Ryzen 5,,26430.72,42.55,3.2
Dell,Inspiron,11th Gen,8.0,1024.0,Silver,2.65,Intel Core i5,,41102.36,13.35,4.8
Lenovo,VivoBook,12th Gen,4.0,512.0,Black,1.95,AMD Ryzen 3,304.43,112696.16,,3.7
Asus,Inspiron,13th Gen,16.0,256.0,Grey,1.83,Intel Core i7,447.01,65963.19,32.13,4.8
Hp,VivoBook,12th Gen,4.0,256.0,Silver,1.79,AMD Ryzen 7,,116903.12,31.48,3.8
Dell,15,12th Gen,16.0,512.0,Black,1.33,Intel Core i7,,31274.7,,3.0
Asus,X1,12th Gen,8.0,1024.0,White,2.41,Intel Core i7,537.25,114610.2,37.5,4.0
Asus,Inspiron,10th Gen,4.0,512.0,White,2.75,AMD Ryzen 7,564.47,96046.12,,3.5
Lenovo,15,10th Gen,16.0,512.0,Grey,2.43,Intel Core i5,121.81,24907.08,,3.3
Asus,Inspiron,12th Gen,12.0,1024.0,Grey,1.62,AMD Ryzen 7,119.75,41152.02,31.11,3.1
Asus,X1,12th Gen,8.0,1024.0,Silver,2.52,Intel Core i7,,64159.24,,3.3
Lenovo,16,11th Gen,12.0,1024.0,Silver,2.59,Intel Core i3,532.65,196484.75,49.98,3.5
Acer,16,10th Gen,16.0,1024.0,Silver,2.81,AMD Ryzen 7,,178202.61,,2.9
Lenovo,16,11th Gen,4.0,,Blue,1.75,AMD Ryzen 7,,67000.62,,4.5
Lenovo,16,11th Gen,32.0,1024.0,Black,1.53,AMD Ryzen 7,,41050.88,,3.2
Acer,X1,13th Gen,32.0,1024.0,Black,1.63,Intel Core i3,670.13,169076.67,42.99,4.1
Lenovo,Inspiron,10th Gen,16.0,512.0,Blue,1.64,Intel Core i7,538.98,76648.0,,2.9
Acer,15,13th Gen,16.0,512.0,Grey,2.04,Intel Core i7,154.46,66385.07,,4.9
Asus,16,11th Gen,8.0,256.0,White,1.72,Intel Core i3,,65606.8,,3.4
Dell,Inspiron,11th Gen,8.0,256.0,White,1.98,AMD Ryzen 7,,176593.53,,3.4
Dell,16,12th Gen,16.0,256.0,White,1.9,AMD Ryzen 3,559.98,78718.58,,4.4
Asus,VivoBook,12th Gen,16.0,512.0,Black,1.9,AMD Ryzen 7,319.44,129796.47,20.25,3.3
Lenovo,16,11th Gen,8.0,1024.0,Grey,2.17,AMD Ryzen 5,,169920.18,,4.5
Asus,VivoBook,11th Gen,8.0,256.0,Grey,2.47,AMD Ryzen 5,366.39,180295.98,29.32,4.7
Dell,15,12th Gen,4.0,1024.0,Grey,2.53,Intel Core i5,,57423.72,,4.8
Dell,14,13th Gen,32.0,256.0,Blue,2.47,AMD Ryzen 3,,173171.86,20.1,3.9
Lenovo,Inspiron,13th Gen,12.0,512.0,Silver,2.42,AMD Ryzen 3,680.35,60426.69,41.73,4.0
Lenovo,X1,13th Gen,12.0,512.0,Silver,2.78,AMD Ryzen 7,429.22,38318.37,,3.6
Acer,X1,12th Gen,16.0,1024.0,Silver,1.52,Intel Core i3,,90258.53,43.44,3.9
Asus,14,10th Gen,32.0,1024.0,Silver,1.94,Intel Core i7,778.99,102315.95,28.64,2.8
Acer,Inspiron,11th Gen,16.0,1024.0,Black,2.42,AMD Ryzen 5,,75897.28,48.11,3.0
Lenovo,Inspiron,12th Gen,32.0,1024.0,Black,1.74,Intel Core i5,583.82,62989.17,,4.0
Lenovo,14,12th Gen,32.0,256.0,Silver,2.6,AMD Ryzen 7,237.0,102319.69,3.8,4.3
Lenovo,VivoBook,10th Gen,16.0,512.0,Silver,1.88,AMD Ryzen 7,,115705.35,,2.8
Acer,16,10th Gen,32.0,512.0,Silver,2.42,AMD Ryzen 5,,129851.24,,4.9
Dell,14,10th Gen,32.0,256.0,Silver,2.08,AMD Ryzen 5,,138929.07,,4.2
Acer,Inspiron,13th Gen,4.0,1024.0,Black,1.89,Intel Core i7,,148838.3,,2.5
Hp,14,10th Gen,12.0,1024.0,White,1.22,AMD Ryzen 3,,175186.51,24.09,4.0
Hp,X1,13th Gen,8.0,512.0,Grey,2.25,Intel Core i3,175.68,44951.87,,2.5
Dell,14,13th Gen,4.0,512.0,Silver,2.93,AMD Ryzen 5,,125483.16,40.36,3.8
Hp,X1,10th Gen,8.0,512.0,Black,2.24,AMD Ryzen 7,,174419.15,,5.0
Lenovo,16,10th Gen,32.0,256.0,White,1.74,Intel Core i7,,34491.42,,4.5
Acer,15,10th Gen,4.0,256.0,Grey,1.77,Intel Core i7,167.14,184395.96,40.56,3.6
Lenovo,X1,12th Gen,8.0,512.0,Black,2.24,Intel Core i3,,132569.17,28.04,2.6
Acer,X1,11th Gen,4.0,1024.0,Black,1.78,AMD Ryzen 5,271.96,183698.75,,4.3
Lenovo,VivoBook,12th Gen,4.0,1024.0,Grey,1.76,AMD Ryzen 7,,158257.7,,4.8
Lenovo,X1,12th Gen,32.0,512.0,Blue,1.33,AMD Ryzen 3,463.11,55442.52,,4.1
Dell,16,13th Gen,16.0,256.0,Grey,2.7,AMD Ryzen 3,908.77,145858.18,,3.2
Asus,15,10th Gen,4.0,512.0,Black,2.51,AMD Ryzen 3,,118856.98,19.34,3.4
Dell,Inspiron,10th Gen,16.0,256.0,Black,1.89,Intel Core i7,,88965.21,14.41,3.5
Dell,Inspiron,10th Gen,8.0,512.0,Blue,2.52,AMD Ryzen 3,467.03,74278.81,,2.9
Hp,X1,12th Gen,8.0,256.0,Grey,2.6,AMD Ryzen 7,632.7,26555.0,,3.1
Acer,VivoBook,13th Gen,12.0,512.0,Grey,2.4,Intel Core i5,,33002.69,36.2,2.9
Lenovo,16,13th Gen,16.0,256.0,Silver,1.83,Intel Core i7,521.61,183009.85,22.32,2.7
Lenovo,14,13th Gen,32.0,1024.0,Black,,Intel Core i7,951.65,165379.18,,2.7
Lenovo,14,11th Gen,32.0,1024.0,Black,2.73,Intel Core i3,,112569.34,,4.2
Asus,15,12th Gen,12.0,512.0,White,2.29,Intel Core i5,247.75,87590.87,2.7,4.8
Dell,14,12th Gen,16.0,512.0,Blue,2.45,AMD Ryzen 3,,118874.74,,3.7
Dell,X1,12th Gen,4.0,512.0,Black,2.13,AMD Ryzen 7,,102187.14,,4.2
Asus,VivoBook,10th Gen,32.0,1024.0,Black,1.5,AMD Ryzen 5,,105303.26,2.86,3.7
Acer,16,11th Gen,32.0,256.0,Black,1.5,AMD Ryzen 3,,86248.83,32.51,2.9
Dell,16,11th Gen,32.0,1024.0,Grey,2.92,Intel Core i5,497.18,181502.97,44.02,4.8
Lenovo,16,11th Gen,16.0,512.0,Grey,1.26,AMD Ryzen 5,,143658.96,,4.7
Asus,Inspiron,10th Gen,32.0,1024.0,White,2.02,AMD Ryzen 3,273.43,188600.14,,3.8
Hp,Inspiron,10th Gen,12.0,1024.0,White,2.18,AMD Ryzen 5,,99683.67,25.56,3.6
Lenovo,15,13th Gen,8.0,512.0,Blue,2.83,AMD Ryzen 7,,92512.53,,3.2
Hp,16,13th Gen,32.0,512.0,Black,2.24,Intel Core i5,937.95,128944.49,42.64,3.9
Acer,15,11th Gen,32.0,1024.0,White,2.57,AMD Ryzen 3,816.51,108089.4,11.02,4.1
Lenovo,14,13th Gen,16.0,512.0,Blue,1.35,Intel Core i5,,191440.57,29.7,3.9
Asus,14,13th Gen,8.0,512.0,Silver,2.07,Intel Core i3,,145915.84,,4.8
Dell,Inspiron,12th Gen,32.0,1024.0,Blue,2.42,Intel Core i3,,195879.23,,4.4
Lenovo,16,10th Gen,16.0,512.0,Blue,1.34,Intel Core i5,,33212.57,22.84,3.7
Dell,Inspiron,11th Gen,16.0,1024.0,Blue,1.67,AMD Ryzen 3,,189894.64,,3.7
Dell,16,11th Gen,4.0,512.0,Silver,2.19,Intel Core i5,681.51,97618.14,7.86,4.3
Lenovo,Inspiron,13th Gen,12.0,512.0,Silver,1.45,Intel Core i5,854.54,96288.27,,4.6
Asus,15,13th Gen,32.0,256.0,Silver,1.4,AMD Ryzen 7,,43300.72,26.89,3.1
Acer,14,12th Gen,8.0,1024.0,Black,2.28,AMD Ryzen 7,965.87,142470.24,49.72,3.2
Asus,14,12th Gen,32.0,256.0,Grey,1.67,Intel Core i5,,50473.34,25.9,3.2
Lenovo,Inspiron,13th Gen,32.0,1024.0,White,2.05,Intel Core i3,,128039.28,,3.8
Dell,16,10th Gen,32.0,256.0,Blue,1.62,Intel Core i5,864.46,146914.46,36.65,3.3
Lenovo,X1,10th Gen,32.0,1024.0,Silver,1.5,AMD Ryzen 3,965.38,79762.4,12.38,2.9
Lenovo,16,11th Gen,12.0,1024.0,Blue,1.89,AMD Ryzen 7,379.14,68346.76,13.38,4.6
Asus,X1,11th Gen,16.0,512.0,Silver,2.12,AMD Ryzen 7,496.82,78157.21,,2.9
Lenovo,Inspiron,10th Gen,8.0,512.0,Grey,2.12,AMD Ryzen 5,,185298.24,42.46,4.0
Asus,X1,12th Gen,4.0,512.0,Silver,1.78,Intel Core i5,,47398.05,9.62,2.8
Hp,X1,10th Gen,8.0,,Grey,2.66,Intel Core i5,,117739.98,30.43,3.5
Asus,X1,11th Gen,32.0,512.0,White,2.96,AMD Ryzen 5,,159652.02,28.73,3.9
Hp,16,13th Gen,8.0,1024.0,Black,2.16,AMD Ryzen 3,309.17,169036.08,,3.2
Hp,16,13th Gen,4.0,512.0,Grey,1.69,AMD Ryzen 7,,23723.07,17.5,4.3
Asus,X1,13th Gen,12.0,1024.0,White,1.63,AMD Ryzen 7,637.94,165185.47,5.68,3.4
Hp,X1,11th Gen,32.0,512.0,Black,2.99,Intel Core i3,134.16,137653.85,17.61,3.9
Asus,X1,11th Gen,8.0,256.0,Silver,1.34,Intel Core i3,597.48,27323.08,35.22,2.6
Asus,X1,12th Gen,12.0,1024.0,Grey,1.51,AMD Ryzen 3,,94765.02,36.96,3.0
Hp,16,12th Gen,4.0,512.0,Black,2.72,AMD Ryzen 7,634.28,139820.09,,4.7
Asus,16,11th Gen,16.0,1024.0,White,,Intel Core i7,,194022.94,,3.7
Acer,15,11th Gen,32.0,256.0,Silver,,Intel Core i5,330.43,101562.61,23.85,3.5
Acer,15,11th Gen,16.0,256.0,Grey,2.62,AMD Ryzen 7,,119330.15,,3.7
Lenovo,VivoBook,11th Gen,4.0,512.0,Grey,1.52,Intel Core i5,,90063.43,14.27,4.4
Hp,Inspiron,10th Gen,4.0,1024.0,Black,1.29,Intel Core i5,,155053.71,,2.6
Acer,Inspiron,10th Gen,32.0,512.0,Black,1.89,AMD Ryzen 7,124.74,136742.49,4.79,2.6
Acer,X1,11th Gen,16.0,256.0,Grey,1.83,Intel Core i5,,179165.79,,4.0
Dell,16,12th Gen,32.0,1024.0,White,2.17,AMD Ryzen 3,363.19,26857.54,20.63,3.0
Lenovo,VivoBook,12th Gen,32.0,512.0,Grey,2.06,AMD Ryzen 7,869.74,192251.64,22.53,4.0
Asus,16,10th Gen,4.0,1024.0,Blue,1.36,AMD Ryzen 7,,107096.27,44.95,4.2
Dell,14,13th Gen,4.0,,Silver,2.85,AMD Ryzen 5,677.71,22580.85,49.07,4.0
Hp,X1,11th Gen,32.0,256.0,White,2.58,AMD Ryzen 5,398.03,133835.48,20.25,3.4
Dell,X1,12th Gen,4.0,512.0,Silver,1.6,AMD Ryzen 3,,63587.46,39.88,2.6
Acer,Inspiron,12th Gen,12.0,1024.0,Black,1.46,AMD Ryzen 3,,150289.25,,2.8
Hp,VivoBook,10th Gen,4.0,512.0,Black,2.92,Intel Core i5,,143012.17,6.35,3.0
Acer,16,10th Gen,16.0,1024.0,White,1.51,Intel Core i3,,67716.11,34.32,2.8
Lenovo,15,13th Gen,16.0,256.0,White,2.84,Intel Core i3,,181976.82,,3.1
Asus,X1,13th Gen,16.0,256.0,Silver,2.44,AMD Ryzen 7,,109316.99,,3.7
Hp,16,12th Gen,4.0,1024.0,White,2.61,Intel Core i7,209.79,70291.85,,3.2
Lenovo,VivoBook,13th Gen,32.0,256.0,White,1.95,AMD Ryzen 5,,134347.33,,3.6
Hp,X1,10th Gen,32.0,1024.0,Black,1.74,AMD Ryzen 5,960.51,123555.62,33.71,3.1
Asus,16,10th Gen,12.0,,Silver,2.86,Intel Core i7,,111678.94,,3.3
Asus,16,13th Gen,4.0,256.0,Grey,1.46,Intel Core i7,310.77,33478.2,48.94,3.7
Dell,Inspiron,12th Gen,8.0,1024.0,Silver,2.38,Intel Core i5,,103137.09,18.77,4.7
Lenovo,X1,13th Gen,4.0,1024.0,Silver,1.33,Intel Core i7,,168425.41,22.75,4.0
Lenovo,VivoBook,10th Gen,8.0,512.0,White,1.29,Intel Core i7,160.78,89935.85,,2.7
Lenovo,Inspiron,11th Gen,16.0,1024.0,Blue,1.22,Intel Core i3,984.86,59820.97,,3.7
Hp,X1,11th Gen,16.0,512.0,Black,2.02,AMD Ryzen 7,306.77,23752.82,7.41,4.7
Lenovo,VivoBook,12th Gen,32.0,1024.0,Grey,1.71,AMD Ryzen 7,,50337.24,8.75,3.5
Asus,16,12th Gen,4.0,256.0,Blue,2.84,AMD Ryzen 7,719.91,96810.75,,4.8
Acer,16,12th Gen,4.0,1024.0,Black,1.46,AMD Ryzen 3,414.01,57738.47,,4.2
Hp,15,10th Gen,8.0,512.0,Grey,2.45,AMD Ryzen 5,,32662.11,42.56,3.3
Dell,Inspiron,11th Gen,4.0,256.0,Blue,2.04,Intel Core i5,599.38,120893.21,,3.2
Lenovo,VivoBook,11th Gen,8.0,1024.0,White,1.22,Intel Core i7,,183296.54,,4.7
Asus,15,11th Gen,12.0,256.0,Black,2.65,Intel Core i7,983.89,45312.97,,4.7
Lenovo,X1,11th Gen,16.0,1024.0,Silver,1.79,AMD Ryzen 7,497.33,103580.43,,4.5
Dell,14,10th Gen,4.0,256.0,Silver,2.19,Intel Core i7,,101318.97,19.67,4.1
Hp,15,11th Gen,32.0,512.0,Blue,1.87,AMD Ryzen 7,920.2,23684.68,,4.1
Lenovo,14,11th Gen,8.0,256.0,Grey,1.74,Intel Core i3,,83146.7,,4.7
Hp,Inspiron,13th Gen,16.0,512.0,Black,1.39,AMD Ryzen 7,,141389.02,2.22,4.3
Asus,X1,11th Gen,16.0,256.0,Black,1.94,AMD Ryzen 5,454.02,115094.37,28.95,4.9
Acer,16,10th Gen,12.0,512.0,White,2.1,AMD Ryzen 3,,157178.41,31.5,3.5
Lenovo,VivoBook,13th Gen,8.0,256.0,White,2.25,AMD Ryzen 3,496.43,112296.85,30.95,4.7
Lenovo,14,11th Gen,32.0,256.0,Grey,1.97,Intel Core i7,697.99,46406.22,21.53,4.3
Hp,Inspiron,10th Gen,32.0,256.0,Grey,2.44,Intel Core i7,,166167.61,2.8,4.8
Acer,14,12th Gen,32.0,512.0,Blue,1.88,AMD Ryzen 7,919.26,46830.05,,3.8
Lenovo,14,11th Gen,4.0,,Black,2.41,AMD Ryzen 5,,29194.22,24.44,2.6
Asus,VivoBook,12th Gen,32.0,1024.0,Silver,2.1,Intel Core i5,,114085.99,,2.8
Hp,15,11th Gen,4.0,512.0,White,1.22,AMD Ryzen 7,386.05,52608.71,29.77,4.6
Dell,16,13th Gen,32.0,512.0,Silver,1.53,Intel Core i3,231.33,58868.65,,3.7
Lenovo,Inspiron,10th Gen,12.0,1024.0,Blue,1.7,AMD Ryzen 3,,24497.13,,3.7
Hp,X1,13th Gen,8.0,1024.0,Grey,2.5,Intel Core i5,,95599.62,,3.6
Asus,14,13th Gen,12.0,1024.0,White,2.93,AMD Ryzen 5,509.84,118995.42,27.1,3.0
Dell,16,11th Gen,8.0,256.0,White,2.55,AMD Ryzen 3,,190566.68,5.43,4.4
Dell,14,11th Gen,12.0,,Grey,2.36,AMD Ryzen 5,727.16,21673.22,,4.3
Asus,VivoBook,10th Gen,8.0,256.0,White,2.78,AMD Ryzen 3,,47410.35,17.57,2.9
Acer,X1,11th Gen,8.0,512.0,White,1.83,Intel Core i3,901.53,68080.94,3.96,4.9
Asus,VivoBook,11th Gen,4.0,512.0,Blue,2.56,AMD Ryzen 5,,194146.47,,3.1
Asus,Inspiron,13th Gen,4.0,256.0,Black,2.74,AMD Ryzen 3,668.51,130802.62,41.47,4.1
Acer,X1,10th Gen,16.0,256.0,Blue,1.8,AMD Ryzen 5,951.49,196203.57,,4.7
Dell,16,10th Gen,8.0,512.0,Blue,2.07,Intel Core i3,250.75,33213.14,,3.0
Acer,Inspiron,11th Gen,32.0,512.0,Black,1.81,Intel Core i5,,65705.26,,4.9
Acer,15,13th Gen,16.0,1024.0,Blue,2.35,AMD Ryzen 5,603.3,88035.95,,4.2
Dell,Inspiron,13th Gen,16.0,1024.0,Grey,1.82,Intel Core i7,,98741.64,,3.1
Asus,X1,10th Gen,12.0,1024.0,Black,1.61,AMD Ryzen 5,202.76,26394.46,4.0,4.5
Acer,14,11th Gen,8.0,1024.0,White,2.41,Intel Core i7,,61439.87,28.06,2.9
Dell,14,10th Gen,12.0,512.0,Black,1.64,AMD Ryzen 5,,177873.52,,4.7
Lenovo,Inspiron,13th Gen,4.0,1024.0,Silver,2.99,AMD Ryzen 7,,147418.48,7.73,3.1
Asus,14,10th Gen,16.0,256.0,Grey,2.33,Intel Core i5,,189499.91,,3.6
Hp,Inspiron,12th Gen,32.0,256.0,White,2.31,Intel Core i7,,161280.91,42.8,3.4
Dell,Inspiron,11th Gen,12.0,256.0,Silver,1.93,Intel Core i3,603.77,79827.16,18.23,2.7
Hp,14,12th Gen,16.0,256.0,Black,1.97,Intel Core i3,489.25,97812.29,,3.3
Acer,16,11th Gen,16.0,1024.0,White,2.68,AMD Ryzen 5,314.41,161252.43,,2.5
Hp,16,11th Gen,16.0,256.0,White,2.63,AMD Ryzen 3,,179646.56,7.25,3.8
Hp,16,10th Gen,16.0,1024.0,White,1.88,,128.17,22487.69,45.27,4.1
Acer,Inspiron,10th Gen,4.0,256.0,Silver,1.63,AMD Ryzen 5,679.35,84614.53,34.5,5.0
Hp,VivoBook,12th Gen,12.0,1024.0,White,1.41,AMD Ryzen 5,,28936.22,,4.8
Hp,14,12th Gen,4.0,256.0,Silver,2.14,AMD Ryzen 5,404.31,132711.78,33.7,3.5
Lenovo,VivoBook,11th Gen,8.0,1024.0,White,1.88,Intel Core i5,,97125.36,,4.9
Dell,14,13th Gen,8.0,1024.0,White,2.4,AMD Ryzen 7,719.72,116208.47,,3.2
Dell,Inspiron,11th Gen,32.0,256.0,White,2.5,AMD Ryzen 5,659.81,176320.66,,2.8
Hp,15,11th Gen,4.0,256.0,Grey,1.33,AMD Ryzen 5,425.94,157673.06,0.5,3.7
Lenovo,Inspiron,12th Gen,32.0,256.0,Grey,2.19,AMD Ryzen 3,,187769.82,28.34,4.9
Asus,15,12th Gen,8.0,256.0,Black,1.98,AMD Ryzen 5,852.1,104056.67,43.71,3.0
Hp,X1,10th Gen,32.0,512.0,Black,2.49,AMD Ryzen 3,415.63,102660.7,,4.2
Hp,14,10th Gen,4.0,512.0,White,1.6,Intel Core i5,,32595.73,22.77,3.3
Hp,16,10th Gen,32.0,256.0,Blue,2.37,AMD Ryzen 3,,179992.34,,3.0
Dell,15,12th Gen,4.0,512.0,Grey,2.9,AMD Ryzen 3,870.25,128301.61,,2.8
Dell,14,13th Gen,8.0,1024.0,Blue,1.44,Intel Core i5,,49005.05,35.46,4.9
Hp,14,13th Gen,16.0,256.0,Grey,2.81,AMD Ryzen 5,959.22,40952.54,11.33,2.7
Dell,VivoBook,10th Gen,4.0,512.0,Silver,2.33,AMD Ryzen 5,732.55,86312.78,,3.5
Asus,15,12th Gen,4.0,1024.0,Grey,1.87,AMD Ryzen 5,,92537.57,17.74,2.6
Acer,15,13th Gen,8.0,256.0,Grey,1.22,Intel Core i3,880.52,198314.06,,4.8
Dell,15,12th Gen,12.0,1024.0,Grey,2.7,AMD Ryzen 3,,102357.76,36.9,3.2
Acer,X1,11th Gen,12.0,256.0,Black,2.01,Intel Core i5,710.87,155024.01,,2.6
Asus,14,12th Gen,4.0,512.0,Black,2.31,AMD Ryzen 3,901.65,186615.62,15.9,2.9
Acer,16,11th Gen,4.0,1024.0,White,1.66,AMD Ryzen 5,,96513.76,48.58,2.6
Hp,Inspiron,10th Gen,12.0,1024.0,Grey,2.68,AMD Ryzen 7,786.89,47853.2,,3.8
Hp,15,10th Gen,16.0,512.0,Black,1.68,Intel Core i7,248.49,128467.89,,2.8
Lenovo,14,12th Gen,12.0,512.0,Silver,2.16,AMD Ryzen 7,,131062.95,,4.6
Asus,15,12th Gen,32.0,1024.0,Silver,2.83,AMD Ryzen 5,,112751.07,,3.1
Asus,Inspiron,13th Gen,16.0,1024.0,Grey,1.34,AMD Ryzen 3,,69228.36,20.36,4.6
Hp,X1,12th Gen,16.0,512.0,Black,2.04,Intel Core i7,,185947.57,21.96,3.4
Acer,Inspiron,10th Gen,32.0,256.0,Silver,2.59,Intel Core i3,,149611.57,,3.7
Acer,14,13th Gen,8.0,1024.0,Blue,2.1,,109.18,133443.46,32.58,3.3
Dell,15,10th Gen,4.0,1024.0,Grey,1.66,AMD Ryzen 3,,55381.61,,2.8
Lenovo,16,11th Gen,32.0,512.0,Black,2.23,Intel Core i7,377.83,126097.13,26.55,3.5
Acer,16,11th Gen,8.0,1024.0,Silver,1.35,AMD Ryzen 3,910.07,188804.64,5.62,2.6
Hp,Inspiron,13th Gen,,1024.0,Blue,2.22,Intel Core i7,,28336.15,11.69,4.3
Asus,VivoBook,11th Gen,4.0,1024.0,Grey,2.03,Intel Core i3,852.07,131828.46,,3.2
Hp,Inspiron,13th Gen,8.0,256.0,Grey,1.42,Intel Core i5,,64680.23,23.41,2.9
Lenovo,15,10th Gen,12.0,1024.0,Silver,1.99,Intel Core i5,,124243.91,,3.8
Lenovo,X1,10th Gen,8.0,1024.0,Silver,2.6,Intel Core i3,167.84,68314.08,,3.8
Asus,15,12th Gen,16.0,256.0,Grey,1.64,AMD Ryzen 7,488.01,195614.38,,2.7
Dell,X1,12th Gen,4.0,256.0,Blue,1.58,Intel Core i7,,185969.12,20.22,2.6
Lenovo,Inspiron,10th Gen,12.0,1024.0,White,2.05,AMD Ryzen 5,,125013.1,47.24,3.2
Asus,Inspiron,11th Gen,8.0,512.0,Blue,1.61,AMD Ryzen 5,,167117.18,,4.3
Hp,16,11th Gen,8.0,1024.0,Grey,1.61,AMD Ryzen 3,740.09,128078.55,,4.7
Hp,VivoBook,11th Gen,4.0,256.0,Silver,1.47,AMD Ryzen 7,334.91,90660.5,3.76,3.6
Asus,Inspiron,13th Gen,12.0,1024.0,Blue,1.43,Intel Core i3,347.86,193303.67,,2.7
Asus,Inspiron,10th Gen,4.0,1024.0,Silver,2.12,AMD Ryzen 3,345.7,138421.13,,3.5
Acer,Inspiron,13th Gen,8.0,1024.0,White,2.82,Intel Core i5,539.33,83558.02,48.2,4.8
Lenovo,Inspiron,13th Gen,32.0,1024.0,White,2.28,Intel Core i3,,33431.05,,4.8
Dell,16,10th Gen,32.0,512.0,Silver,1.97,Intel Core i3,423.69,103996.68,,3.8
Lenovo,15,10th Gen,8.0,256.0,Black,1.4,AMD Ryzen 5,881.53,37273.28,,5.0
Asus,16,13th Gen,16.0,1024.0,Silver,2.82,Intel Core i5,,76881.04,26.4,3.7
Acer,X1,10th Gen,12.0,1024.0,Grey,2.69,Intel Core i5,,119760.72,,4.3
Asus,15,12th Gen,16.0,512.0,Blue,1.72,Intel Core i3,859.25,156266.11,39.72,4.0
Dell,VivoBook,13th Gen,12.0,1024.0,Blue,1.56,Intel Core i5,148.13,34193.44,8.5,3.0
Lenovo,15,10th Gen,12.0,256.0,Silver,1.75,AMD Ryzen 7,225.91,144559.83,33.5,3.0
Asus,X1,11th Gen,8.0,256.0,Silver,1.24,AMD Ryzen 3,,104725.29,,2.9
Asus,VivoBook,13th Gen,8.0,512.0,Silver,2.93,Intel Core i7,,32387.09,,3.0
Acer,Inspiron,11th Gen,32.0,512.0,Silver,2.11,Intel Core i7,,92155.26,25.23,4.6
Acer,14,11th Gen,32.0,1024.0,Blue,2.4,Intel Core i7,408.77,129668.19,,4.9
Hp,15,12th Gen,12.0,256.0,Black,2.14,AMD Ryzen 7,452.86,133562.11,,3.2
Dell,15,11th Gen,8.0,1024.0,Silver,2.39,Intel Core i3,,198226.63,,4.5
Asus,X1,10th Gen,12.0,512.0,Blue,1.68,AMD Ryzen 7,,148732.0,0.29,2.7
Acer,VivoBook,10th Gen,8.0,512.0,Black,2.48,AMD Ryzen 7,866.32,103602.16,14.1,4.9
Hp,15,11th Gen,16.0,512.0,Blue,2.33,AMD Ryzen 3,,114917.03,,3.0
Asus,16,12th Gen,4.0,1024.0,White,1.24,Intel Core i3,,125327.42,,2.8
Dell,X1,10th Gen,12.0,512.0,White,1.69,Intel Core i7,,127532.75,16.56,2.8
Hp,VivoBook,12th Gen,4.0,256.0,Silver,1.38,Intel Core i7,,71713.86,,2.7
Acer,VivoBook,11th Gen,4.0,256.0,Silver,1.56,AMD Ryzen 3,,28588.77,,2.9
Asus,15,11th Gen,12.0,512.0,Silver,2.08,AMD Ryzen 7,120.07,111008.39,34.5,3.4
Lenovo,16,10th Gen,32.0,1024.0,White,2.6,AMD Ryzen 7,,110341.1,,4.6
Hp,X1,12th Gen,4.0,512.0,Blue,2.73,AMD Ryzen 3,170.93,173039.88,,2.6
Acer,VivoBook,11th Gen,16.0,1024.0,Blue,2.96,AMD Ryzen 3,,62995.83,22.12,4.8
Hp,Inspiron,11th Gen,12.0,1024.0,White,2.42,Intel Core i5,404.44,20843.3,,3.2
Hp,15,11th Gen,4.0,256.0,White,2.92,AMD Ryzen 5,517.91,141850.68,,4.2
Hp,16,10th Gen,16.0,256.0,Silver,2.72,AMD Ryzen 7,,186220.48,19.45,3.6
Asus,15,13th Gen,16.0,256.0,Black,2.08,AMD Ryzen 3,,184975.51,,3.7
Lenovo,VivoBook,11th Gen,4.0,1024.0,Grey,1.51,AMD Ryzen 5,154.84,28424.2,,4.2
Dell,Inspiron,11th Gen,16.0,1024.0,Blue,2.18,Intel Core i3,302.56,102835.2,,4.2
Acer,15,13th Gen,16.0,1024.0,Grey,1.45,AMD Ryzen 3,,60092.18,,4.7
Hp,Inspiron,12th Gen,4.0,512.0,White,2.47,Intel Core i5,340.52,104132.95,47.17,5.0
Lenovo,16,10th Gen,16.0,256.0,Grey,1.94,AMD Ryzen 7,966.72,122094.09,,4.1
Hp,16,12th Gen,12.0,512.0,Black,1.55,AMD Ryzen 7,,114478.46,45.01,3.2
Asus,Inspiron,13th Gen,12.0,512.0,Silver,2.25,Intel Core i5,,138260.78,23.33,3.7
Dell,14,10th Gen,12.0,256.0,Grey,1.31,Intel Core i3,342.43,175183.43,14.25,3.7
Lenovo,VivoBook,13th Gen,16.0,1024.0,White,1.63,AMD Ryzen 3,466.89,169447.13,18.07,4.8
Dell,VivoBook,12th Gen,16.0,1024.0,Black,1.84,Intel Core i7,451.99,63819.94,,2.9
Hp,Inspiron,13th Gen,12.0,512.0,Silver,2.25,Intel Core i7,,116291.29,,4.0
Hp,15,12th Gen,8.0,512.0,Black,2.71,AMD Ryzen 7,782.11,147960.57,49.62,3.7
Dell,15,10th Gen,12.0,512.0,Black,1.73,Intel Core i7,498.23,94860.12,,4.6
Hp,14,13th Gen,16.0,1024.0,Black,2.97,Intel Core i3,817.6,127432.06,29.63,3.4
Asus,15,10th Gen,4.0,1024.0,Black,2.96,Intel Core i5,,128681.34,2.2,4.8
Acer,X1,13th Gen,12.0,1024.0,Grey,1.69,AMD Ryzen 7,,162196.96,,4.7
Asus,15,13th Gen,4.0,1024.0,Black,1.48,Intel Core i5,,30747.66,,3.2
Acer,VivoBook,11th Gen,4.0,1024.0,Silver,2.85,AMD Ryzen 7,120.71,101589.06,22.22,3.2
Dell,X1,13th Gen,32.0,256.0,Silver,2.8,Intel Core i3,,129706.8,5.17,2.7
Asus,VivoBook,11th Gen,16.0,512.0,White,2.24,AMD Ryzen 3,772.49,109661.67,2.74,2.9
Asus,15,10th Gen,32.0,,Silver,1.26,Intel Core i5,,158607.18,11.82,2.7
Asus,16,12th Gen,4.0,256.0,Black,2.98,AMD Ryzen 5,324.65,140435.62,24.3,4.1
Acer,16,11th Gen,8.0,256.0,Blue,1.29,Intel Core i7,779.87,131137.97,,3.0
Dell,14,10th Gen,4.0,256.0,Blue,1.86,AMD Ryzen 3,,119989.4,,2.8
Lenovo,Inspiron,11th Gen,8.0,512.0,Silver,2.01,Intel Core i7,,157566.23,6.7,2.9
Asus,15,11th Gen,8.0,1024.0,Silver,2.14,Intel Core i3,,188359.83,,3.4
Acer,Inspiron,11th Gen,8.0,1024.0,White,1.95,Intel Core i5,,44277.77,6.02,2.9
Hp,X1,11th Gen,4.0,512.0,Blue,2.66,AMD Ryzen 7,,38446.48,30.95,3.1
Lenovo,15,11th Gen,8.0,256.0,Black,1.91,AMD Ryzen 7,,98946.17,12.09,2.6
Hp,15,13th Gen,8.0,256.0,Blue,1.44,Intel Core i5,,122301.33,,4.4
Hp,X1,11th Gen,32.0,256.0,White,1.57,AMD Ryzen 3,,63400.28,30.42,3.0
Asus,16,13th Gen,32.0,256.0,White,2.24,AMD Ryzen 3,,118683.19,,4.4
Acer,16,10th Gen,4.0,256.0,Blue,2.28,Intel Core i7,,123504.0,,3.8
Asus,15,10th Gen,4.0,512.0,Grey,2.7,AMD Ryzen 3,,112624.7,30.29,4.4
Hp,Inspiron,10th Gen,4.0,1024.0,Black,2.35,Intel Core i7,206.29,86432.86,2.72,4.3
Acer,16,12th Gen,8.0,256.0,Grey,1.71,AMD Ryzen 7,385.06,123640.15,22.38,2.6
Dell,16,13th Gen,32.0,1024.0,Silver,2.61,Intel Core i7,,187790.83,,3.6
Acer,Inspiron,12th Gen,16.0,1024.0,Blue,2.24,Intel Core i3,,143138.85,26.59,2.7
Lenovo,14,12th Gen,12.0,256.0,Blue,2.95,Intel Core i7,,152016.83,29.68,4.5
Dell,16,13th Gen,4.0,512.0,Black,2.89,Intel Core i5,,74052.74,40.29,4.8
Hp,14,11th Gen,12.0,512.0,Grey,1.98,AMD Ryzen 3,,125180.44,,3.5
Dell,X1,13th Gen,32.0,512.0,Black,2.57,AMD Ryzen 5,,66848.15,,3.3
Asus,15,13th Gen,12.0,256.0,White,2.22,AMD Ryzen 3,819.32,187102.97,,4.8
Dell,14,10th Gen,8.0,1024.0,Grey,2.57,Intel Core i7,,78358.74,24.06,3.9
Dell,15,13th Gen,12.0,512.0,Blue,1.68,Intel Core i5,122.96,197937.38,23.36,4.7
Acer,Inspiron,12th Gen,12.0,1024.0,Silver,2.84,AMD Ryzen 3,,101329.79,,3.4
Hp,15,10th Gen,8.0,512.0,White,2.23,AMD Ryzen 5,,21569.87,,4.6
Lenovo,14,10th Gen,32.0,256.0,Grey,2.58,Intel Core i7,357.4,91971.4,,2.6
Dell,VivoBook,13th Gen,8.0,256.0,Grey,2.79,AMD Ryzen 3,414.89,85153.57,37.16,4.1
Dell,X1,11th Gen,32.0,256.0,Black,1.35,Intel Core i3,251.37,82502.58,,5.0
Asus,Inspiron,12th Gen,8.0,256.0,Grey,1.3,Intel Core i3,444.78,197044.37,8.74,4.0
Dell,15,13th Gen,4.0,,Blue,1.21,Intel Core i3,,94393.39,,3.7
Asus,16,11th Gen,8.0,256.0,Grey,1.6,Intel Core i3,,31741.63,43.63,3.6
Asus,VivoBook,10th Gen,4.0,256.0,Grey,1.76,Intel Core i3,490.31,48061.08,,3.2
Hp,Inspiron,12th Gen,32.0,256.0,Blue,1.5,AMD Ryzen 5,,182538.15,,4.0
Lenovo,X1,13th Gen,16.0,256.0,White,2.16,AMD Ryzen 3,963.15,139202.5,,3.8
Dell,15,13th Gen,16.0,1024.0,Silver,1.47,AMD Ryzen 7,872.61,29370.55,10.15,5.0
Acer,Inspiron,10th Gen,32.0,256.0,Black,2.21,AMD Ryzen 7,639.61,165557.62,3.55,4.0
Dell,Inspiron,10th Gen,32.0,512.0,Silver,1.46,Intel Core i7,521.32,136004.5,24.93,3.3
Asus,X1,12th Gen,8.0,512.0,White,2.67,Intel Core i7,,165893.75,41.8,2.8
Acer,VivoBook,12th Gen,12.0,256.0,Blue,2.87,AMD Ryzen 7,795.66,51578.83,,2.6
Lenovo,X1,12th Gen,8.0,512.0,Blue,1.78,Intel Core i5,,53762.33,,3.7
Hp,16,11th Gen,16.0,1024.0,Silver,1.85,Intel Core i5,,81332.77,,3.2
Dell,14,12th Gen,4.0,1024.0,Silver,2.97,AMD Ryzen 5,,144503.81,,2.6
Lenovo,14,10th Gen,32.0,1024.0,Grey,1.55,Intel Core i5,,175150.72,23.1,2.7
Acer,16,13th Gen,4.0,1024.0,Black,2.12,Intel Core i5,,103355.09,,2.6
Asus,15,12th Gen,16.0,512.0,White,2.68,AMD Ryzen 3,974.77,181565.67,49.37,4.2
Dell,15,12th Gen,4.0,1024.0,White,1.43,AMD Ryzen 3,696.43,98542.61,,3.5
Dell,X1,12th Gen,16.0,1024.0,Silver,2.73,Intel Core i7,346.18,44168.78,47.58,2.6
Hp,X1,13th Gen,12.0,256.0,Grey,2.76,AMD Ryzen 3,,46428.06,,4.6
Acer,15,13th Gen,4.0,1024.0,Grey,1.48,Intel Core i5,,129256.05,,4.3
Dell,15,11th Gen,32.0,512.0,Blue,2.63,AMD Ryzen 7,291.29,52761.97,31.09,2.8
Dell,16,10th Gen,32.0,256.0,Silver,1.86,Intel Core i5,,23723.18,,2.6
Dell,Inspiron,11th Gen,16.0,512.0,Blue,1.89,AMD Ryzen 3,475.73,123996.51,0.91,4.9
Asus,14,11th Gen,4.0,1024.0,White,2.48,AMD Ryzen 5,,141074.36,48.31,2.9
Dell,X1,11th Gen,16.0,512.0,White,1.92,AMD Ryzen 7,551.74,145894.85,27.56,4.7
Dell,VivoBook,13th Gen,4.0,1024.0,Blue,1.62,Intel Core i3,935.67,101200.59,46.73,2.9
Hp,X1,11th Gen,4.0,1024.0,Silver,2.7,AMD Ryzen 7,114.05,43498.32,,2.7
Acer,16,10th Gen,16.0,1024.0,Blue,1.22,Intel Core i5,627.64,132261.52,,4.2
Lenovo,16,12th Gen,8.0,1024.0,Blue,1.51,AMD Ryzen 7,995.06,54972.34,,2.9
Asus,16,10th Gen,8.0,256.0,White,1.88,AMD Ryzen 3,417.06,139104.62,,4.7
Hp,14,12th Gen,4.0,1024.0,Black,1.24,Intel Core i5,319.62,139679.59,16.48,4.4
Lenovo,16,10th Gen,4.0,1024.0,Black,2.17,Intel Core i3,592.38,95139.77,5.04,3.4
Dell,X1,13th Gen,32.0,256.0,Black,1.71,Intel Core i5,973.12,87542.42,9.4,3.0
Acer,15,10th Gen,4.0,256.0,Silver,2.94,AMD Ryzen 5,612.58,88606.47,7.32,4.8
Lenovo,X1,11th Gen,8.0,1024.0,White,2.28,Intel Core i7,,38058.47,41.38,4.5
Asus,14,13th Gen,4.0,512.0,White,1.23,AMD Ryzen 3,889.54,117278.78,,3.4
Acer,VivoBook,11th Gen,,256.0,Blue,2.33,AMD Ryzen 5,,29954.86,8.53,3.1
Asus,15,12th Gen,4.0,1024.0,Silver,1.45,AMD Ryzen 3,,30006.93,41.25,5.0
Asus,Inspiron,10th Gen,4.0,512.0,Grey,2.63,Intel Core i7,,169429.64,15.66,3.1
Lenovo,16,13th Gen,16.0,256.0,White,1.23,AMD Ryzen 3,512.12,64930.34,,2.7
Asus,15,10th Gen,12.0,512.0,Grey,1.74,AMD Ryzen 3,,40244.89,40.46,3.0
Acer,VivoBook,13th Gen,32.0,1024.0,White,2.38,Intel Core i5,479.29,51687.29,19.96,3.0
Acer,14,12th Gen,12.0,256.0,Silver,1.96,Intel Core i5,171.84,110483.45,,4.8
Dell,16,10th Gen,12.0,512.0,Blue,1.83,Intel Core i5,,112894.6,,3.5
Acer,14,13th Gen,4.0,512.0,Black,2.5,AMD Ryzen 5,,152125.16,31.46,3.6
Asus,VivoBook,10th Gen,16.0,512.0,Blue,1.83,Intel Core i7,,108758.68,,3.7
Dell,16,11th Gen,4.0,512.0,Grey,1.35,AMD Ryzen 3,,30192.81,8.75,4.6
Hp,16,10th Gen,16.0,256.0,Black,2.14,AMD Ryzen 7,,198366.48,20.0,2.9
Lenovo,VivoBook,12th Gen,8.0,512.0,Blue,2.52,Intel Core i5,,180780.11,,4.8
Hp,X1,12th Gen,8.0,1024.0,Black,1.77,Intel Core i5,828.25,182056.11,17.41,4.8
Hp,VivoBook,11th Gen,12.0,512.0,White,1.74,AMD Ryzen 7,,100787.39,21.93,3.8
Dell,VivoBook,12th Gen,8.0,512.0,Silver,1.92,Intel Core i3,379.29,167381.95,11.37,2.8
Acer,15,12th Gen,4.0,256.0,Blue,1.38,Intel Core i3,,121312.56,16.35,2.8
Asus,15,10th Gen,12.0,1024.0,Silver,1.98,Intel Core i3,444.34,92587.78,,2.8
Dell,X1,10th Gen,12.0,256.0,Black,2.52,Intel Core i5,,162060.14,34.28,5.0
Asus,X1,11th Gen,8.0,256.0,White,2.33,Intel Core i5,,47509.05,,3.6
Lenovo,14,10th Gen,8.0,256.0,Silver,2.3,Intel Core i3,,45117.07,42.16,2.9
Hp,VivoBook,10th Gen,16.0,256.0,Blue,2.25,Intel Core i5,563.81,180222.12,39.08,3.0
Lenovo,15,11th Gen,12.0,256.0,Grey,1.52,Intel Core i3,,42296.63,26.65,4.9
Lenovo,X1,11th Gen,32.0,512.0,Silver,1.6,Intel Core i3,303.7,188792.22,,4.9
Dell,15,11th Gen,12.0,512.0,White,1.9,Intel Core i5,,143776.71,,4.4
Acer,16,11th Gen,12.0,1024.0,White,1.41,Intel Core i3,904.78,64525.3,,2.6
Asus,15,11th Gen,16.0,256.0,Black,2.67,AMD Ryzen 7,,23340.46,,4.1
Lenovo,16,11th Gen,8.0,256.0,Blue,1.3,AMD Ryzen 5,,105730.74,15.31,2.8
Hp,14,11th Gen,16.0,1024.0,White,2.12,AMD Ryzen 3,375.0,143745.62,7.49,4.3
Lenovo,14,10th Gen,32.0,,Grey,2.46,AMD Ryzen 5,609.99,134584.53,,3.0
Dell,X1,10th Gen,32.0,256.0,Blue,2.35,AMD Ryzen 7,954.65,84309.55,,3.9
Asus,Inspiron,13th Gen,12.0,1024.0,Silver,1.9,AMD Ryzen 3,176.43,26283.81,36.2,3.5
Asus,VivoBook,12th Gen,12.0,256.0,Silver,1.27,Intel Core i7,999.94,179672.48,,2.9
Asus,16,12th Gen,8.0,1024.0,Silver,1.58,Intel Core i3,632.08,155845.53,,4.5
Dell,VivoBook,13th Gen,32.0,256.0,White,1.54,Intel Core i7,,27089.97,27.97,3.3
Lenovo,14,12th Gen,4.0,256.0,Black,1.43,AMD Ryzen 7,,130941.91,20.15,3.8
Dell,Inspiron,12th Gen,8.0,1024.0,White,2.88,AMD Ryzen 3,,62440.86,,3.9
Lenovo,16,13th Gen,4.0,1024.0,Blue,2.97,AMD Ryzen 5,,161693.9,19.08,4.5
Dell,X1,11th Gen,12.0,1024.0,White,2.06,Intel Core i5,,184599.14,19.94,4.5
Hp,14,13th Gen,8.0,256.0,Black,2.43,AMD Ryzen 7,538.52,56669.66,,2.7
Hp,VivoBook,10th Gen,4.0,1024.0,Black,2.13,Intel Core i5,,30956.09,,4.6
Hp,Inspiron,12th Gen,16.0,512.0,Grey,,AMD Ryzen 3,903.34,85309.27,,3.1
Hp,14,13th Gen,8.0,256.0,White,2.19,AMD Ryzen 3,303.2,181403.33,35.25,4.5
Acer,Inspiron,13th Gen,16.0,512.0,Black,2.12,AMD Ryzen 5,847.46,20488.21,7.09,4.8
Lenovo,15,10th Gen,12.0,256.0,White,2.43,AMD Ryzen 7,118.96,192431.5,3.84,3.3
Hp,14,11th Gen,12.0,512.0,Silver,1.65,,663.56,132318.84,29.97,3.4
Dell,14,11th Gen,8.0,512.0,Black,1.73,AMD Ryzen 7,226.9,173226.74,,3.0
Asus,Inspiron,11th Gen,12.0,256.0,Blue,1.46,Intel Core i3,672.17,164843.44,,3.9
Lenovo,14,10th Gen,16.0,512.0,Blue,1.91,AMD Ryzen 5,,92349.68,23.31,3.7
Hp,14,12th Gen,4.0,1024.0,Black,1.34,AMD Ryzen 5,,130224.69,,4.3
Hp,Inspiron,12th Gen,16.0,512.0,Black,2.73,Intel Core i7,562.62,45961.85,36.72,3.5
Hp,VivoBook,12th Gen,32.0,256.0,Silver,1.62,AMD Ryzen 5,,57319.65,,4.7
Dell,VivoBook,12th Gen,12.0,1024.0,White,2.17,Intel Core i7,,46472.25,,2.6
Acer,X1,10th Gen,12.0,1024.0,Black,2.04,Intel Core i3,505.54,133290.85,,3.3
Dell,Inspiron,11th Gen,16.0,256.0,Black,2.22,AMD Ryzen 3,,181158.65,20.44,5.0
Hp,15,13th Gen,8.0,1024.0,Black,,AMD Ryzen 7,907.17,45501.42,,2.9
Lenovo,16,11th Gen,8.0,1024.0,Silver,1.64,AMD Ryzen 3,114.54,117808.49,,4.6
Hp,15,12th Gen,32.0,256.0,White,,Intel Core i7,,95234.45,,4.6
Hp,16,12th Gen,4.0,256.0,Blue,2.13,AMD Ryzen 3,,137683.99,23.95,4.7
Lenovo,15,11th Gen,16.0,256.0,Black,1.86,AMD Ryzen 3,351.23,171889.05,,4.2
Lenovo,VivoBook,10th Gen,8.0,256.0,Black,1.68,Intel Core i5,830.47,164803.27,,4.8
Asus,14,11th Gen,4.0,1024.0,Silver,1.24,Intel Core i3,,124005.26,,3.1
Dell,X1,13th Gen,32.0,512.0,Black,1.38,AMD Ryzen 7,799.22,71881.13,,4.7
Hp,15,11th Gen,12.0,1024.0,Black,1.58,AMD Ryzen 3,948.06,79338.06,8.65,4.6
Acer,Inspiron,12th Gen,4.0,256.0,White,3.0,AMD Ryzen 7,877.07,35869.66,6.9,4.5
Dell,X1,10th Gen,12.0,1024.0,Blue,2.14,AMD Ryzen 3,474.3,164289.54,,2.9
Lenovo,16,12th Gen,12.0,512.0,Black,2.8,Intel Core i7,370.52,108269.23,36.5,4.7
Hp,15,12th Gen,4.0,256.0,Silver,2.45,Intel Core i5,927.83,97483.45,,3.2
Asus,VivoBook,11th Gen,8.0,256.0,Black,2.66,AMD Ryzen 7,683.04,32643.71,,2.7
Asus,VivoBook,11th Gen,8.0,256.0,Blue,2.8,Intel Core i3,,189568.22,32.08,3.9
Dell,15,12th Gen,8.0,256.0,White,1.61,Intel Core i5,,80520.28,16.17,2.7
Acer,14,12th Gen,16.0,1024.0,Grey,2.0,AMD Ryzen 7,801.45,170171.85,,3.4
Lenovo,16,13th Gen,4.0,512.0,Silver,2.73,Intel Core i3,,132574.49,17.11,3.4
Asus,16,11th Gen,4.0,512.0,Silver,2.23,AMD Ryzen 3,,105687.56,44.9,2.9
Acer,14,10th Gen,16.0,1024.0,Black,1.4,AMD Ryzen 3,819.09,182857.62,,2.7
Dell,X1,10th Gen,12.0,1024.0,Silver,1.66,AMD Ryzen 7,837.6,121480.13,24.05,4.2
Dell,15,11th Gen,12.0,1024.0,Blue,1.87,Intel Core i5,216.84,26649.12,46.94,3.6
Dell,16,13th Gen,32.0,256.0,Blue,1.91,Intel Core i7,827.34,20518.6,,2.6
Hp,X1,11th Gen,32.0,512.0,Blue,2.06,Intel Core i5,,95205.04,49.9,2.8
Acer,X1,11th Gen,8.0,1024.0,Grey,1.85,AMD Ryzen 7,,82283.77,,3.1
Acer,Inspiron,13th Gen,8.0,512.0,Black,2.23,AMD Ryzen 3,469.94,103664.63,40.63,4.5
Lenovo,14,12th Gen,8.0,512.0,White,1.4,AMD Ryzen 7,,22364.05,2.75,4.5
Lenovo,16,10th Gen,16.0,1024.0,Black,1.33,Intel Core i3,,150110.86,1.17,2.5
Hp,VivoBook,12th Gen,16.0,1024.0,Blue,2.43,AMD Ryzen 3,218.27,183645.13,18.12,4.9
Hp,15,13th Gen,12.0,1024.0,Blue,1.24,AMD Ryzen 5,220.55,29140.1,,4.1
Lenovo,14,10th Gen,8.0,1024.0,White,1.44,AMD Ryzen 7,947.26,163048.62,,3.9
Lenovo,Inspiron,13th Gen,8.0,256.0,Grey,2.41,AMD Ryzen 3,252.16,96064.62,7.97,4.7
Acer,14,11th Gen,12.0,256.0,Blue,2.75,AMD Ryzen 7,107.28,146556.39,,3.7
Asus,15,11th Gen,8.0,1024.0,White,2.26,Intel Core i3,,189829.7,40.5,3.6
Dell,16,11th Gen,12.0,256.0,Silver,2.86,Intel Core i7,784.0,29690.29,18.02,2.8
Dell,VivoBook,13th Gen,4.0,512.0,Blue,1.8,Intel Core i3,,161365.42,35.22,3.1
Acer,VivoBook,13th Gen,4.0,1024.0,White,1.45,AMD Ryzen 3,955.9,62611.86,,4.5
Hp,X1,13th Gen,12.0,1024.0,Grey,1.66,Intel Core i3,569.9,43533.36,,3.1
Asus,VivoBook,10th Gen,16.0,512.0,Black,2.46,Intel Core i3,688.04,32642.12,,3.3
Lenovo,16,12th Gen,32.0,,Blue,2.96,AMD Ryzen 5,795.71,35909.9,34.79,4.6
Hp,14,10th Gen,8.0,1024.0,White,2.33,Intel Core i5,381.0,42011.7,,4.6
Acer,15,12th Gen,4.0,256.0,Black,2.34,AMD Ryzen 3,371.19,108193.96,31.73,2.6
Lenovo,Inspiron,12th Gen,32.0,256.0,White,2.27,AMD Ryzen 7,,150495.3,,4.0
Asus,X1,10th Gen,4.0,256.0,Blue,2.73,Intel Core i5,,196764.68,1.62,4.6
Dell,X1,12th Gen,,1024.0,White,2.74,Intel Core i7,566.2,125604.18,,3.0
Lenovo,X1,12th Gen,16.0,256.0,Silver,2.99,Intel Core i7,118.17,143925.33,,3.6
Asus,Inspiron,10th Gen,4.0,512.0,White,2.99,Intel Core i7,596.16,117533.89,,4.4
Dell,Inspiron,11th Gen,16.0,256.0,Grey,2.64,AMD Ryzen 7,,56890.5,,3.3
Asus,15,10th Gen,8.0,512.0,Grey,2.88,AMD Ryzen 7,870.65,79174.99,,3.9
Hp,Inspiron,10th Gen,32.0,256.0,Black,1.84,AMD Ryzen 7,,182471.27,,3.8
Hp,VivoBook,10th Gen,12.0,256.0,Silver,2.59,AMD Ryzen 5,,78737.23,41.26,4.7
Dell,16,11th Gen,8.0,1024.0,Blue,1.52,Intel Core i5,,134136.2,,2.8
Hp,15,12th Gen,16.0,512.0,Black,1.54,AMD Ryzen 3,818.2,20624.58,0.13,4.7
Asus,Inspiron,10th Gen,16.0,1024.0,Blue,2.43,AMD Ryzen 5,,72729.29,47.17,3.2
Hp,VivoBook,12th Gen,32.0,1024.0,White,2.54,AMD Ryzen 3,558.16,96646.21,23.42,4.4
Lenovo,X1,10th Gen,4.0,256.0,Silver,1.42,Intel Core i3,,186992.74,29.67,4.1
Asus,15,10th Gen,8.0,512.0,White,2.3,Intel Core i5,759.54,68852.85,,3.3
Asus,X1,13th Gen,8.0,1024.0,White,1.29,Intel Core i3,178.79,98322.75,,3.6
Hp,15,10th Gen,32.0,256.0,Black,2.16,AMD Ryzen 5,975.39,191609.47,28.25,4.1
Acer,VivoBook,10th Gen,12.0,1024.0,Grey,2.77,,,140475.34,,4.9
Asus,16,12th Gen,32.0,1024.0,Silver,2.45,AMD Ryzen 3,354.53,166435.23,22.82,2.6
Dell,14,10th Gen,12.0,256.0,Silver,1.31,AMD Ryzen 5,,21035.54,27.4,4.3
Hp,VivoBook,13th Gen,4.0,512.0,White,2.09,AMD Ryzen 3,866.38,166096.51,,3.9
Lenovo,X1,12th Gen,12.0,1024.0,Black,2.58,Intel Core i5,202.59,31783.63,0.34,4.2
Dell,Inspiron,13th Gen,12.0,256.0,Blue,1.4,AMD Ryzen 3,991.19,134140.98,,3.1
Acer,15,12th Gen,32.0,1024.0,Silver,2.29,AMD Ryzen 5,,161193.57,27.49,4.8
Asus,VivoBook,13th Gen,32.0,256.0,Black,2.09,AMD Ryzen 7,337.44,137710.87,4.66,3.3
Asus,14,12th Gen,8.0,1024.0,Blue,2.1,AMD Ryzen 5,,177737.96,,2.8
Asus,15,12th Gen,16.0,256.0,Silver,1.23,Intel Core i7,,52855.63,34.41,3.9
Asus,VivoBook,11th Gen,32.0,1024.0,Silver,1.66,Intel Core i5,,66607.65,33.95,3.6
Dell,Inspiron,10th Gen,,1024.0,Grey,1.96,Intel Core i5,,99536.61,19.65,4.4
Asus,X1,12th Gen,12.0,512.0,Blue,1.47,AMD Ryzen 3,,151962.42,,2.9
Hp,16,12th Gen,12.0,1024.0,Silver,2.66,AMD Ryzen 7,213.94,76526.51,21.59,4.0
Hp,Inspiron,13th Gen,8.0,256.0,Silver,2.13,AMD Ryzen 3,467.8,186380.95,,4.9
Dell,14,12th Gen,12.0,256.0,Silver,1.99,Intel Core i5,315.6,102584.8,,3.5
Lenovo,X1,12th Gen,12.0,256.0,Grey,1.84,AMD Ryzen 5,,84963.1,,4.5
Lenovo,X1,13th Gen,16.0,512.0,Silver,1.72,Intel Core i5,988.41,45263.25,32.18,3.0
Hp,14,12th Gen,12.0,1024.0,Blue,1.32,Intel Core i7,,66579.76,,2.6
Asus,VivoBook,12th Gen,4.0,256.0,Blue,2.14,Intel Core i7,,86994.99,14.93,4.1
Asus,15,12th Gen,8.0,256.0,Grey,2.25,Intel Core i5,,156168.97,,2.7
Hp,VivoBook,13th Gen,32.0,1024.0,Black,1.22,Intel Core i7,628.44,82916.66,,2.8
Lenovo,X1,10th Gen,32.0,512.0,Grey,1.3,AMD Ryzen 5,340.86,25329.38,,2.5
Lenovo,VivoBook,11th Gen,8.0,512.0,Blue,2.0,AMD Ryzen 3,103.31,70033.33,26.19,4.3
Dell,14,12th Gen,12.0,256.0,Silver,1.28,Intel Core i7,,46920.81,,4.1
Asus,16,10th Gen,4.0,256.0,Blue,2.67,AMD Ryzen 7,,171842.92,1.18,3.7
Asus,16,10th Gen,12.0,512.0,Grey,2.92,AMD Ryzen 3,,44787.11,45.13,2.8
Hp,VivoBook,13th Gen,12.0,512.0,Blue,2.76,AMD Ryzen 5,,102381.63,28.78,3.7
Dell,VivoBook,10th Gen,8.0,1024.0,Grey,2.2,Intel Core i3,,171197.38,33.5,4.6
Lenovo,Inspiron,11th Gen,12.0,256.0,Blue,2.52,Intel Core i5,,115326.14,28.9,4.0
Hp,Inspiron,10th Gen,16.0,256.0,White,2.26,Intel Core i5,,174283.05,14.62,4.4
Hp,X1,10th Gen,4.0,512.0,Silver,1.37,Intel Core i7,646.44,145541.16,,3.6
Dell,VivoBook,11th Gen,32.0,1024.0,White,1.97,Intel Core i7,,90203.15,12.69,4.9
Dell,14,11th Gen,8.0,1024.0,Grey,2.47,AMD Ryzen 3,930.47,140877.37,43.17,3.5
Lenovo,14,10th Gen,4.0,1024.0,White,2.36,AMD Ryzen 3,761.24,53947.85,14.86,3.3
Dell,Inspiron,13th Gen,32.0,512.0,Black,2.52,AMD Ryzen 3,,161960.46,,3.1
Hp,16,13th Gen,8.0,512.0,White,2.16,AMD Ryzen 7,,45600.28,,3.1
Dell,Inspiron,10th Gen,16.0,512.0,Grey,2.05,Intel Core i3,,129296.31,43.0,2.6
Dell,14,12th Gen,12.0,512.0,Grey,1.65,Intel Core i7,460.5,131534.92,32.08,3.0
Lenovo,15,13th Gen,16.0,512.0,Silver,1.54,AMD Ryzen 3,,26112.88,,5.0
Dell,15,10th Gen,4.0,256.0,White,3.0,AMD Ryzen 3,243.7,40678.33,,4.5
Acer,X1,13th Gen,4.0,1024.0,White,2.51,AMD Ryzen 7,543.52,76049.39,,4.8
Lenovo,15,13th Gen,4.0,256.0,Black,1.42,AMD Ryzen 3,581.46,153908.51,45.81,3.2
Acer,16,11th Gen,16.0,512.0,Blue,2.22,Intel Core i7,,79564.18,,3.1
Acer,15,13th Gen,32.0,512.0,White,2.62,AMD Ryzen 3,709.85,25633.78,,3.4
Acer,15,11th Gen,16.0,1024.0,Blue,2.54,Intel Core i3,317.59,178629.69,44.85,3.3
Asus,16,13th Gen,16.0,512.0,White,1.66,AMD Ryzen 5,,49376.57,,3.4
Lenovo,14,12th Gen,8.0,512.0,Black,2.74,AMD Ryzen 3,,98308.14,22.06,2.5
Hp,Inspiron,11th Gen,12.0,256.0,Silver,1.45,AMD Ryzen 5,,196433.26,,3.2
Acer,14,10th Gen,4.0,512.0,Silver,1.6,Intel Core i7,,22171.5,38.36,5.0
Hp,16,13th Gen,8.0,512.0,Blue,2.44,AMD Ryzen 3,868.65,43859.75,22.47,4.3
Hp,Inspiron,13th Gen,,1024.0,Silver,2.94,Intel Core i7,,170889.65,49.54,4.8
Dell,VivoBook,10th Gen,12.0,256.0,Black,1.74,AMD Ryzen 7,,167448.1,35.05,3.6
Dell,VivoBook,10th Gen,32.0,512.0,Black,1.55,AMD Ryzen 5,,105271.24,,3.1
Lenovo,X1,11th Gen,4.0,1024.0,White,1.93,AMD Ryzen 3,,116419.0,39.95,4.9
Asus,15,10th Gen,12.0,1024.0,Silver,1.7,AMD Ryzen 5,,127025.82,35.02,4.1
Dell,14,11th Gen,8.0,512.0,Silver,2.3,Intel Core i5,412.26,182356.94,,4.8
Dell,14,12th Gen,16.0,256.0,Grey,2.13,AMD Ryzen 7,497.9,22310.7,,4.9
Hp,15,10th Gen,8.0,,Black,2.15,AMD Ryzen 3,513.8,110356.51,48.51,3.5
Dell,X1,11th Gen,16.0,1024.0,Silver,1.74,Intel Core i5,138.08,38248.45,,3.4
Lenovo,16,10th Gen,16.0,512.0,Blue,2.35,AMD Ryzen 3,828.84,82188.39,6.66,3.8
Asus,15,10th Gen,12.0,512.0,Black,2.93,Intel Core i7,,156521.62,10.13,3.7
Lenovo,15,13th Gen,16.0,256.0,White,1.51,Intel Core i3,595.82,94450.87,16.6,3.4
Lenovo,VivoBook,13th Gen,8.0,1024.0,Silver,2.21,,,104878.31,,2.5
Asus,X1,13th Gen,8.0,512.0,White,1.79,AMD Ryzen 3,364.4,48308.82,,3.1
Hp,16,10th Gen,16.0,512.0,Silver,1.69,AMD Ryzen 5,,187355.46,32.86,2.5
Hp,14,13th Gen,12.0,512.0,White,1.33,Intel Core i5,495.05,138457.77,5.83,4.9
Hp,16,11th Gen,12.0,,White,2.63,AMD Ryzen 5,,181459.21,,3.2
Dell,Inspiron,12th Gen,4.0,1024.0,Silver,2.94,AMD Ryzen 5,363.09,131908.07,,3.2
Dell,X1,12th Gen,8.0,256.0,Black,1.75,Intel Core i7,,23875.33,27.51,3.0
Dell,16,11th Gen,16.0,512.0,White,1.22,Intel Core i7,767.03,72545.58,11.03,3.5
Asus,VivoBook,10th Gen,4.0,1024.0,Grey,2.4,AMD Ryzen 3,,156299.64,,3.0
Dell,15,10th Gen,32.0,512.0,Silver,2.43,AMD Ryzen 5,,26929.27,,2.8
Hp,Inspiron,10th Gen,8.0,512.0,Blue,2.05,Intel Core i3,895.49,195105.84,,4.6
Hp,14,11th Gen,4.0,1024.0,White,2.75,AMD Ryzen 5,419.32,25516.55,,3.1
Dell,16,13th Gen,32.0,256.0,Black,2.38,AMD Ryzen 7,182.62,175571.7,,3.4
Lenovo,16,11th Gen,4.0,256.0,Silver,1.7,AMD Ryzen 3,831.21,118531.62,,4.4
Lenovo,16,11th Gen,16.0,1024.0,Grey,2.1,Intel Core i5,130.79,39072.53,48.56,4.0
Lenovo,X1,12th Gen,12.0,256.0,Silver,2.93,AMD Ryzen 5,472.39,92101.41,16.79,4.9
Hp,15,11th Gen,4.0,512.0,Black,2.5,AMD Ryzen 5,857.2,169157.76,,4.8
Dell,14,13th Gen,8.0,1024.0,Blue,1.89,AMD Ryzen 7,,118594.18,47.99,3.8
Dell,14,12th Gen,4.0,512.0,Black,1.8,Intel Core i3,,84641.66,26.07,3.4
Dell,Inspiron,10th Gen,12.0,512.0,Blue,2.05,AMD Ryzen 7,693.01,185830.04,,4.8
Acer,Inspiron,12th Gen,16.0,1024.0,Silver,2.23,AMD Ryzen 3,279.5,168009.16,,4.0
Lenovo,15,12th Gen,32.0,512.0,Blue,2.91,Intel Core i5,543.66,42483.24,,4.3
Asus,14,12th Gen,32.0,256.0,White,2.5,AMD Ryzen 5,922.61,126906.31,,3.6
Asus,15,10th Gen,16.0,1024.0,Silver,2.76,Intel Core i7,584.32,148679.46,26.95,3.0
Dell,14,11th Gen,32.0,1024.0,Blue,2.66,AMD Ryzen 7,,178099.33,36.63,3.4
Dell,14,12th Gen,12.0,256.0,Black,2.71,AMD Ryzen 7,,141169.59,,3.0
Hp,16,12th Gen,32.0,256.0,Blue,1.57,Intel Core i3,,196994.51,11.45,4.5
Lenovo,16,10th Gen,,512.0,Grey,2.51,AMD Ryzen 5,,198639.77,37.15,3.3
Asus,15,12th Gen,12.0,512.0,Black,2.92,,,93245.71,42.67,4.4
Acer,16,13th Gen,,1024.0,Black,2.96,Intel Core i3,315.46,118843.67,,3.9
Asus,14,13th Gen,12.0,256.0,Blue,2.61,Intel Core i7,597.86,53230.87,,4.3
Asus,14,12th Gen,12.0,1024.0,Blue,1.46,Intel Core i3,,25195.82,41.63,4.6
Lenovo,15,12th Gen,12.0,256.0,Black,1.24,AMD Ryzen 7,567.69,136114.51,,3.9
Hp,X1,13th Gen,8.0,1024.0,Silver,2.03,AMD Ryzen 3,,168529.96,43.22,4.1
Asus,VivoBook,10th Gen,12.0,256.0,White,1.62,Intel Core i3,291.85,148553.57,24.84,3.8
Dell,14,13th Gen,32.0,512.0,Silver,1.28,Intel Core i5,484.78,78358.58,33.27,3.2
Dell,Inspiron,13th Gen,8.0,1024.0,Silver,2.26,AMD Ryzen 3,470.4,152899.12,38.18,4.6
Dell,15,10th Gen,4.0,1024.0,Grey,1.71,AMD Ryzen 5,800.95,173877.66,29.29,2.9
Hp,14,10th Gen,32.0,512.0,Blue,2.56,Intel Core i5,,77724.21,,3.7
Asus,16,12th Gen,32.0,256.0,Black,1.59,Intel Core i5,438.09,34002.27,29.23,4.2
Dell,16,12th Gen,4.0,1024.0,White,1.25,Intel Core i5,339.5,70767.23,,3.7
Dell,Inspiron,11th Gen,4.0,256.0,White,2.16,Intel Core i3,720.94,190067.9,,2.9
Asus,15,10th Gen,12.0,512.0,Grey,1.85,AMD Ryzen 7,904.54,28038.11,,2.6
Acer,16,13th Gen,12.0,1024.0,Grey,1.22,AMD Ryzen 3,,191581.35,29.69,2.9
Acer,VivoBook,11th Gen,12.0,1024.0,White,1.57,Intel Core i5,,39314.78,5.39,3.2
Hp,15,12th Gen,4.0,1024.0,Silver,2.41,Intel Core i5,684.61,161808.0,,3.1
Lenovo,15,12th Gen,16.0,1024.0,Black,1.9,Intel Core i7,,84871.05,,3.2
Lenovo,Inspiron,11th Gen,32.0,512.0,Blue,2.79,Intel Core i5,,122946.98,16.54,4.2
Asus,Inspiron,13th Gen,4.0,512.0,Black,2.32,Intel Core i3,,55239.35,,2.6
Dell,Inspiron,13th Gen,12.0,256.0,White,1.31,AMD Ryzen 5,,192482.65,40.4,4.2
Asus,Inspiron,10th Gen,16.0,512.0,White,1.47,Intel Core i3,,196560.29,10.93,4.5
Dell,14,12th Gen,16.0,512.0,White,2.2,AMD Ryzen 7,,78577.15,,4.6
Dell,15,12th Gen,4.0,1024.0,Grey,2.58,AMD Ryzen 3,,59559.3,,3.9
Acer,VivoBook,13th Gen,8.0,512.0,White,1.26,AMD Ryzen 5,425.33,91411.28,,4.2
Hp,14,10th Gen,8.0,1024.0,Black,2.19,AMD Ryzen 5,,75677.21,49.35,3.5
Dell,15,13th Gen,32.0,1024.0,Silver,2.5,AMD Ryzen 7,,85594.83,,3.4
Asus,15,10th Gen,32.0,1024.0,Blue,1.26,AMD Ryzen 5,546.07,71737.94,,4.1
Dell,X1,10th Gen,16.0,256.0,Silver,2.93,AMD Ryzen 3,314.23,55017.0,13.35,4.0
Hp,X1,13th Gen,16.0,512.0,Black,2.34,AMD Ryzen 3,,113325.12,43.59,2.7
Hp,VivoBook,12th Gen,4.0,512.0,Silver,2.62,Intel Core i5,,93411.37,5.91,3.9
Asus,14,13th Gen,12.0,512.0,Grey,1.95,AMD Ryzen 5,683.82,105366.13,,3.4
Dell,14,12th Gen,4.0,512.0,Silver,1.83,AMD Ryzen 5,,21571.67,39.67,4.0
Dell,X1,13th Gen,8.0,256.0,Silver,1.9,AMD Ryzen 5,,154122.15,,3.3
Lenovo,X1,10th Gen,4.0,256.0,Silver,2.88,AMD Ryzen 3,902.17,32049.01,6.35,3.4
Lenovo,16,12th Gen,12.0,1024.0,White,1.22,AMD Ryzen 5,702.51,106906.96,,4.0
Asus,14,11th Gen,4.0,512.0,White,2.96,Intel Core i5,,69207.8,25.8,4.7
Dell,16,13th Gen,12.0,512.0,White,1.28,AMD Ryzen 7,346.12,167324.8,,4.7
Lenovo,X1,10th Gen,12.0,256.0,Black,2.66,Intel Core i7,162.42,185830.02,,5.0
Lenovo,15,11th Gen,8.0,256.0,Black,1.91,AMD Ryzen 7,722.77,26571.74,39.76,5.0
Lenovo,VivoBook,13th Gen,12.0,256.0,Silver,2.0,Intel Core i3,,168041.83,,3.6
Lenovo,15,11th Gen,12.0,1024.0,Blue,2.15,AMD Ryzen 7,,184128.32,,4.8
Hp,16,11th Gen,8.0,512.0,Grey,1.5,Intel Core i3,711.08,151717.16,47.8,4.7
Hp,VivoBook,12th Gen,16.0,1024.0,Grey,1.65,Intel Core i3,566.34,139656.39,30.77,4.2
Hp,14,10th Gen,32.0,1024.0,Grey,1.31,Intel Core i7,246.77,167337.16,43.69,3.8
Hp,Inspiron,10th Gen,12.0,512.0,Grey,2.24,AMD Ryzen 3,,168798.05,,3.0
Lenovo,16,12th Gen,8.0,1024.0,Black,2.02,Intel Core i3,559.1,101224.4,14.68,2.8
Hp,16,12th Gen,32.0,1024.0,Black,1.44,AMD Ryzen 5,833.73,187725.52,33.33,4.3
Acer,X1,10th Gen,16.0,512.0,Grey,1.29,Intel Core i3,145.4,86822.79,,3.9
Acer,14,10th Gen,8.0,512.0,Grey,2.33,Intel Core i5,,125148.13,3.62,2.5
Asus,VivoBook,13th Gen,8.0,256.0,Grey,2.95,AMD Ryzen 7,786.45,125297.59,,4.1
Acer,15,11th Gen,12.0,512.0,Silver,2.53,AMD Ryzen 5,,197107.95,,4.9
Asus,15,12th Gen,12.0,512.0,White,1.67,Intel Core i5,,108695.36,2.33,4.2
Lenovo,15,10th Gen,12.0,512.0,Black,2.3,Intel Core i7,133.63,173482.33,5.73,4.8
Dell,X1,11th Gen,4.0,1024.0,White,2.52,Intel Core i7,,171165.71,,3.6
Asus,15,13th Gen,32.0,256.0,Blue,2.61,AMD Ryzen 7,970.83,77272.17,45.59,4.2
Dell,VivoBook,13th Gen,8.0,1024.0,Black,2.95,Intel Core i7,837.12,113569.86,,3.9
Dell,VivoBook,10th Gen,8.0,512.0,Silver,2.32,AMD Ryzen 5,267.78,28592.33,,3.0
Acer,VivoBook,12th Gen,16.0,256.0,White,1.99,Intel Core i5,636.39,184176.11,,3.9
Dell,Inspiron,11th Gen,8.0,1024.0,White,2.33,Intel Core i3,,94775.92,,3.3
Hp,X1,13th Gen,16.0,1024.0,Grey,2.56,,392.1,74984.76,,4.8
Acer,15,10th Gen,8.0,512.0,Grey,1.42,AMD Ryzen 7,920.63,29486.94,,3.0
Lenovo,16,12th Gen,4.0,512.0,Grey,1.73,AMD Ryzen 5,439.31,180062.73,1.07,4.0
Acer,VivoBook,10th Gen,16.0,256.0,Silver,,Intel Core i3,268.37,78467.38,15.09,3.6
Asus,X1,12th Gen,16.0,256.0,Grey,2.0,Intel Core i3,,37597.61,,4.9
Dell,VivoBook,12th Gen,4.0,256.0,Black,2.43,AMD Ryzen 7,,127810.62,44.34,3.5
Lenovo,VivoBook,10th Gen,8.0,256.0,Silver,1.9,Intel Core i3,114.79,50533.9,43.85,4.2
Lenovo,X1,12th Gen,4.0,1024.0,Grey,2.61,AMD Ryzen 7,997.53,54612.76,,4.7
Asus,VivoBook,10th Gen,12.0,256.0,Blue,1.52,Intel Core i5,,88370.28,,3.6
Lenovo,15,11th Gen,12.0,512.0,Silver,2.71,AMD Ryzen 7,690.94,140239.78,,3.9
Dell,X1,11th Gen,16.0,1024.0,Black,2.01,Intel Core i7,484.12,23756.7,,2.8
Lenovo,15,11th Gen,32.0,1024.0,Black,1.85,AMD Ryzen 5,714.06,179332.79,,4.4
Acer,X1,13th Gen,32.0,512.0,Silver,2.37,AMD Ryzen 7,163.81,95371.96,45.77,3.9
Lenovo,X1,11th Gen,16.0,512.0,Grey,2.21,AMD Ryzen 3,,69886.92,7.87,3.3
Acer,VivoBook,10th Gen,12.0,1024.0,Grey,2.07,Intel Core i5,,194882.32,8.04,3.0
Lenovo,14,13th Gen,12.0,256.0,Blue,2.59,Intel Core i7,652.57,47857.44,42.3,2.6
Dell,15,12th Gen,4.0,512.0,White,2.81,AMD Ryzen 7,230.52,108209.44,,3.5
Dell,14,12th Gen,12.0,1024.0,Silver,2.41,AMD Ryzen 7,,70541.71,,3.2
Hp,VivoBook,13th Gen,8.0,1024.0,Black,1.69,Intel Core i5,259.13,20148.87,8.74,3.7
Hp,14,13th Gen,12.0,1024.0,White,2.34,AMD Ryzen 3,,161814.68,41.3,3.9
Lenovo,Inspiron,10th Gen,32.0,256.0,Silver,1.81,Intel Core i5,690.03,33931.44,,4.6
Hp,16,13th Gen,8.0,1024.0,Blue,1.39,AMD Ryzen 5,904.67,26500.98,,2.7
Acer,16,13th Gen,32.0,1024.0,Grey,2.52,Intel Core i3,570.93,185456.18,,3.6
Acer,Inspiron,13th Gen,8.0,1024.0,Grey,2.12,AMD Ryzen 7,586.92,76697.27,,3.8
Asus,X1,13th Gen,8.0,1024.0,Grey,2.52,AMD Ryzen 7,278.22,58315.32,37.0,2.8
Hp,X1,11th Gen,8.0,1024.0,Blue,1.62,Intel Core i3,192.84,56532.23,47.49,2.9
Asus,X1,12th Gen,8.0,256.0,Blue,1.75,AMD Ryzen 7,130.92,37290.3,,4.0
Asus,X1,11th Gen,12.0,512.0,Blue,1.74,Intel Core i7,,38341.5,,3.4
Dell,Inspiron,13th Gen,12.0,1024.0,Grey,2.81,AMD Ryzen 3,147.14,153569.02,,2.6
Lenovo,VivoBook,10th Gen,8.0,512.0,Grey,2.12,AMD Ryzen 7,,75664.16,36.71,3.2
Dell,X1,11th Gen,32.0,512.0,White,1.49,AMD Ryzen 7,,67540.56,,4.0
Lenovo,VivoBook,11th Gen,12.0,1024.0,Black,1.97,AMD Ryzen 5,,120945.23,,4.7
Hp,X1,11th Gen,32.0,1024.0,White,1.24,AMD Ryzen 7,,66666.11,,4.2
Lenovo,16,11th Gen,16.0,256.0,Black,2.1,AMD Ryzen 3,922.25,29994.78,,4.3
Hp,Inspiron,11th Gen,16.0,512.0,Grey,2.45,AMD Ryzen 3,,84572.63,4.83,3.6
Asus,16,12th Gen,12.0,512.0,Grey,2.97,Intel Core i7,743.97,194589.88,17.07,4.6
Lenovo,16,10th Gen,16.0,256.0,Grey,1.74,Intel Core i5,326.37,187127.21,32.33,3.1
Asus,15,12th Gen,12.0,256.0,Blue,2.8,AMD Ryzen 5,,88686.85,7.27,2.5
Asus,16,13th Gen,12.0,256.0,Silver,1.7,AMD Ryzen 3,,82789.22,,4.0
Acer,Inspiron,11th Gen,12.0,1024.0,Black,2.93,Intel Core i7,,123039.88,,4.0
Lenovo,14,13th Gen,32.0,256.0,Blue,2.03,Intel Core i7,,142798.78,47.41,3.2
Dell,16,11th Gen,12.0,512.0,Black,1.83,Intel Core i3,593.13,85438.89,,4.3
Dell,VivoBook,10th Gen,4.0,512.0,Black,1.56,AMD Ryzen 3,,198556.9,5.96,3.9
Dell,15,13th Gen,8.0,256.0,White,2.87,Intel Core i7,403.28,65413.52,,2.6
Lenovo,VivoBook,13th Gen,12.0,256.0,Black,2.5,AMD Ryzen 7,,106482.23,22.24,3.0
Dell,14,11th Gen,4.0,256.0,Grey,2.65,AMD Ryzen 7,465.87,123681.0,13.86,3.5
Dell,16,12th Gen,8.0,1024.0,Blue,1.49,AMD Ryzen 5,,126750.97,,3.2
Asus,14,12th Gen,8.0,256.0,Grey,1.33,Intel Core i3,,148733.22,,2.8
Asus,14,12th Gen,12.0,256.0,White,1.58,Intel Core i5,201.81,90702.5,,2.7
Hp,VivoBook,13th Gen,4.0,1024.0,Blue,1.78,Intel Core i3,,184442.91,8.67,4.3
Hp,16,13th Gen,16.0,512.0,Silver,2.54,Intel Core i5,507.32,165406.1,2.07,3.9
Asus,15,10th Gen,4.0,512.0,Blue,1.92,AMD Ryzen 5,,89950.83,25.97,4.7
Hp,15,11th Gen,32.0,512.0,Silver,1.64,AMD Ryzen 3,926.24,71687.02,,4.2
Acer,Inspiron,11th Gen,12.0,1024.0,Blue,1.49,AMD Ryzen 3,,47932.39,26.47,4.9
Hp,Inspiron,12th Gen,4.0,1024.0,Silver,1.55,Intel Core i3,,139375.69,46.07,4.3
Dell,16,10th Gen,12.0,1024.0,Black,2.75,AMD Ryzen 7,598.36,179036.69,47.26,4.3
Asus,16,12th Gen,12.0,1024.0,Silver,1.29,AMD Ryzen 3,,179871.85,39.78,4.5
Acer,Inspiron,13th Gen,16.0,256.0,White,2.35,AMD Ryzen 5,,175105.06,43.51,3.1
Asus,VivoBook,13th Gen,32.0,512.0,Blue,2.59,AMD Ryzen 5,,135288.64,11.72,2.9
Hp,Inspiron,11th Gen,32.0,1024.0,Silver,2.81,Intel Core i5,,180766.15,,2.9
Lenovo,16,10th Gen,4.0,256.0,White,2.05,AMD Ryzen 7,,188900.89,,2.7
Lenovo,16,10th Gen,4.0,256.0,Silver,2.38,AMD Ryzen 7,,96751.51,1.07,2.5
Asus,16,11th Gen,12.0,1024.0,Silver,2.22,AMD Ryzen 5,643.21,150886.79,,3.0
Lenovo,X1,12th Gen,4.0,512.0,Grey,2.31,AMD Ryzen 3,170.64,183566.59,23.78,4.1
Asus,16,11th Gen,8.0,1024.0,Silver,1.79,AMD Ryzen 7,928.15,138621.61,,3.9
Dell,15,13th Gen,12.0,256.0,White,1.97,Intel Core i7,,155011.41,,4.3
Lenovo,Inspiron,12th Gen,32.0,256.0,White,1.66,AMD Ryzen 5,595.6,170245.57,,3.6
Asus,Inspiron,11th Gen,16.0,512.0,White,2.91,AMD Ryzen 5,119.94,129421.65,35.61,3.2
Lenovo,14,13th Gen,8.0,256.0,Grey,2.21,Intel Core i5,292.0,79923.39,21.97,4.4
Dell,X1,11th Gen,8.0,1024.0,Silver,1.42,AMD Ryzen 3,,189152.27,,4.7
Hp,VivoBook,11th Gen,8.0,256.0,White,2.79,Intel Core i5,,116723.2,47.95,4.0
Lenovo,15,12th Gen,4.0,1024.0,White,2.29,Intel Core i7,221.87,149918.22,,2.9
Acer,Inspiron,11th Gen,16.0,512.0,Silver,2.56,AMD Ryzen 5,238.02,86300.14,24.13,2.9
Acer,Inspiron,10th Gen,4.0,512.0,Grey,1.68,AMD Ryzen 5,996.87,91186.91,,4.5
Acer,Inspiron,11th Gen,12.0,1024.0,Grey,1.4,AMD Ryzen 3,491.01,160947.22,15.87,4.8
Acer,Inspiron,11th Gen,16.0,256.0,Grey,1.55,AMD Ryzen 3,203.73,60479.42,9.19,4.5
Lenovo,16,12th Gen,12.0,1024.0,Blue,2.68,AMD Ryzen 3,645.11,181256.73,12.54,3.3
Lenovo,VivoBook,13th Gen,32.0,1024.0,Silver,2.73,Intel Core i7,,44205.97,,4.3
Asus,14,13th Gen,16.0,1024.0,Grey,2.84,Intel Core i7,815.44,86699.77,,2.8
Dell,X1,11th Gen,4.0,256.0,White,2.78,Intel Core i7,,159342.45,28.21,4.7
Lenovo,16,10th Gen,12.0,256.0,Grey,1.91,Intel Core i5,,132732.28,,4.4
Acer,X1,12th Gen,16.0,1024.0,Black,2.41,Intel Core i5,161.57,84931.94,,2.9
Acer,16,11th Gen,16.0,1024.0,Black,2.64,AMD Ryzen 7,816.75,32358.27,,3.1
Dell,VivoBook,12th Gen,12.0,256.0,Silver,2.79,Intel Core i5,957.51,183045.8,,3.9
Dell,Inspiron,11th Gen,16.0,512.0,Blue,1.53,AMD Ryzen 3,502.43,106064.68,,2.8
Dell,15,10th Gen,32.0,1024.0,Grey,1.23,Intel Core i3,490.7,26557.66,24.86,2.6
Hp,16,11th Gen,32.0,1024.0,Blue,1.49,Intel Core i7,,190242.31,47.85,4.0
Asus,15,11th Gen,16.0,256.0,Blue,1.43,Intel Core i7,856.61,48931.77,,4.3
Lenovo,Inspiron,13th Gen,8.0,256.0,Black,2.26,AMD Ryzen 3,,180436.25,45.4,3.1
Acer,Inspiron,10th Gen,8.0,1024.0,White,2.43,Intel Core i5,,148412.58,,4.3
Hp,VivoBook,11th Gen,4.0,1024.0,Black,1.58,AMD Ryzen 5,531.63,57965.47,,3.7
Asus,14,12th Gen,12.0,256.0,Silver,1.58,Intel Core i5,388.97,79442.14,6.17,4.6
Acer,14,10th Gen,8.0,256.0,Grey,1.44,AMD Ryzen 3,,169048.78,,3.6
Lenovo,X1,13th Gen,32.0,1024.0,White,1.68,Intel Core i3,,43762.93,,3.1
Asus,X1,12th Gen,16.0,256.0,White,1.99,Intel Core i5,,84648.62,31.3,3.8
Asus,Inspiron,11th Gen,12.0,512.0,Silver,1.91,Intel Core i3,406.93,101451.17,25.77,4.9
Dell,X1,10th Gen,16.0,1024.0,Grey,2.11,AMD Ryzen 7,439.72,24376.31,35.66,3.3
Dell,15,12th Gen,8.0,256.0,Black,1.91,AMD Ryzen 3,,158730.16,,4.9
Dell,16,13th Gen,4.0,256.0,Grey,2.43,AMD Ryzen 5,789.47,150954.98,46.52,3.4
Dell,14,10th Gen,8.0,256.0,Grey,2.65,AMD Ryzen 3,,188314.24,,3.0
Hp,X1,13th Gen,8.0,256.0,Blue,2.47,AMD Ryzen 3,555.48,191878.7,,4.5
Acer,VivoBook,10th Gen,12.0,256.0,Black,1.71,AMD Ryzen 3,,82442.76,,2.6
Lenovo,14,12th Gen,8.0,512.0,Grey,2.97,Intel Core i3,,75742.29,28.34,3.8
Hp,16,13th Gen,8.0,1024.0,Black,2.32,AMD Ryzen 5,,71673.06,,4.6
Hp,Inspiron,13th Gen,8.0,256.0,Grey,1.54,Intel Core i3,,196582.99,28.88,3.6
Acer,15,10th Gen,8.0,1024.0,Black,2.36,AMD Ryzen 3,657.01,36572.34,33.91,3.2
Dell,15,11th Gen,8.0,256.0,White,2.91,AMD Ryzen 3,598.84,30210.47,,4.5
Hp,X1,12th Gen,12.0,512.0,Grey,1.49,Intel Core i3,,84030.34,17.29,2.8
Hp,Inspiron,13th Gen,32.0,256.0,Blue,2.66,Intel Core i3,885.71,169712.29,,4.7
Lenovo,VivoBook,12th Gen,4.0,256.0,Grey,1.98,AMD Ryzen 5,,54665.93,45.28,4.8
Hp,VivoBook,12th Gen,8.0,512.0,Blue,1.62,Intel Core i7,,145059.42,,4.3
Acer,Inspiron,11th Gen,4.0,1024.0,Grey,2.52,AMD Ryzen 7,,85546.61,,4.6
Hp,15,13th Gen,16.0,256.0,Grey,2.81,Intel Core i3,230.13,128936.83,,2.8
Acer,14,11th Gen,16.0,512.0,Grey,2.17,Intel Core i5,,195794.58,33.91,2.9
Lenovo,15,10th Gen,32.0,1024.0,Blue,1.99,AMD Ryzen 3,895.28,159676.31,,4.8
Lenovo,Inspiron,10th Gen,4.0,256.0,White,1.74,Intel Core i7,498.58,194267.75,,3.7
Acer,14,13th Gen,8.0,256.0,Blue,1.46,AMD Ryzen 3,113.11,83988.67,32.79,4.1
Asus,16,10th Gen,8.0,1024.0,White,1.4,Intel Core i3,,112194.75,19.25,4.4
Lenovo,VivoBook,10th Gen,16.0,512.0,Blue,2.14,AMD Ryzen 3,612.45,72902.76,,5.0
Lenovo,16,12th Gen,4.0,512.0,Grey,1.87,Intel Core i7,,127142.99,39.28,2.5
Dell,15,13th Gen,16.0,256.0,Blue,1.22,Intel Core i3,224.87,54736.67,15.57,2.8
Asus,15,11th Gen,16.0,256.0,White,2.14,Intel Core i3,160.69,55680.07,44.45,4.4
Acer,14,10th Gen,32.0,256.0,Silver,1.71,Intel Core i5,,118279.43,,3.2
Dell,X1,10th Gen,8.0,512.0,Black,2.1,AMD Ryzen 5,,140880.01,33.38,2.5
Acer,15,13th Gen,8.0,512.0,Black,2.52,Intel Core i3,273.62,108239.71,,4.7
Asus,VivoBook,11th Gen,32.0,512.0,Grey,2.0,Intel Core i3,784.06,145868.13,,4.2
Asus,X1,13th Gen,32.0,1024.0,White,1.32,AMD Ryzen 3,287.26,26143.61,,4.6
Hp,VivoBook,10th Gen,32.0,1024.0,Grey,1.98,AMD Ryzen 5,539.62,24885.99,,4.3
Asus,VivoBook,11th Gen,16.0,512.0,Blue,1.65,AMD Ryzen 7,486.31,162460.06,,3.8
Asus,X1,13th Gen,12.0,512.0,White,1.49,Intel Core i3,772.54,111154.62,,2.8
Lenovo,16,13th Gen,8.0,1024.0,Grey,2.47,Intel Core i7,437.45,148270.68,,3.7
Lenovo,VivoBook,10th Gen,12.0,512.0,Silver,2.59,AMD Ryzen 5,,106322.12,,4.2
Acer,X1,13th Gen,16.0,256.0,Black,1.58,Intel Core i7,,47452.48,,3.6
Asus,16,12th Gen,12.0,256.0,Grey,1.57,Intel Core i3,,86163.3,0.24,3.3
Lenovo,15,12th Gen,16.0,1024.0,Silver,1.33,Intel Core i5,,133479.92,31.65,3.6
Lenovo,X1,12th Gen,4.0,1024.0,White,,Intel Core i3,356.49,29482.08,31.54,3.0
Asus,14,13th Gen,4.0,256.0,Blue,1.39,Intel Core i5,618.23,74270.1,37.77,2.7
Acer,14,12th Gen,32.0,512.0,Black,2.16,AMD Ryzen 5,,144952.27,37.09,4.9
Hp,VivoBook,13th Gen,12.0,256.0,Blue,2.08,AMD Ryzen 3,551.58,27019.22,8.11,4.3
Lenovo,VivoBook,12th Gen,32.0,256.0,Black,2.45,Intel Core i5,728.16,180642.44,47.58,3.4
Dell,15,10th Gen,4.0,512.0,White,2.52,Intel Core i7,,192309.62,0.66,3.5
Acer,Inspiron,13th Gen,4.0,512.0,Black,1.62,Intel Core i5,,178193.71,19.34,4.2
Asus,Inspiron,13th Gen,8.0,256.0,Silver,2.26,AMD Ryzen 7,,133105.23,,3.3
Lenovo,VivoBook,11th Gen,16.0,1024.0,Silver,1.37,AMD Ryzen 5,831.7,171696.08,,2.6
Dell,14,12th Gen,16.0,256.0,Silver,2.58,AMD Ryzen 3,,182248.37,7.74,4.3
Asus,15,11th Gen,4.0,256.0,White,1.82,Intel Core i5,972.71,50487.65,1.5,4.5
Asus,Inspiron,13th Gen,32.0,512.0,White,1.7,Intel Core i7,102.91,115114.67,3.95,3.1
Acer,Inspiron,10th Gen,12.0,256.0,Black,2.41,AMD Ryzen 3,,107347.05,,3.8
Lenovo,15,10th Gen,16.0,512.0,Silver,2.61,Intel Core i5,,99587.46,10.91,2.7
Asus,Inspiron,11th Gen,12.0,512.0,Blue,2.87,AMD Ryzen 7,463.21,184777.96,,2.5
Hp,Inspiron,12th Gen,8.0,256.0,White,2.4,Intel Core i5,,133013.28,27.19,3.0
Asus,15,13th Gen,32.0,256.0,Black,2.34,AMD Ryzen 7,131.58,196048.85,28.69,3.7
Acer,14,10th Gen,4.0,1024.0,Silver,2.26,AMD Ryzen 5,,24578.75,15.97,4.3
Lenovo,15,11th Gen,4.0,256.0,White,1.8,Intel Core i5,475.79,61634.1,13.36,3.3
Asus,VivoBook,13th Gen,12.0,512.0,Blue,1.4,AMD Ryzen 3,,52988.72,,4.3
Lenovo,15,13th Gen,32.0,256.0,Grey,2.8,Intel Core i7,236.59,106403.32,,3.5
Acer,16,11th Gen,32.0,512.0,Black,2.83,AMD Ryzen 3,489.24,192635.71,,2.8
Acer,14,13th Gen,16.0,1024.0,White,1.86,AMD Ryzen 5,194.52,27713.83,,3.4
Asus,16,11th Gen,4.0,256.0,Silver,2.78,AMD Ryzen 3,,25455.72,12.94,3.8
Lenovo,Inspiron,12th Gen,12.0,512.0,Grey,1.28,AMD Ryzen 5,,163566.1,,3.9
Lenovo,16,10th Gen,16.0,1024.0,Blue,2.23,AMD Ryzen 5,,54779.76,36.73,3.2
Acer,14,13th Gen,8.0,512.0,Black,2.24,Intel Core i5,301.24,46497.0,,3.8
Lenovo,VivoBook,12th Gen,8.0,1024.0,Blue,1.54,Intel Core i7,445.57,88173.62,24.89,2.9
Dell,VivoBook,10th Gen,16.0,1024.0,Grey,1.99,Intel Core i7,123.34,58167.25,,3.1
Lenovo,X1,12th Gen,4.0,,Silver,1.99,AMD Ryzen 7,,88845.29,,4.0
Lenovo,X1,12th Gen,12.0,512.0,White,1.71,AMD Ryzen 5,229.99,27875.74,33.14,4.7
Acer,Inspiron,10th Gen,8.0,1024.0,Blue,1.9,Intel Core i5,610.89,36386.4,,3.1
Asus,16,10th Gen,4.0,1024.0,White,1.25,AMD Ryzen 7,726.64,180462.25,47.17,2.6
Lenovo,16,10th Gen,8.0,512.0,White,1.69,AMD Ryzen 5,,97623.78,,3.9
Lenovo,15,10th Gen,4.0,512.0,Silver,,Intel Core i7,,125374.51,6.77,2.8
Lenovo,15,12th Gen,4.0,512.0,Black,1.48,AMD Ryzen 7,,66605.12,,2.7
Asus,15,13th Gen,32.0,512.0,White,1.53,Intel Core i3,483.92,43156.78,,4.5
Asus,16,10th Gen,4.0,512.0,Grey,2.66,Intel Core i5,115.01,132148.23,,2.7
Asus,14,10th Gen,4.0,256.0,White,1.42,Intel Core i3,,123583.15,41.17,3.6
Lenovo,16,10th Gen,16.0,1024.0,Grey,2.65,Intel Core i3,944.36,121907.48,,3.5
Lenovo,15,10th Gen,32.0,512.0,Black,2.06,Intel Core i5,,94290.23,,3.1
Hp,Inspiron,13th Gen,12.0,1024.0,Blue,2.84,AMD Ryzen 5,938.21,147565.55,,4.2
Dell,X1,11th Gen,8.0,256.0,Grey,1.5,AMD Ryzen 5,187.12,32395.03,18.45,4.1
Asus,Inspiron,13th Gen,8.0,256.0,Grey,2.89,AMD Ryzen 3,,20663.97,45.34,3.8
Hp,Inspiron,11th Gen,4.0,1024.0,Blue,2.96,Intel Core i5,402.81,179010.02,,3.8
Dell,16,13th Gen,12.0,256.0,Black,2.02,Intel Core i5,350.43,94646.27,33.95,2.8
Dell,16,10th Gen,12.0,256.0,Black,2.08,AMD Ryzen 3,,190524.28,7.27,4.9
Lenovo,14,11th Gen,4.0,512.0,Blue,2.83,AMD Ryzen 7,,160684.27,17.68,2.6
Lenovo,15,11th Gen,4.0,512.0,White,2.98,AMD Ryzen 7,719.55,74462.67,,3.7
Dell,15,12th Gen,4.0,1024.0,Grey,1.74,Intel Core i7,155.09,160167.98,37.02,4.9
Dell,X1,11th Gen,16.0,1024.0,Grey,1.81,Intel Core i5,,41277.31,29.99,4.8
Lenovo,14,13th Gen,32.0,512.0,Grey,2.3,AMD Ryzen 7,400.96,85454.91,29.97,3.4
Asus,Inspiron,13th Gen,4.0,1024.0,Silver,2.11,Intel Core i7,,33730.62,41.68,4.9
Hp,15,12th Gen,4.0,1024.0,Silver,1.97,Intel Core i3,,189046.24,27.24,2.8
Hp,14,11th Gen,12.0,512.0,White,2.83,AMD Ryzen 5,,117943.58,1.58,3.0
Asus,X1,12th Gen,16.0,512.0,White,1.6,Intel Core i7,489.87,25799.49,43.42,4.5
Hp,14,10th Gen,32.0,256.0,White,2.35,Intel Core i3,,171458.6,25.77,2.6
Dell,Inspiron,13th Gen,8.0,256.0,Grey,1.63,Intel Core i7,706.63,172114.85,,3.7
Hp,X1,13th Gen,16.0,512.0,Silver,2.79,Intel Core i3,,59681.08,10.77,4.5
Dell,VivoBook,11th Gen,8.0,512.0,Silver,2.52,AMD Ryzen 5,777.96,157453.71,,3.2
Dell,16,10th Gen,8.0,1024.0,Silver,2.14,Intel Core i5,648.02,136574.27,17.88,3.5
Asus,16,13th Gen,4.0,1024.0,Black,2.89,AMD Ryzen 5,637.23,30516.31,12.11,3.5
Acer,VivoBook,13th Gen,16.0,256.0,White,1.77,AMD Ryzen 7,,57218.34,,2.9
Acer,X1,10th Gen,4.0,256.0,Silver,2.96,Intel Core i7,299.39,184191.77,31.19,2.8
Hp,Inspiron,10th Gen,32.0,512.0,Grey,1.8,Intel Core i7,,45636.75,25.22,4.3
Dell,X1,12th Gen,32.0,1024.0,Silver,1.94,AMD Ryzen 5,744.3,101757.07,,3.6
Lenovo,Inspiron,11th Gen,8.0,512.0,Silver,1.98,AMD Ryzen 5,,118756.46,,3.3
Hp,15,13th Gen,32.0,1024.0,Black,2.05,,346.32,198096.98,19.6,3.1
Acer,Inspiron,11th Gen,8.0,256.0,Grey,2.07,AMD Ryzen 3,745.44,56827.34,41.53,3.6
Lenovo,15,11th Gen,8.0,1024.0,Grey,2.79,AMD Ryzen 5,,186240.58,,3.8
Dell,16,13th Gen,4.0,1024.0,Black,2.06,AMD Ryzen 7,,181700.07,45.49,4.7
Dell,X1,10th Gen,8.0,256.0,White,1.87,AMD Ryzen 5,368.55,116314.64,,4.8
Hp,14,10th Gen,16.0,256.0,Grey,2.92,Intel Core i7,183.29,177014.59,,3.1
Lenovo,15,12th Gen,12.0,256.0,Grey,2.26,Intel Core i5,,44933.99,,4.9
Hp,Inspiron,12th Gen,32.0,256.0,Silver,2.87,Intel Core i7,,128189.69,41.33,3.4
Dell,Inspiron,10th Gen,4.0,1024.0,Silver,2.34,AMD Ryzen 5,,111062.43,23.95,4.9
Dell,Inspiron,12th Gen,12.0,1024.0,Silver,1.5,Intel Core i7,306.91,56160.62,,2.9
Hp,16,10th Gen,8.0,512.0,Grey,2.96,Intel Core i3,,137812.46,5.06,3.6
Hp,14,10th Gen,4.0,512.0,Black,2.03,AMD Ryzen 3,,51941.43,,3.0
Hp,X1,10th Gen,4.0,1024.0,White,1.21,Intel Core i3,384.04,81064.0,,3.5
Asus,14,11th Gen,4.0,512.0,White,1.31,AMD Ryzen 5,,98407.26,4.92,4.0
Dell,Inspiron,11th Gen,4.0,256.0,White,2.75,AMD Ryzen 3,982.07,166870.51,,2.9
Acer,X1,11th Gen,16.0,512.0,Blue,2.94,AMD Ryzen 3,,179942.42,46.16,4.3
Acer,X1,10th Gen,32.0,1024.0,Black,2.22,Intel Core i3,878.5,123869.64,,4.6
Hp,14,13th Gen,8.0,512.0,Grey,1.51,Intel Core i5,205.05,143822.39,3.23,4.8
Lenovo,X1,13th Gen,4.0,512.0,Blue,1.96,Intel Core i5,,33472.99,,2.9
Acer,VivoBook,13th Gen,8.0,512.0,Silver,2.33,AMD Ryzen 7,,122163.11,,4.5
Lenovo,Inspiron,10th Gen,12.0,512.0,Grey,2.11,Intel Core i7,420.58,64804.76,19.31,4.3
Asus,VivoBook,11th Gen,16.0,512.0,Grey,1.8,AMD Ryzen 5,522.04,155086.09,,3.5
Lenovo,X1,10th Gen,12.0,512.0,White,2.24,AMD Ryzen 3,,50847.29,15.77,2.6
Dell,VivoBook,13th Gen,8.0,256.0,Blue,2.4,Intel Core i7,986.9,181375.75,,3.8
Hp,X1,12th Gen,16.0,1024.0,Blue,1.85,Intel Core i3,,134548.04,,4.9
Lenovo,14,10th Gen,32.0,256.0,Silver,1.43,AMD Ryzen 5,560.42,84116.63,,3.0
Acer,16,10th Gen,32.0,1024.0,Black,2.64,Intel Core i3,,62374.39,,4.0
Lenovo,15,12th Gen,32.0,256.0,White,1.82,AMD Ryzen 5,541.54,164379.18,22.8,2.8
Acer,X1,13th Gen,32.0,1024.0,Black,1.92,AMD Ryzen 3,448.41,33898.01,,3.4
Dell,VivoBook,13th Gen,12.0,512.0,Black,2.97,AMD Ryzen 7,,89243.79,27.28,3.1
Dell,VivoBook,11th Gen,12.0,256.0,Black,2.55,Intel Core i7,,101623.32,,4.8
Dell,15,12th Gen,8.0,1024.0,Black,2.71,AMD Ryzen 3,591.55,39303.44,45.18,2.6
Dell,VivoBook,11th Gen,8.0,512.0,Silver,2.52,AMD Ryzen 5,656.14,116645.85,32.13,3.3
Hp,14,13th Gen,8.0,256.0,Black,1.35,Intel Core i3,564.39,42538.76,,2.8
Asus,X1,13th Gen,4.0,1024.0,Grey,1.75,Intel Core i3,,40465.82,,2.7
Hp,Inspiron,13th Gen,32.0,1024.0,Blue,1.39,Intel Core i3,820.58,61235.16,45.25,3.7
Dell,X1,11th Gen,12.0,1024.0,Grey,1.99,AMD Ryzen 7,795.49,173215.8,,3.2
Acer,Inspiron,13th Gen,4.0,256.0,Blue,2.49,AMD Ryzen 7,399.12,100894.44,,4.4
Acer,14,10th Gen,32.0,512.0,Black,2.43,AMD Ryzen 7,,180322.32,,2.6
Asus,Inspiron,11th Gen,12.0,256.0,Blue,2.89,AMD Ryzen 7,123.86,129112.94,4.03,3.3
Dell,VivoBook,12th Gen,8.0,1024.0,White,1.87,AMD Ryzen 7,,156905.85,,3.5
Acer,16,10th Gen,8.0,512.0,Silver,2.41,AMD Ryzen 5,,35515.94,,3.4
Dell,VivoBook,12th Gen,4.0,512.0,Grey,2.09,AMD Ryzen 5,,129854.75,18.61,2.9
Lenovo,X1,12th Gen,32.0,1024.0,Black,2.28,AMD Ryzen 3,705.91,179497.77,,4.3
Acer,14,13th Gen,32.0,256.0,Grey,2.52,Intel Core i7,794.16,182778.98,,2.6
Lenovo,16,12th Gen,32.0,1024.0,Grey,2.8,Intel Core i5,714.56,56328.54,11.13,3.9
Dell,X1,12th Gen,32.0,256.0,Black,2.82,AMD Ryzen 3,527.44,125188.12,47.72,2.7
Dell,Inspiron,13th Gen,16.0,256.0,Grey,2.29,AMD Ryzen 5,118.57,166464.64,6.73,3.8
Asus,X1,13th Gen,4.0,1024.0,Silver,2.5,AMD Ryzen 3,691.57,42175.62,,4.9
Acer,16,13th Gen,32.0,256.0,Blue,1.39,Intel Core i5,,98767.54,,3.3
Asus,14,12th Gen,4.0,,Blue,1.46,Intel Core i7,157.5,194156.97,30.35,4.2
Asus,14,11th Gen,16.0,1024.0,Silver,2.16,Intel Core i3,434.93,57761.54,20.48,3.4
Lenovo,15,12th Gen,16.0,256.0,Grey,1.78,Intel Core i5,353.16,22373.21,,4.0
Lenovo,14,12th Gen,12.0,256.0,Blue,1.93,Intel Core i3,,85039.29,49.62,3.0
Asus,VivoBook,12th Gen,12.0,1024.0,Silver,1.21,Intel Core i3,,122290.33,44.73,4.3
Hp,VivoBook,10th Gen,4.0,1024.0,Black,1.42,AMD Ryzen 5,,63943.7,,3.9
Lenovo,16,11th Gen,8.0,256.0,White,1.28,AMD Ryzen 5,,196494.09,20.58,4.0
Dell,14,13th Gen,12.0,512.0,Grey,1.99,Intel Core i7,135.54,33462.36,47.03,4.0
Acer,16,10th Gen,16.0,256.0,Blue,2.13,Intel Core i5,337.2,164379.83,40.89,2.7
Dell,X1,10th Gen,32.0,1024.0,White,1.44,Intel Core i5,,119213.39,,3.3
Acer,VivoBook,13th Gen,16.0,1024.0,Silver,1.89,AMD Ryzen 5,187.29,84388.74,,2.6
Asus,Inspiron,11th Gen,8.0,512.0,White,1.47,AMD Ryzen 5,,190009.17,,4.9
Asus,16,13th Gen,8.0,512.0,Silver,1.89,AMD Ryzen 3,,138863.9,,4.5
Asus,15,12th Gen,12.0,512.0,Black,1.24,Intel Core i3,,86640.11,,4.9
Asus,15,11th Gen,8.0,512.0,White,1.57,AMD Ryzen 7,,126853.23,,3.3
Dell,15,13th Gen,8.0,256.0,Silver,2.49,Intel Core i7,264.81,188571.11,,4.9
Acer,14,13th Gen,12.0,256.0,Silver,1.51,AMD Ryzen 7,897.9,23656.97,,4.8
Dell,15,10th Gen,32.0,512.0,Silver,2.67,AMD Ryzen 5,275.32,87523.01,,4.8
Acer,15,13th Gen,12.0,256.0,Grey,2.79,AMD Ryzen 3,,122693.03,30.13,3.4
Hp,X1,13th Gen,4.0,512.0,White,2.52,Intel Core i3,,84434.16,,4.2
Acer,15,11th Gen,12.0,1024.0,Black,2.93,AMD Ryzen 3,352.12,162459.55,,2.9
Lenovo,VivoBook,10th Gen,16.0,256.0,Black,1.7,AMD Ryzen 5,,121158.96,,3.7
Acer,VivoBook,12th Gen,12.0,1024.0,Silver,2.67,Intel Core i5,,191280.55,23.06,3.2
Hp,16,11th Gen,32.0,512.0,Silver,2.17,AMD Ryzen 7,,98111.32,5.23,3.7
Asus,15,13th Gen,4.0,512.0,Blue,2.76,Intel Core i7,680.83,94031.66,,3.1
Acer,VivoBook,11th Gen,12.0,1024.0,Blue,1.77,Intel Core i3,,194149.82,20.23,4.7
Hp,X1,10th Gen,12.0,256.0,Blue,2.85,Intel Core i7,,64042.36,29.75,4.6
Lenovo,X1,13th Gen,8.0,1024.0,White,2.86,AMD Ryzen 7,,66196.91,,3.9
Acer,16,10th Gen,8.0,512.0,Silver,1.79,AMD Ryzen 7,321.49,86434.23,,4.8
Asus,14,12th Gen,16.0,256.0,Blue,1.28,Intel Core i5,,148358.16,,4.6
Lenovo,14,11th Gen,8.0,512.0,Grey,2.64,AMD Ryzen 7,794.83,30007.16,5.8,4.4
Acer,X1,10th Gen,16.0,256.0,Silver,2.58,AMD Ryzen 7,411.78,39626.84,,4.1
Lenovo,VivoBook,12th Gen,32.0,1024.0,Black,2.88,AMD Ryzen 3,593.21,29849.89,39.41,4.3
Asus,16,12th Gen,32.0,1024.0,White,1.93,Intel Core i5,,99411.41,44.33,3.5
Lenovo,Inspiron,13th Gen,32.0,256.0,Silver,2.28,Intel Core i7,,46042.47,,3.3
Asus,16,12th Gen,16.0,256.0,Grey,1.55,Intel Core i5,,51753.61,,3.6
Hp,16,13th Gen,16.0,256.0,Grey,1.86,Intel Core i5,484.1,70380.58,,3.1
Lenovo,Inspiron,12th Gen,8.0,512.0,Silver,1.91,Intel Core i7,576.68,138232.8,,4.7
Hp,X1,11th Gen,4.0,1024.0,Silver,1.9,AMD Ryzen 3,,109544.64,44.43,2.9
Dell,VivoBook,11th Gen,8.0,512.0,Blue,2.12,AMD Ryzen 3,827.69,69367.77,,3.4
Asus,VivoBook,10th Gen,32.0,256.0,Grey,1.42,AMD Ryzen 7,,144175.43,37.37,3.5
Lenovo,X1,13th Gen,32.0,512.0,Grey,3.0,AMD Ryzen 3,,58255.15,,2.8
Dell,Inspiron,11th Gen,8.0,512.0,Blue,1.6,Intel Core i5,,61490.94,,4.9
Acer,15,12th Gen,16.0,1024.0,Silver,1.23,AMD Ryzen 7,621.35,48303.42,14.32,3.8
Lenovo,Inspiron,11th Gen,8.0,512.0,Blue,1.45,AMD Ryzen 7,,184748.66,2.25,3.6
Hp,X1,11th Gen,4.0,1024.0,Silver,2.15,Intel Core i3,,81679.43,,4.4
Dell,Inspiron,13th Gen,16.0,512.0,Silver,2.2,AMD Ryzen 3,114.49,186665.7,,4.2
Hp,15,11th Gen,4.0,1024.0,White,2.48,AMD Ryzen 5,,98275.07,21.12,4.8
Dell,14,12th Gen,12.0,512.0,Blue,1.36,AMD Ryzen 3,,181174.49,,2.8
Dell,X1,12th Gen,4.0,256.0,Blue,1.33,Intel Core i5,136.41,187476.28,,2.7
Acer,Inspiron,13th Gen,12.0,512.0,Silver,2.96,Intel Core i3,778.04,40973.27,6.39,4.3
Acer,Inspiron,13th Gen,16.0,1024.0,Black,2.53,AMD Ryzen 3,,143832.24,,4.4
Dell,14,11th Gen,16.0,1024.0,White,2.36,AMD Ryzen 3,235.06,138669.26,11.88,4.9
Hp,16,12th Gen,16.0,256.0,White,2.09,Intel Core i3,,180965.42,,3.4
Acer,15,13th Gen,8.0,512.0,White,1.6,AMD Ryzen 5,941.56,58777.97,25.02,3.2
Lenovo,X1,12th Gen,32.0,512.0,Silver,1.36,Intel Core i3,209.09,133067.09,,3.8
Dell,14,10th Gen,12.0,1024.0,Silver,2.38,AMD Ryzen 5,260.07,20526.16,38.8,4.1
Acer,15,13th Gen,12.0,512.0,Silver,2.06,AMD Ryzen 7,421.04,156524.69,16.49,4.6
Lenovo,Inspiron,13th Gen,12.0,256.0,Grey,2.66,AMD Ryzen 3,,143659.67,,3.6
Hp,X1,13th Gen,32.0,256.0,White,2.75,Intel Core i3,,197876.46,31.17,3.7
Lenovo,15,11th Gen,32.0,1024.0,Blue,2.31,Intel Core i7,587.36,195960.1,,2.8
Hp,16,10th Gen,12.0,1024.0,Black,1.92,Intel Core i7,741.77,22330.9,,2.7
Lenovo,Inspiron,13th Gen,12.0,256.0,White,1.81,AMD Ryzen 3,398.6,183203.09,,3.6
Lenovo,16,12th Gen,16.0,1024.0,White,2.59,AMD Ryzen 5,828.08,192192.39,,2.9
Dell,X1,10th Gen,8.0,256.0,Blue,1.77,AMD Ryzen 7,848.56,81670.91,,4.8
Lenovo,14,10th Gen,32.0,1024.0,White,1.43,Intel Core i5,909.61,196735.94,,3.4
Asus,16,10th Gen,12.0,1024.0,Silver,2.43,Intel Core i7,,144141.15,,4.1
Dell,X1,13th Gen,12.0,256.0,Blue,2.59,AMD Ryzen 5,,127713.49,,3.5
Asus,Inspiron,10th Gen,4.0,1024.0,Black,2.07,AMD Ryzen 5,679.31,117871.84,14.58,4.0
Hp,14,13th Gen,8.0,1024.0,White,1.93,Intel Core i7,,194448.79,,3.6
Hp,16,10th Gen,16.0,512.0,White,1.59,Intel Core i3,,149020.77,46.65,4.5
Acer,Inspiron,11th Gen,4.0,512.0,Silver,2.23,Intel Core i3,816.32,102286.83,23.67,3.5
Dell,VivoBook,13th Gen,8.0,512.0,White,2.4,AMD Ryzen 3,,181663.78,,4.6
Dell,14,12th Gen,12.0,1024.0,Blue,2.68,AMD Ryzen 5,896.02,150905.85,,4.1
Lenovo,14,12th Gen,4.0,1024.0,Blue,1.5,AMD Ryzen 5,,24426.46,,3.4
Lenovo,15,12th Gen,8.0,1024.0,White,2.66,Intel Core i7,824.73,193547.52,29.07,4.8
Acer,16,10th Gen,16.0,256.0,Silver,3.0,AMD Ryzen 7,,50220.46,,5.0
Lenovo,15,13th Gen,12.0,1024.0,Grey,1.78,Intel Core i3,317.53,143953.42,22.13,5.0
Dell,VivoBook,12th Gen,32.0,512.0,Black,2.45,Intel Core i7,983.48,148529.07,8.78,2.7
Dell,16,12th Gen,12.0,1024.0,Blue,1.76,AMD Ryzen 7,,194412.46,,4.2
Acer,16,13th Gen,8.0,512.0,Silver,1.92,Intel Core i3,556.81,157160.43,,3.2
Acer,14,12th Gen,32.0,256.0,Black,1.7,AMD Ryzen 7,798.1,179619.7,,3.6
Dell,15,13th Gen,8.0,1024.0,Blue,1.99,AMD Ryzen 5,,20926.32,,3.7
Dell,16,12th Gen,,256.0,Black,1.78,Intel Core i3,727.31,184881.09,18.65,4.4
Lenovo,X1,11th Gen,8.0,512.0,Black,1.54,AMD Ryzen 7,,49519.99,16.37,3.1
Dell,14,13th Gen,32.0,1024.0,Silver,1.23,Intel Core i5,,112816.56,21.95,3.3
Hp,Inspiron,12th Gen,8.0,256.0,Silver,1.41,Intel Core i7,,181735.72,,4.7
Acer,15,12th Gen,32.0,1024.0,Silver,1.64,Intel Core i5,176.91,122006.24,,3.0
Lenovo,15,11th Gen,16.0,256.0,Black,2.15,AMD Ryzen 7,,73531.94,24.8,2.8
Acer,15,12th Gen,4.0,256.0,Black,1.94,AMD Ryzen 7,565.64,88383.14,8.23,3.5
Dell,16,10th Gen,32.0,512.0,Black,2.62,Intel Core i3,689.29,193071.68,42.36,3.5
Asus,15,11th Gen,32.0,1024.0,Black,1.55,Intel Core i3,343.36,195094.56,,3.4
Asus,15,10th Gen,12.0,256.0,Black,1.71,AMD Ryzen 7,746.9,118846.68,,3.5
Asus,16,11th Gen,,512.0,Grey,1.25,Intel Core i7,,93855.3,,4.9
Asus,15,13th Gen,4.0,512.0,Silver,2.61,AMD Ryzen 3,223.19,134184.42,,2.5
Lenovo,VivoBook,11th Gen,16.0,256.0,Black,2.58,AMD Ryzen 7,343.84,132652.8,29.25,2.9
Acer,15,11th Gen,12.0,512.0,White,1.96,AMD Ryzen 7,130.35,65664.52,,3.4
Asus,16,13th Gen,4.0,1024.0,Blue,,Intel Core i5,,107703.74,46.88,3.0
Dell,16,10th Gen,8.0,1024.0,Silver,1.71,AMD Ryzen 5,,173277.44,24.8,4.8
Asus,14,11th Gen,32.0,512.0,White,2.73,Intel Core i5,997.93,92071.84,0.65,4.6
Lenovo,X1,12th Gen,12.0,1024.0,Grey,1.91,AMD Ryzen 7,,46777.0,,3.2
Hp,VivoBook,12th Gen,12.0,256.0,Silver,1.44,Intel Core i3,979.42,22905.29,14.42,3.0
Acer,Inspiron,11th Gen,12.0,1024.0,Blue,2.42,AMD Ryzen 3,701.88,90326.93,8.61,4.0
Lenovo,Inspiron,13th Gen,8.0,256.0,Blue,2.49,AMD Ryzen 3,481.62,29710.65,8.68,3.0
Asus,VivoBook,12th Gen,8.0,256.0,Blue,2.93,Intel Core i3,,121411.04,,3.6
Lenovo,14,12th Gen,16.0,512.0,White,2.66,AMD Ryzen 3,321.97,101509.16,14.53,3.8
Acer,14,12th Gen,8.0,512.0,Black,1.44,Intel Core i5,,132859.55,,3.2
Hp,14,13th Gen,4.0,512.0,Blue,2.41,Intel Core i3,,51347.76,7.78,2.6
Asus,VivoBook,10th Gen,32.0,1024.0,Silver,1.52,AMD Ryzen 7,996.09,100786.01,,4.2
Dell,Inspiron,10th Gen,12.0,1024.0,Blue,2.72,AMD Ryzen 7,,90980.25,12.2,3.1
Acer,X1,10th Gen,12.0,256.0,Silver,1.65,AMD Ryzen 3,989.24,21603.61,,4.6
Dell,Inspiron,13th Gen,4.0,256.0,Silver,2.55,Intel Core i3,,72182.21,,2.7
Lenovo,14,10th Gen,8.0,256.0,Blue,1.6,Intel Core i3,901.76,180486.93,,2.7
Hp,X1,12th Gen,16.0,1024.0,Black,1.23,Intel Core i5,138.44,82242.08,29.2,3.6
Hp,15,12th Gen,,512.0,Black,2.57,Intel Core i5,,90551.83,,4.9
Hp,15,13th Gen,16.0,256.0,Blue,1.73,Intel Core i3,,85463.75,,4.3
Lenovo,X1,10th Gen,8.0,256.0,Grey,2.58,AMD Ryzen 3,111.24,129380.73,,2.7
Asus,14,10th Gen,8.0,1024.0,Silver,2.55,Intel Core i3,717.87,199748.62,23.79,4.9
Dell,16,11th Gen,4.0,1024.0,Grey,2.6,Intel Core i3,,159141.12,4.86,2.6
Acer,Inspiron,10th Gen,12.0,1024.0,Black,2.23,AMD Ryzen 3,,105789.3,6.46,4.8
Acer,Inspiron,13th Gen,12.0,256.0,Black,2.81,Intel Core i3,,106337.71,13.73,3.4
Hp,Inspiron,13th Gen,4.0,256.0,White,1.82,Intel Core i3,655.17,26825.1,,4.8
Asus,VivoBook,13th Gen,12.0,256.0,Grey,1.62,Intel Core i3,,180254.25,,4.0
Dell,X1,11th Gen,12.0,512.0,Blue,2.06,Intel Core i5,,42712.64,43.36,3.5
Hp,15,13th Gen,12.0,256.0,Grey,1.32,Intel Core i5,201.81,138987.12,33.87,4.9
Lenovo,16,13th Gen,12.0,512.0,Grey,2.76,Intel Core i5,214.11,190573.71,33.2,3.7
Hp,15,13th Gen,32.0,1024.0,Black,2.93,Intel Core i7,,66630.67,,4.6
Acer,VivoBook,13th Gen,8.0,512.0,Silver,2.62,AMD Ryzen 7,,124016.97,,3.9
Asus,X1,11th Gen,4.0,1024.0,Silver,1.4,AMD Ryzen 5,334.95,117654.79,,3.0
Asus,X1,10th Gen,8.0,1024.0,White,2.78,Intel Core i3,,127528.55,41.58,4.7
Acer,VivoBook,13th Gen,12.0,256.0,White,3.0,Intel Core i3,606.98,42532.69,,2.7
Acer,Inspiron,10th Gen,12.0,512.0,Silver,2.85,AMD Ryzen 3,,97148.43,7.7,4.9
Lenovo,VivoBook,11th Gen,32.0,256.0,Grey,2.66,Intel Core i3,,154949.01,34.98,3.1
Acer,X1,10th Gen,4.0,256.0,Blue,1.34,AMD Ryzen 5,,41343.25,,2.7
Asus,X1,12th Gen,4.0,256.0,Blue,1.97,AMD Ryzen 7,,57154.44,,3.8
Asus,X1,12th Gen,,512.0,Blue,1.45,Intel Core i3,,184020.9,45.54,3.8
Lenovo,Inspiron,12th Gen,4.0,256.0,Silver,2.59,Intel Core i7,124.08,45683.68,3.08,3.0
Lenovo,16,10th Gen,16.0,512.0,Silver,2.03,AMD Ryzen 3,401.58,154690.71,,3.3
Asus,15,13th Gen,32.0,256.0,Grey,1.64,AMD Ryzen 5,,188606.51,,3.2
Acer,15,10th Gen,12.0,256.0,Blue,2.82,AMD Ryzen 3,480.7,182425.84,,3.6
Lenovo,X1,11th Gen,32.0,512.0,Grey,1.67,AMD Ryzen 7,,156070.37,1.62,2.6
Lenovo,15,11th Gen,12.0,1024.0,White,1.67,AMD Ryzen 5,267.36,158708.75,44.2,2.8
Dell,16,12th Gen,32.0,512.0,Grey,2.22,Intel Core i7,,128051.45,20.31,3.4
Asus,15,13th Gen,12.0,512.0,Grey,2.86,AMD Ryzen 3,,48552.45,,2.7
Asus,VivoBook,11th Gen,12.0,1024.0,White,1.81,Intel Core i3,,128328.42,,2.5
Dell,Inspiron,10th Gen,4.0,512.0,White,1.27,Intel Core i5,658.51,162165.25,,4.3
Hp,14,13th Gen,32.0,256.0,Grey,1.95,AMD Ryzen 5,218.85,101539.14,,2.9
Hp,VivoBook,10th Gen,32.0,256.0,Silver,1.35,Intel Core i7,903.28,24941.01,16.54,2.9
Acer,Inspiron,12th Gen,8.0,1024.0,Black,1.65,Intel Core i5,215.34,46366.34,9.68,3.8
Acer,Inspiron,10th Gen,16.0,512.0,Black,1.82,Intel Core i7,,162493.29,,2.6
Lenovo,14,11th Gen,32.0,1024.0,White,1.55,Intel Core i7,,90449.13,19.05,3.7
Dell,VivoBook,11th Gen,8.0,256.0,Blue,2.1,Intel Core i7,,162584.18,,2.7
Asus,16,13th Gen,32.0,256.0,Grey,2.39,Intel Core i3,441.56,40213.8,,4.7
Asus,X1,11th Gen,16.0,1024.0,Silver,2.12,Intel Core i3,,92451.6,28.14,4.2
Hp,VivoBook,11th Gen,12.0,1024.0,Black,2.78,AMD Ryzen 3,773.47,97034.46,19.19,4.2
Asus,X1,13th Gen,16.0,256.0,Black,1.95,AMD Ryzen 3,359.31,171161.8,7.53,3.2
Dell,15,11th Gen,32.0,256.0,Blue,2.35,AMD Ryzen 7,,178035.58,12.45,3.2
Acer,15,13th Gen,12.0,512.0,Silver,1.62,Intel Core i3,,138706.64,20.16,2.8
Asus,X1,13th Gen,4.0,1024.0,White,1.54,AMD Ryzen 5,,120878.88,24.83,2.7
Lenovo,15,10th Gen,4.0,512.0,White,1.87,Intel Core i7,240.31,153748.76,29.81,4.1
Lenovo,14,11th Gen,12.0,256.0,Black,2.85,AMD Ryzen 3,,82861.74,,3.3
Acer,15,13th Gen,16.0,256.0,Black,2.79,AMD Ryzen 7,,103928.25,,3.0
Lenovo,16,11th Gen,16.0,256.0,Grey,1.26,Intel Core i5,197.97,189947.9,,3.1
Dell,Inspiron,10th Gen,16.0,256.0,Blue,2.27,AMD Ryzen 7,,29483.44,29.69,3.8
Dell,Inspiron,10th Gen,12.0,512.0,Silver,2.74,AMD Ryzen 3,,84077.09,,4.4
Dell,15,11th Gen,16.0,512.0,Black,2.99,AMD Ryzen 7,,55272.19,37.4,3.7
Dell,14,12th Gen,4.0,1024.0,White,2.02,Intel Core i7,,43654.92,25.53,4.5
Acer,X1,11th Gen,32.0,256.0,Black,2.95,AMD Ryzen 5,706.49,96520.79,,4.0
Acer,15,13th Gen,16.0,512.0,Silver,2.0,,559.22,39825.44,,4.7
Lenovo,15,13th Gen,32.0,512.0,Grey,2.11,Intel Core i7,514.06,33133.13,0.33,3.8
Acer,Inspiron,11th Gen,16.0,1024.0,Blue,2.67,AMD Ryzen 3,,193516.98,1.07,3.5
Lenovo,Inspiron,13th Gen,8.0,256.0,Grey,2.07,Intel Core i5,838.98,140637.84,,4.3
Hp,VivoBook,10th Gen,4.0,1024.0,Black,1.96,Intel Core i5,717.72,86402.89,35.86,3.6
Lenovo,16,13th Gen,12.0,256.0,Grey,2.77,Intel Core i5,118.88,199449.66,17.42,4.5
Lenovo,15,12th Gen,16.0,512.0,White,1.42,Intel Core i5,454.38,166792.12,,4.8
Asus,X1,11th Gen,4.0,512.0,Blue,2.66,Intel Core i3,613.38,175129.23,32.29,3.5
Lenovo,16,13th Gen,32.0,1024.0,Silver,2.47,AMD Ryzen 3,,91827.16,,3.4
Hp,16,11th Gen,16.0,256.0,Grey,2.87,AMD Ryzen 7,428.23,123835.94,,3.0
Acer,15,12th Gen,12.0,256.0,Black,2.09,AMD Ryzen 5,,148521.64,,4.2
Hp,16,13th Gen,16.0,256.0,Grey,1.37,AMD Ryzen 7,957.12,103926.95,,3.8
Dell,X1,13th Gen,32.0,1024.0,Grey,1.88,Intel Core i5,,99261.38,45.59,4.9
Lenovo,X1,10th Gen,8.0,512.0,White,2.24,AMD Ryzen 7,118.7,86787.95,,4.3
Asus,Inspiron,13th Gen,8.0,512.0,Grey,1.53,Intel Core i5,838.62,110209.86,1.75,4.1
Acer,16,13th Gen,12.0,256.0,Black,2.59,Intel Core i3,,157167.99,39.7,3.2
Hp,Inspiron,12th Gen,12.0,512.0,Grey,2.97,Intel Core i7,,184943.76,,3.4
Asus,Inspiron,11th Gen,16.0,1024.0,White,2.71,AMD Ryzen 7,,199801.04,47.67,2.9
Asus,VivoBook,12th Gen,8.0,256.0,Blue,2.57,Intel Core i3,612.39,192317.73,,4.3
Dell,VivoBook,11th Gen,8.0,256.0,Blue,1.87,Intel Core i3,,143887.86,,3.6
Hp,Inspiron,13th Gen,12.0,256.0,Black,1.51,Intel Core i3,486.24,102397.71,34.02,3.3
Lenovo,VivoBook,12th Gen,12.0,1024.0,Black,2.02,Intel Core i3,,185272.5,,4.3
Acer,X1,13th Gen,8.0,256.0,Silver,2.19,Intel Core i5,,140040.97,,3.2
Acer,16,10th Gen,32.0,1024.0,White,1.31,AMD Ryzen 3,,136081.08,,4.6
Acer,Inspiron,10th Gen,4.0,1024.0,Black,2.48,Intel Core i5,,66605.02,8.32,2.9
Hp,Inspiron,12th Gen,16.0,1024.0,White,2.16,Intel Core i3,,182148.2,,3.9
Dell,X1,13th Gen,32.0,1024.0,Black,1.95,Intel Core i3,446.53,182729.83,,3.3
Lenovo,14,13th Gen,16.0,512.0,Blue,2.43,Intel Core i3,,135326.13,43.91,4.2
Lenovo,14,13th Gen,12.0,512.0,Blue,1.52,,,166315.41,18.79,4.8
Asus,Inspiron,12th Gen,32.0,512.0,Grey,2.51,Intel Core i7,560.58,140056.72,,3.4
Asus,VivoBook,10th Gen,32.0,256.0,White,1.52,Intel Core i3,722.82,169553.49,46.68,4.1
Acer,14,13th Gen,8.0,1024.0,White,1.45,Intel Core i3,,79570.69,,3.7
Dell,VivoBook,13th Gen,4.0,512.0,White,1.42,AMD Ryzen 3,,163802.42,,3.0
Dell,15,12th Gen,16.0,1024.0,White,1.26,Intel Core i5,436.17,165126.39,5.55,2.6
Hp,VivoBook,11th Gen,16.0,1024.0,Grey,1.75,Intel Core i3,,111319.27,29.08,4.8
Asus,Inspiron,10th Gen,8.0,1024.0,Grey,2.51,Intel Core i3,,197755.52,,4.4
Hp,Inspiron,11th Gen,16.0,1024.0,Silver,2.4,AMD Ryzen 7,547.44,179704.97,3.61,3.4
Asus,16,12th Gen,8.0,1024.0,Black,1.65,Intel Core i5,393.97,115111.58,12.43,3.6
Asus,14,13th Gen,4.0,512.0,Blue,2.24,Intel Core i3,213.12,123326.59,43.15,3.1
Dell,16,11th Gen,16.0,256.0,Silver,1.68,AMD Ryzen 3,,22480.11,5.2,3.2
Asus,16,12th Gen,4.0,256.0,White,1.54,AMD Ryzen 5,208.15,108217.04,40.23,3.1
Hp,14,12th Gen,32.0,512.0,White,2.43,AMD Ryzen 3,,158917.84,,3.9
Lenovo,15,11th Gen,16.0,1024.0,Silver,2.06,AMD Ryzen 7,,22952.19,39.3,4.7
Acer,VivoBook,13th Gen,16.0,512.0,Black,1.8,Intel Core i3,913.34,86838.94,35.55,2.7
Lenovo,Inspiron,12th Gen,12.0,512.0,White,1.22,AMD Ryzen 7,904.74,188439.78,15.39,4.7
Hp,15,10th Gen,8.0,256.0,White,2.19,AMD Ryzen 5,954.84,66606.91,,3.3
Asus,14,11th Gen,4.0,1024.0,Blue,1.61,Intel Core i3,810.77,46419.8,23.79,3.9
Hp,14,11th Gen,8.0,1024.0,Black,2.89,Intel Core i5,,191627.13,,3.0
Dell,15,12th Gen,16.0,256.0,Blue,2.9,Intel Core i7,,62904.55,6.06,2.7
Lenovo,14,10th Gen,4.0,1024.0,Blue,2.41,AMD Ryzen 5,135.3,60788.22,40.95,4.5
Asus,X1,12th Gen,32.0,1024.0,Blue,1.85,Intel Core i7,939.87,53324.86,,4.6
Hp,14,12th Gen,12.0,512.0,Silver,2.36,Intel Core i3,,58007.17,35.16,4.5
Acer,14,12th Gen,32.0,512.0,Silver,1.78,Intel Core i5,916.11,190955.9,,4.2
Dell,VivoBook,13th Gen,8.0,1024.0,White,1.74,Intel Core i5,,163235.39,32.01,3.1
Asus,14,12th Gen,4.0,1024.0,Black,2.41,AMD Ryzen 3,,90895.25,40.93,2.8
Lenovo,14,12th Gen,32.0,1024.0,Silver,2.75,Intel Core i7,,129957.27,32.2,4.5
Acer,Inspiron,12th Gen,4.0,1024.0,Black,1.47,AMD Ryzen 5,,32875.71,,2.8
Hp,VivoBook,11th Gen,12.0,1024.0,Blue,1.82,Intel Core i3,686.07,125727.86,28.23,4.0
Acer,14,10th Gen,12.0,256.0,Black,1.89,AMD Ryzen 5,399.61,117196.53,9.19,3.4
Asus,VivoBook,12th Gen,4.0,512.0,White,2.93,AMD Ryzen 3,,166489.77,47.44,3.0
Hp,16,10th Gen,16.0,1024.0,Black,2.64,Intel Core i7,136.08,198978.52,,4.7
Asus,14,13th Gen,4.0,512.0,White,2.04,AMD Ryzen 5,,90640.97,37.39,3.1
Asus,15,13th Gen,8.0,512.0,Black,2.17,Intel Core i5,,174271.54,25.84,4.0
Hp,VivoBook,13th Gen,8.0,512.0,Silver,1.7,AMD Ryzen 3,,186596.37,,2.9
Dell,15,10th Gen,4.0,256.0,Blue,,Intel Core i7,525.89,54932.03,,2.5
Acer,X1,10th Gen,32.0,1024.0,White,1.53,Intel Core i7,944.71,64090.27,,4.7
Asus,VivoBook,11th Gen,16.0,512.0,Blue,1.91,Intel Core i7,,94931.48,24.86,2.7
Acer,16,12th Gen,8.0,512.0,Blue,2.86,AMD Ryzen 5,989.73,54368.62,18.74,2.9
Lenovo,VivoBook,12th Gen,8.0,1024.0,Black,2.17,Intel Core i5,223.33,142266.23,,5.0
Dell,15,10th Gen,12.0,1024.0,Blue,1.52,AMD Ryzen 7,351.93,176638.6,32.9,2.9
Asus,VivoBook,12th Gen,4.0,512.0,White,1.83,AMD Ryzen 3,,106140.6,,4.0
Lenovo,16,11th Gen,32.0,256.0,Black,1.32,Intel Core i3,,176757.14,32.85,4.6
Lenovo,15,11th Gen,8.0,256.0,Grey,2.8,Intel Core i5,,86356.71,28.04,3.3
Dell,15,12th Gen,16.0,512.0,Black,2.71,Intel Core i7,,151506.94,31.38,2.7
Asus,15,10th Gen,32.0,1024.0,White,2.69,AMD Ryzen 5,705.32,182223.23,36.66,3.0
Dell,16,10th Gen,12.0,256.0,Grey,2.33,Intel Core i3,188.29,64468.93,2.49,4.5
Asus,15,11th Gen,8.0,256.0,White,1.77,AMD Ryzen 5,,156852.06,44.31,4.1
Dell,15,12th Gen,12.0,256.0,Blue,1.84,Intel Core i5,732.07,193624.87,42.69,2.7
Lenovo,X1,11th Gen,8.0,256.0,White,2.81,Intel Core i3,,188608.84,,2.5
Dell,VivoBook,13th Gen,32.0,256.0,Grey,1.58,AMD Ryzen 3,,21368.5,26.56,3.5
Hp,15,13th Gen,12.0,1024.0,Silver,2.31,AMD Ryzen 5,673.68,158808.24,11.95,4.4
Hp,X1,11th Gen,8.0,1024.0,White,2.35,AMD Ryzen 3,850.3,20120.01,16.1,4.4
Hp,14,11th Gen,8.0,256.0,Grey,2.3,AMD Ryzen 3,833.61,178716.64,,4.0
Lenovo,15,10th Gen,16.0,512.0,Black,,Intel Core i7,543.27,147589.49,36.77,3.2
Dell,14,13th Gen,16.0,256.0,Grey,1.28,Intel Core i3,,197668.26,0.65,2.8
Hp,15,10th Gen,8.0,512.0,Black,1.71,AMD Ryzen 7,590.63,121604.21,,3.9
Acer,16,12th Gen,8.0,512.0,Black,2.05,AMD Ryzen 5,994.82,102141.39,39.41,4.9
Lenovo,16,11th Gen,16.0,512.0,Black,1.23,Intel Core i3,,44323.71,3.89,3.4
Asus,16,10th Gen,12.0,256.0,Grey,1.32,AMD Ryzen 7,724.28,95410.87,,3.6
Asus,15,13th Gen,8.0,1024.0,Silver,2.65,AMD Ryzen 7,,152565.52,41.97,4.5
Acer,15,10th Gen,8.0,256.0,Blue,2.31,AMD Ryzen 3,,179311.29,,3.8
Lenovo,16,11th Gen,16.0,512.0,Blue,1.53,AMD Ryzen 3,604.77,105773.01,,2.7
Dell,Inspiron,12th Gen,8.0,256.0,Black,2.97,Intel Core i3,316.15,40644.72,,2.9
Acer,X1,11th Gen,16.0,1024.0,Blue,2.17,Intel Core i3,,120995.41,,3.9
Lenovo,16,13th Gen,32.0,1024.0,Blue,1.4,AMD Ryzen 3,858.06,89476.25,1.38,3.7
Lenovo,16,12th Gen,16.0,256.0,Grey,1.82,Intel Core i3,133.98,57045.27,12.76,3.5
Hp,14,13th Gen,4.0,1024.0,Grey,1.68,AMD Ryzen 3,330.26,62583.6,,4.3
Lenovo,14,13th Gen,8.0,512.0,Black,2.72,Intel Core i3,985.04,170776.64,,4.3
Acer,Inspiron,11th Gen,32.0,1024.0,Black,2.72,AMD Ryzen 7,982.74,38542.0,,2.5
Lenovo,Inspiron,10th Gen,16.0,1024.0,Silver,2.76,Intel Core i5,,97414.99,31.75,3.1
Dell,Inspiron,10th Gen,12.0,512.0,Blue,1.23,Intel Core i7,733.07,100998.39,,3.7
Lenovo,15,12th Gen,8.0,1024.0,Blue,1.29,AMD Ryzen 3,,56477.98,,3.0
Lenovo,Inspiron,12th Gen,12.0,512.0,White,1.72,Intel Core i7,,71641.05,,4.9
Asus,14,12th Gen,32.0,256.0,Grey,1.92,AMD Ryzen 7,,95925.99,24.14,3.1
Acer,15,11th Gen,8.0,512.0,Silver,1.33,Intel Core i7,369.42,65623.57,10.47,2.5
Hp,16,13th Gen,16.0,256.0,Black,2.21,Intel Core i5,245.69,38882.47,21.58,4.5
Asus,16,12th Gen,16.0,512.0,Black,2.17,AMD Ryzen 7,455.41,103923.77,7.79,2.8
Asus,Inspiron,11th Gen,4.0,256.0,White,2.29,AMD Ryzen 7,,128340.54,5.62,4.3
Acer,VivoBook,11th Gen,12.0,512.0,White,2.07,Intel Core i7,,116678.34,26.87,3.3
Hp,14,13th Gen,32.0,256.0,Grey,1.68,Intel Core i3,352.81,105183.95,40.91,3.1
Lenovo,14,10th Gen,16.0,256.0,Black,1.92,Intel Core i3,404.51,119396.96,,3.1
Hp,16,11th Gen,8.0,512.0,Silver,1.22,AMD Ryzen 5,,190127.42,,4.4
Hp,VivoBook,12th Gen,12.0,512.0,Blue,2.05,Intel Core i5,764.26,128633.02,,4.3
Asus,16,10th Gen,8.0,512.0,White,2.22,AMD Ryzen 3,,155657.71,,4.4
Dell,Inspiron,12th Gen,8.0,512.0,Black,1.7,AMD Ryzen 3,165.75,131795.46,34.53,3.0
Asus,X1,13th Gen,4.0,1024.0,Silver,2.38,Intel Core i5,220.61,53327.01,42.93,4.0
Hp,14,10th Gen,16.0,512.0,White,2.92,Intel Core i5,618.64,91286.67,16.71,2.8
Asus,Inspiron,12th Gen,12.0,256.0,Grey,1.71,AMD Ryzen 5,,79014.51,23.44,4.4
Hp,VivoBook,13th Gen,32.0,1024.0,Blue,2.12,AMD Ryzen 5,,107823.87,23.4,4.0
Lenovo,16,12th Gen,8.0,256.0,White,1.29,Intel Core i7,594.79,61176.95,42.12,4.4
Lenovo,Inspiron,12th Gen,4.0,1024.0,White,1.5,AMD Ryzen 7,206.76,21508.52,17.33,3.9
Asus,15,10th Gen,4.0,1024.0,Silver,1.47,Intel Core i7,,51301.61,,4.6
Dell,14,12th Gen,4.0,256.0,Black,2.08,AMD Ryzen 3,,104351.04,,2.9
Hp,14,11th Gen,4.0,512.0,Grey,2.21,Intel Core i5,,89460.07,11.36,3.4
Asus,X1,10th Gen,4.0,1024.0,Black,1.75,AMD Ryzen 7,657.57,48200.25,40.48,4.7
Asus,15,13th Gen,12.0,256.0,Blue,2.81,AMD Ryzen 7,,68110.94,22.13,3.7
Lenovo,X1,10th Gen,12.0,1024.0,White,2.91,Intel Core i5,522.85,197791.25,,4.3
Asus,X1,11th Gen,12.0,256.0,Grey,1.43,Intel Core i7,,27612.21,4.65,4.0
Dell,16,11th Gen,16.0,1024.0,Silver,1.42,Intel Core i5,,195347.82,,3.5
Hp,Inspiron,11th Gen,12.0,512.0,Black,2.47,AMD Ryzen 5,,52597.08,0.15,4.5
Dell,16,13th Gen,32.0,512.0,Black,2.57,Intel Core i3,,170877.92,,2.9
Acer,14,13th Gen,4.0,256.0,Grey,1.93,AMD Ryzen 5,,162887.13,19.93,4.4
Lenovo,X1,11th Gen,8.0,1024.0,Black,1.74,AMD Ryzen 7,852.14,114589.75,,3.2
Hp,Inspiron,10th Gen,8.0,512.0,Black,1.73,Intel Core i5,636.73,112590.68,14.89,2.9
Lenovo,X1,11th Gen,8.0,512.0,White,2.2,AMD Ryzen 7,851.48,72405.55,,4.1
Acer,X1,10th Gen,8.0,512.0,Blue,2.54,Intel Core i7,140.5,84301.73,,2.6
Lenovo,Inspiron,12th Gen,8.0,256.0,Grey,1.73,AMD Ryzen 3,,37811.92,7.3,2.8
Hp,VivoBook,12th Gen,,1024.0,Silver,2.32,Intel Core i7,766.06,168499.42,,4.4
Asus,VivoBook,11th Gen,8.0,256.0,White,2.43,AMD Ryzen 7,834.78,106463.35,,4.9
Dell,X1,11th Gen,12.0,512.0,Blue,2.12,Intel Core i7,846.14,26977.66,32.79,4.5
Hp,Inspiron,12th Gen,32.0,1024.0,Blue,1.53,AMD Ryzen 5,239.02,83802.27,48.3,3.4
Lenovo,Inspiron,11th Gen,8.0,1024.0,Silver,2.22,AMD Ryzen 5,114.17,191083.17,46.94,3.0
Dell,VivoBook,10th Gen,4.0,256.0,Blue,1.47,Intel Core i7,,119166.06,39.23,4.9
Asus,15,12th Gen,8.0,256.0,Blue,1.49,AMD Ryzen 7,,157132.23,,4.9
Hp,14,11th Gen,4.0,256.0,Blue,1.29,AMD Ryzen 5,,117408.91,,4.0
Hp,15,13th Gen,12.0,1024.0,Silver,2.81,AMD Ryzen 5,,43844.57,47.45,3.3
Lenovo,VivoBook,10th Gen,32.0,256.0,Grey,1.84,AMD Ryzen 7,,53185.06,35.52,4.3
Acer,14,10th Gen,32.0,512.0,Blue,2.34,Intel Core i7,,138148.33,,3.4
Asus,VivoBook,10th Gen,12.0,512.0,Silver,1.21,AMD Ryzen 5,817.66,89647.96,,3.8
Lenovo,VivoBook,12th Gen,12.0,1024.0,Black,1.21,AMD Ryzen 3,,129821.83,1.38,2.7
Acer,14,10th Gen,12.0,256.0,Black,2.9,AMD Ryzen 5,,160658.88,,2.7
Asus,16,11th Gen,8.0,512.0,White,1.8,Intel Core i3,613.84,86267.75,2.17,3.9
Dell,Inspiron,13th Gen,8.0,512.0,Black,1.4,AMD Ryzen 7,,136760.66,23.48,4.0
Lenovo,15,12th Gen,32.0,256.0,White,1.41,Intel Core i5,,115260.67,,2.9
Lenovo,VivoBook,10th Gen,12.0,1024.0,Grey,2.72,Intel Core i5,,86975.55,14.5,4.4
Acer,VivoBook,10th Gen,4.0,512.0,Black,2.4,Intel Core i5,897.64,32089.57,,4.2
Dell,Inspiron,11th Gen,8.0,512.0,Grey,1.4,AMD Ryzen 5,,94537.86,5.69,4.4
Acer,15,12th Gen,12.0,256.0,Black,1.84,Intel Core i7,398.18,95021.13,10.21,3.3
Lenovo,15,13th Gen,4.0,1024.0,Black,2.02,AMD Ryzen 3,,25088.28,21.16,4.2
Lenovo,15,11th Gen,8.0,1024.0,White,2.99,AMD Ryzen 7,,38335.25,,3.2
Hp,14,13th Gen,8.0,1024.0,Grey,2.35,Intel Core i5,,58577.94,,4.7
Asus,VivoBook,10th Gen,16.0,1024.0,White,2.86,AMD Ryzen 7,,45379.32,,3.2
Acer,15,10th Gen,32.0,256.0,Grey,2.33,AMD Ryzen 5,798.03,187001.29,35.57,3.4
Dell,16,11th Gen,12.0,256.0,Grey,1.71,AMD Ryzen 7,475.81,64534.29,15.34,2.8
Dell,VivoBook,11th Gen,32.0,1024.0,Grey,2.21,Intel Core i7,906.83,158616.72,,4.8
Dell,VivoBook,10th Gen,4.0,256.0,White,1.44,AMD Ryzen 7,869.77,95068.03,,3.0
Lenovo,X1,11th Gen,4.0,1024.0,Blue,1.34,AMD Ryzen 7,563.11,171286.21,41.07,4.8
Dell,16,12th Gen,4.0,1024.0,Black,1.81,AMD Ryzen 7,928.79,148199.94,,3.7
Asus,14,12th Gen,4.0,1024.0,Grey,1.7,AMD Ryzen 5,,183909.75,,3.4
Hp,14,10th Gen,16.0,256.0,Black,2.02,AMD Ryzen 3,798.35,69006.15,48.45,4.9
Acer,15,13th Gen,4.0,1024.0,White,2.46,Intel Core i7,,111002.63,11.69,3.0
Asus,VivoBook,10th Gen,12.0,512.0,White,2.26,AMD Ryzen 7,525.42,47986.75,,2.6
Asus,16,12th Gen,4.0,512.0,Silver,1.38,AMD Ryzen 7,567.81,158884.32,,2.8
Asus,Inspiron,12th Gen,12.0,256.0,Grey,2.01,AMD Ryzen 7,,137942.5,15.96,3.5
Hp,16,11th Gen,16.0,1024.0,Black,2.98,AMD Ryzen 7,689.28,162230.31,,4.3
Lenovo,X1,11th Gen,8.0,512.0,Silver,1.92,AMD Ryzen 7,414.7,188095.05,,2.6
Dell,Inspiron,12th Gen,8.0,512.0,Grey,1.76,Intel Core i7,391.03,53528.47,,3.0
Dell,16,12th Gen,8.0,1024.0,Silver,1.67,AMD Ryzen 3,488.25,151256.1,,3.0
Acer,X1,11th Gen,16.0,1024.0,Blue,1.38,AMD Ryzen 3,237.6,134090.73,,3.0
Lenovo,16,12th Gen,4.0,1024.0,Black,1.63,AMD Ryzen 7,986.85,137910.63,43.17,4.4
Hp,15,10th Gen,8.0,256.0,Black,2.67,AMD Ryzen 5,,57038.97,46.92,3.5
Asus,Inspiron,11th Gen,32.0,1024.0,Blue,2.0,Intel Core i5,,37468.17,16.47,3.1
Hp,Inspiron,13th Gen,8.0,1024.0,Black,2.21,Intel Core i5,,125526.64,36.25,3.5
Lenovo,15,10th Gen,16.0,512.0,Blue,2.7,Intel Core i3,217.49,26321.48,5.69,4.2
Lenovo,14,10th Gen,8.0,512.0,Grey,1.24,Intel Core i7,599.47,145950.36,,4.3
Dell,14,13th Gen,32.0,256.0,White,2.76,AMD Ryzen 3,,177856.31,31.28,4.8
Asus,VivoBook,11th Gen,32.0,1024.0,White,2.03,Intel Core i3,114.07,50394.24,,3.4
Acer,14,12th Gen,16.0,256.0,Blue,1.26,AMD Ryzen 5,114.53,73153.9,,2.7
Hp,VivoBook,13th Gen,12.0,512.0,Blue,2.12,,,108032.28,27.94,4.8
Lenovo,16,13th Gen,8.0,1024.0,Black,2.69,AMD Ryzen 5,,98146.11,8.23,5.0
Hp,VivoBook,11th Gen,16.0,256.0,Blue,2.32,AMD Ryzen 7,,82362.58,,2.6
Lenovo,14,11th Gen,12.0,512.0,Black,2.34,Intel Core i5,,98051.57,,4.5
Acer,VivoBook,12th Gen,32.0,1024.0,Black,2.88,Intel Core i7,350.12,47479.77,,3.8
Dell,15,11th Gen,16.0,,Black,2.47,AMD Ryzen 5,,185331.6,,3.4
Hp,14,10th Gen,4.0,512.0,Black,2.98,Intel Core i3,808.07,111936.09,,2.6
Hp,VivoBook,12th Gen,16.0,512.0,Blue,1.98,AMD Ryzen 7,150.61,111808.58,,3.8
Lenovo,Inspiron,10th Gen,12.0,1024.0,Grey,1.64,Intel Core i7,,138933.78,6.19,4.2
Acer,VivoBook,12th Gen,4.0,512.0,White,2.26,AMD Ryzen 3,,81394.83,,4.1
Acer,14,13th Gen,4.0,1024.0,Black,1.64,AMD Ryzen 7,600.85,118884.27,,3.4
Acer,Inspiron,10th Gen,12.0,1024.0,Grey,2.07,AMD Ryzen 7,,50994.1,49.9,3.8
Asus,15,12th Gen,16.0,256.0,White,2.28,AMD Ryzen 5,786.33,141026.33,29.15,2.6
Lenovo,16,11th Gen,32.0,1024.0,White,1.46,Intel Core i5,990.89,76157.53,29.13,3.6
Asus,Inspiron,11th Gen,32.0,512.0,Grey,2.15,Intel Core i3,135.85,99998.07,24.89,4.3
Acer,16,11th Gen,12.0,256.0,Silver,1.21,AMD Ryzen 5,,162891.86,,3.4
Dell,16,11th Gen,16.0,256.0,Black,2.98,AMD Ryzen 7,888.35,33808.78,,3.4
Acer,Inspiron,11th Gen,8.0,256.0,Grey,2.61,AMD Ryzen 7,,65576.44,,4.7
Lenovo,VivoBook,13th Gen,8.0,512.0,Black,2.66,AMD Ryzen 5,717.85,142768.68,,4.2
Asus,VivoBook,10th Gen,4.0,1024.0,Blue,2.95,AMD Ryzen 3,,36666.51,,3.4
Asus,VivoBook,10th Gen,8.0,256.0,White,2.21,Intel Core i5,537.76,91345.76,,3.8
Hp,15,10th Gen,4.0,512.0,Grey,1.4,AMD Ryzen 3,,153130.32,,4.5
Dell,15,10th Gen,4.0,,White,1.57,AMD Ryzen 3,,157318.64,,2.7
Hp,15,11th Gen,32.0,512.0,Silver,2.18,Intel Core i5,,61815.75,,3.8
Dell,15,12th Gen,8.0,,Blue,2.36,Intel Core i7,794.85,139134.41,19.57,4.8
Hp,VivoBook,13th Gen,4.0,256.0,Silver,1.51,AMD Ryzen 5,,127573.09,16.41,3.6
Acer,Inspiron,10th Gen,16.0,1024.0,Black,2.72,AMD Ryzen 5,644.99,131375.3,46.43,3.1
Lenovo,15,11th Gen,12.0,1024.0,Black,2.35,Intel Core i7,,195823.59,47.17,3.7
Dell,Inspiron,10th Gen,12.0,1024.0,Black,1.53,AMD Ryzen 3,610.89,107770.9,39.06,4.1
Acer,Inspiron,13th Gen,8.0,512.0,Silver,1.98,AMD Ryzen 3,148.34,188216.41,48.43,3.7
Lenovo,16,11th Gen,12.0,1024.0,Grey,2.26,Intel Core i3,,151288.31,32.32,2.9
Asus,X1,12th Gen,32.0,1024.0,Blue,2.48,Intel Core i7,,135942.91,40.67,3.8
Hp,X1,10th Gen,4.0,512.0,White,2.24,Intel Core i7,,112933.8,12.95,3.4
Lenovo,X1,12th Gen,8.0,256.0,Grey,1.59,AMD Ryzen 5,,112080.28,42.36,3.6
Dell,VivoBook,10th Gen,4.0,512.0,Silver,2.49,AMD Ryzen 7,,29635.68,,3.3
Dell,16,10th Gen,12.0,256.0,Grey,2.55,Intel Core i5,146.22,182092.45,,3.6
Dell,15,12th Gen,16.0,1024.0,Black,2.84,AMD Ryzen 7,972.16,41652.8,,3.7
Acer,14,12th Gen,12.0,512.0,Silver,2.15,AMD Ryzen 3,674.46,129613.01,,3.8
Asus,VivoBook,10th Gen,4.0,256.0,Black,1.43,Intel Core i3,222.4,169433.78,,3.2
Dell,Inspiron,12th Gen,16.0,512.0,Grey,1.73,AMD Ryzen 5,,162136.55,,4.1
Acer,X1,13th Gen,12.0,256.0,Black,2.68,Intel Core i5,,130567.15,36.97,4.3
Hp,Inspiron,12th Gen,32.0,256.0,Blue,1.38,Intel Core i5,,131858.4,,4.7
Acer,VivoBook,10th Gen,8.0,256.0,Blue,1.51,Intel Core i7,953.73,23009.75,16.85,4.3
Asus,14,12th Gen,12.0,256.0,Grey,2.53,AMD Ryzen 3,,65078.19,37.28,4.6
Dell,15,11th Gen,12.0,256.0,Blue,2.47,AMD Ryzen 3,921.49,91843.33,10.28,4.8
Acer,15,13th Gen,8.0,256.0,Grey,2.76,Intel Core i5,447.5,138790.04,,4.3
Acer,Inspiron,11th Gen,8.0,512.0,Blue,2.49,AMD Ryzen 5,,173252.84,,2.9
Asus,VivoBook,11th Gen,4.0,512.0,Blue,2.79,AMD Ryzen 7,,93550.61,,3.5
Hp,14,11th Gen,4.0,512.0,Silver,2.64,AMD Ryzen 5,,25520.84,40.91,2.8
Dell,Inspiron,10th Gen,8.0,256.0,White,2.63,AMD Ryzen 5,,121034.36,24.86,5.0
Acer,VivoBook,10th Gen,12.0,256.0,White,1.87,AMD Ryzen 7,,99550.66,,3.7
Asus,Inspiron,11th Gen,16.0,1024.0,White,2.85,AMD Ryzen 3,116.26,24689.56,40.99,3.6
Hp,VivoBook,13th Gen,4.0,1024.0,Grey,2.67,,,86921.96,36.17,3.0
Lenovo,VivoBook,13th Gen,12.0,1024.0,Silver,2.09,Intel Core i7,,185870.11,,4.6
Dell,15,12th Gen,32.0,512.0,White,1.92,Intel Core i3,578.07,81995.03,23.61,4.5
Acer,14,10th Gen,12.0,256.0,Silver,1.58,Intel Core i5,419.6,39295.71,30.45,2.6
Dell,16,10th Gen,32.0,256.0,Grey,2.41,AMD Ryzen 3,753.85,187361.51,6.17,4.1
Asus,X1,13th Gen,4.0,256.0,White,1.74,AMD Ryzen 7,,114087.18,47.83,3.1
Dell,15,10th Gen,12.0,512.0,Blue,1.83,Intel Core i7,464.65,59954.04,,4.4
Acer,VivoBook,12th Gen,12.0,256.0,White,3.0,AMD Ryzen 3,592.79,193304.77,,3.4
Lenovo,14,13th Gen,12.0,256.0,Grey,1.93,AMD Ryzen 3,110.15,162327.13,31.19,4.2
Dell,15,12th Gen,32.0,512.0,Grey,1.72,Intel Core i3,,188317.92,,2.7
Acer,X1,10th Gen,16.0,512.0,Blue,2.38,Intel Core i3,,97366.35,,4.8
Dell,Inspiron,13th Gen,4.0,512.0,Black,2.43,Intel Core i5,990.55,52969.28,23.96,4.2
Dell,VivoBook,11th Gen,16.0,512.0,Blue,2.7,AMD Ryzen 5,,185402.97,,3.9
Asus,VivoBook,12th Gen,16.0,1024.0,White,1.2,Intel Core i3,288.69,28403.48,19.45,4.0
Lenovo,16,12th Gen,4.0,256.0,Black,1.32,AMD Ryzen 3,469.37,69906.78,,4.0
Acer,VivoBook,10th Gen,8.0,1024.0,Grey,2.1,AMD Ryzen 5,480.08,134093.4,,3.0
Lenovo,16,12th Gen,12.0,256.0,Black,2.9,AMD Ryzen 5,529.73,27537.31,,2.6
Lenovo,16,12th Gen,4.0,1024.0,Blue,1.67,Intel Core i7,,149105.4,,2.5
Acer,Inspiron,11th Gen,8.0,512.0,White,1.91,Intel Core i7,834.74,193699.37,,4.5
Lenovo,15,11th Gen,32.0,512.0,Black,2.61,AMD Ryzen 7,568.48,191164.36,49.79,4.5
Asus,VivoBook,12th Gen,16.0,1024.0,White,1.51,AMD Ryzen 5,,71535.04,,3.0
Lenovo,14,12th Gen,12.0,512.0,Blue,1.96,Intel Core i5,,93689.76,5.51,4.3
Acer,Inspiron,10th Gen,12.0,256.0,White,1.64,AMD Ryzen 5,,124818.51,37.54,4.7
Asus,16,13th Gen,16.0,256.0,White,1.22,AMD Ryzen 7,218.92,26186.59,9.37,3.3
Dell,VivoBook,12th Gen,16.0,256.0,Grey,2.98,Intel Core i5,807.14,38022.83,,3.6
Acer,X1,10th Gen,12.0,512.0,White,2.65,Intel Core i3,,135966.19,7.99,2.7
Lenovo,Inspiron,11th Gen,12.0,256.0,Black,2.4,AMD Ryzen 7,,55079.78,,4.9
Acer,Inspiron,13th Gen,16.0,512.0,Grey,2.74,AMD Ryzen 7,867.87,37390.33,,4.0
Dell,15,12th Gen,32.0,256.0,Silver,1.43,AMD Ryzen 5,,62799.28,16.63,3.5
Dell,14,11th Gen,12.0,512.0,Black,2.74,AMD Ryzen 7,,84667.51,,3.1
Acer,VivoBook,10th Gen,16.0,512.0,Silver,2.03,Intel Core i5,725.69,142607.17,,4.7
Acer,Inspiron,10th Gen,12.0,512.0,Silver,1.78,Intel Core i3,437.4,108954.06,,4.0
Dell,16,10th Gen,4.0,1024.0,Grey,1.98,Intel Core i3,944.9,22249.57,,2.6
Hp,14,10th Gen,32.0,256.0,Grey,1.69,Intel Core i7,,63425.3,,4.9
Asus,16,10th Gen,4.0,1024.0,Black,2.82,AMD Ryzen 5,322.98,95211.2,18.88,3.1
Lenovo,15,12th Gen,8.0,256.0,Grey,1.8,Intel Core i3,,66647.02,29.01,3.5
Acer,VivoBook,12th Gen,16.0,1024.0,Silver,1.75,AMD Ryzen 3,245.06,153568.85,20.01,3.8
Lenovo,Inspiron,10th Gen,12.0,256.0,Blue,2.22,Intel Core i7,305.78,132610.49,,4.6
Lenovo,X1,13th Gen,16.0,256.0,Grey,1.46,AMD Ryzen 3,549.27,77730.11,,5.0
Lenovo,15,11th Gen,12.0,256.0,Blue,2.57,Intel Core i3,714.81,143009.78,,3.8
Dell,15,10th Gen,12.0,256.0,Black,1.92,Intel Core i7,,75027.67,,2.9
Dell,X1,13th Gen,12.0,1024.0,Blue,1.85,Intel Core i5,,177185.59,,2.5
Lenovo,Inspiron,12th Gen,4.0,512.0,Grey,2.18,AMD Ryzen 5,,192537.18,,4.9
Lenovo,VivoBook,12th Gen,4.0,1024.0,Grey,1.53,Intel Core i3,,168408.37,10.83,4.1
Lenovo,VivoBook,13th Gen,16.0,512.0,Grey,1.62,AMD Ryzen 3,727.1,24213.06,,3.1
Acer,14,13th Gen,16.0,512.0,White,1.78,Intel Core i5,290.98,174783.59,,2.8
Lenovo,14,13th Gen,4.0,256.0,White,1.38,Intel Core i3,205.02,183219.65,39.23,4.5
Hp,16,13th Gen,12.0,1024.0,Blue,1.75,AMD Ryzen 7,361.7,49580.15,8.54,2.7
Asus,14,13th Gen,32.0,1024.0,White,1.92,AMD Ryzen 3,468.26,164460.18,8.54,2.8
Dell,14,13th Gen,12.0,256.0,Grey,2.96,Intel Core i3,876.19,41564.1,0.33,4.9
Lenovo,Inspiron,11th Gen,32.0,1024.0,White,1.28,Intel Core i7,144.53,56271.12,27.6,3.6
Asus,VivoBook,11th Gen,32.0,1024.0,White,1.82,AMD Ryzen 3,,161721.19,28.52,2.7
Acer,14,12th Gen,4.0,1024.0,Grey,1.23,AMD Ryzen 5,,94901.45,,4.8
Lenovo,Inspiron,10th Gen,8.0,256.0,Silver,2.11,AMD Ryzen 3,,64650.1,22.59,4.7
Acer,Inspiron,11th Gen,16.0,256.0,White,1.28,AMD Ryzen 5,282.41,47721.07,,5.0
Lenovo,14,13th Gen,8.0,256.0,Grey,2.55,AMD Ryzen 7,,122475.71,37.53,4.4
Acer,14,12th Gen,12.0,1024.0,Silver,1.55,AMD Ryzen 5,874.26,37459.62,16.65,2.6
Hp,14,13th Gen,32.0,1024.0,Black,2.47,AMD Ryzen 5,,47796.29,,2.9
Acer,Inspiron,11th Gen,12.0,1024.0,White,1.71,Intel Core i3,,154838.95,47.6,4.8
Dell,X1,13th Gen,32.0,512.0,Blue,2.45,AMD Ryzen 5,,101377.26,1.72,3.6
Acer,14,12th Gen,4.0,256.0,Grey,2.01,AMD Ryzen 5,843.99,52614.94,28.21,3.7
Acer,X1,10th Gen,32.0,1024.0,White,1.3,Intel Core i7,,52700.95,,2.9
Dell,VivoBook,11th Gen,16.0,1024.0,White,2.8,AMD Ryzen 5,,172487.43,0.59,3.3
Asus,Inspiron,12th Gen,32.0,512.0,White,2.85,Intel Core i3,,125371.6,,3.5
Dell,16,13th Gen,16.0,,Black,2.19,AMD Ryzen 5,,198180.35,46.33,2.8
Acer,Inspiron,11th Gen,32.0,1024.0,Black,1.61,Intel Core i5,646.01,21662.67,,3.7
Hp,VivoBook,11th Gen,8.0,1024.0,Silver,2.49,Intel Core i5,,23185.15,,4.7
Hp,X1,12th Gen,32.0,256.0,Blue,2.81,Intel Core i7,,111356.73,,4.8
Asus,X1,12th Gen,16.0,256.0,Blue,1.55,AMD Ryzen 5,474.67,69779.53,,3.1
Acer,X1,11th Gen,32.0,256.0,Grey,2.74,AMD Ryzen 5,,179534.79,,4.4
Lenovo,Inspiron,11th Gen,16.0,256.0,Blue,1.78,Intel Core i5,211.76,106795.0,,4.0
Hp,X1,10th Gen,8.0,512.0,White,1.43,AMD Ryzen 5,773.6,54513.9,,4.0
Acer,15,10th Gen,16.0,,Black,1.31,AMD Ryzen 5,,175523.0,,3.4
Dell,VivoBook,13th Gen,16.0,512.0,Blue,1.43,AMD Ryzen 7,258.37,86227.5,34.81,4.6
Asus,16,11th Gen,8.0,512.0,White,1.65,Intel Core i7,411.8,176461.16,,4.2
Acer,15,10th Gen,8.0,256.0,Blue,2.23,Intel Core i3,818.87,22484.32,,3.1
Dell,16,10th Gen,12.0,512.0,Grey,1.98,Intel Core i5,256.27,81675.88,31.0,3.7
Acer,16,13th Gen,32.0,512.0,Grey,2.99,AMD Ryzen 3,,179213.65,,3.7
Acer,15,11th Gen,16.0,1024.0,Silver,2.34,AMD Ryzen 7,,90489.56,,3.2
Dell,VivoBook,13th Gen,12.0,1024.0,Blue,1.53,Intel Core i5,597.47,87009.91,,4.9
Lenovo,Inspiron,10th Gen,16.0,1024.0,Grey,2.56,AMD Ryzen 7,941.39,44108.57,,4.6
Lenovo,16,11th Gen,32.0,256.0,White,2.06,Intel Core i3,731.46,144252.39,49.45,4.2
Lenovo,VivoBook,10th Gen,8.0,256.0,Blue,2.22,Intel Core i5,,139536.96,9.22,4.6
Acer,14,13th Gen,12.0,512.0,Blue,2.44,Intel Core i3,,124129.15,7.91,4.7
Hp,VivoBook,10th Gen,8.0,256.0,Silver,2.66,Intel Core i7,,48502.5,18.66,4.6
Dell,15,11th Gen,4.0,512.0,Black,1.41,AMD Ryzen 5,347.83,98979.62,,3.7
Acer,VivoBook,13th Gen,8.0,1024.0,Black,1.84,Intel Core i7,777.17,25406.11,47.3,3.6
Acer,X1,12th Gen,32.0,256.0,Blue,1.46,AMD Ryzen 7,,192642.3,,2.8
Dell,16,12th Gen,12.0,512.0,Silver,1.58,AMD Ryzen 7,955.99,120610.81,,2.6
Dell,16,12th Gen,12.0,256.0,Black,1.29,AMD Ryzen 5,129.31,147337.52,18.5,4.2
Hp,VivoBook,13th Gen,32.0,1024.0,White,1.86,AMD Ryzen 5,,146402.68,,3.1
Lenovo,VivoBook,10th Gen,4.0,1024.0,Blue,2.21,AMD Ryzen 3,851.77,182412.35,,3.5
Dell,14,13th Gen,12.0,1024.0,White,1.55,Intel Core i5,,126031.11,,3.4
Asus,Inspiron,12th Gen,12.0,1024.0,White,2.14,AMD Ryzen 3,,137605.9,,2.7
Acer,15,10th Gen,8.0,1024.0,Blue,2.39,AMD Ryzen 7,,67964.54,,4.0
Dell,16,10th Gen,8.0,512.0,White,1.29,Intel Core i3,755.05,145745.3,,2.6
Hp,16,12th Gen,4.0,256.0,White,1.76,Intel Core i5,138.88,147177.68,37.81,3.0
Asus,14,13th Gen,16.0,256.0,White,2.06,Intel Core i5,598.09,92386.49,,2.7
Dell,Inspiron,12th Gen,16.0,512.0,Blue,1.37,Intel Core i3,747.51,75299.96,33.66,4.6
Asus,VivoBook,11th Gen,4.0,256.0,Silver,2.56,AMD Ryzen 3,,110867.14,,5.0
Asus,Inspiron,10th Gen,8.0,512.0,Grey,1.44,AMD Ryzen 7,,107313.16,,3.1
Acer,14,12th Gen,16.0,1024.0,Silver,1.81,Intel Core i7,,93754.11,32.39,4.1
Hp,X1,12th Gen,4.0,1024.0,Black,1.46,AMD Ryzen 3,,129573.6,6.49,4.2
Hp,14,11th Gen,32.0,256.0,Black,2.11,AMD Ryzen 5,,104366.34,,2.6
Dell,Inspiron,12th Gen,12.0,512.0,Blue,2.34,AMD Ryzen 7,981.25,145978.57,,2.6
Hp,16,12th Gen,32.0,1024.0,Grey,2.26,Intel Core i5,450.79,133478.26,,4.5
Lenovo,16,12th Gen,32.0,,White,1.31,Intel Core i3,399.33,178882.89,,4.3
Hp,15,12th Gen,4.0,512.0,Grey,1.28,Intel Core i3,,45485.09,41.79,3.4
Lenovo,15,12th Gen,32.0,256.0,Black,1.84,AMD Ryzen 7,616.43,83611.32,,2.9
Hp,VivoBook,13th Gen,16.0,1024.0,Blue,2.48,AMD Ryzen 3,735.62,113444.4,,3.7
Hp,15,11th Gen,4.0,1024.0,Grey,2.79,Intel Core i7,991.18,159382.93,,2.8
Hp,X1,12th Gen,4.0,512.0,Blue,2.86,AMD Ryzen 7,356.36,42990.3,,3.9
Hp,VivoBook,11th Gen,32.0,256.0,Black,2.48,Intel Core i5,572.89,89513.95,,3.4
Acer,16,10th Gen,32.0,1024.0,Grey,1.85,AMD Ryzen 5,,65866.36,49.5,4.8
Dell,VivoBook,12th Gen,16.0,512.0,Silver,2.34,Intel Core i5,,194681.46,42.52,4.6
Asus,15,11th Gen,12.0,,Grey,1.6,Intel Core i7,,106005.68,,4.7
Hp,14,11th Gen,32.0,512.0,Black,1.36,AMD Ryzen 5,926.49,107889.62,,4.6
Acer,Inspiron,12th Gen,4.0,256.0,Grey,2.19,AMD Ryzen 5,,89598.27,,4.2
Acer,15,13th Gen,32.0,1024.0,Black,2.74,Intel Core i5,,114945.02,,4.7
Asus,X1,12th Gen,4.0,256.0,Silver,2.02,Intel Core i7,147.0,148861.14,,4.0
Acer,X1,12th Gen,8.0,256.0,Grey,2.28,Intel Core i5,,141148.89,,4.7
Lenovo,16,11th Gen,,256.0,Silver,1.69,AMD Ryzen 7,887.73,64821.86,40.64,4.1
Lenovo,14,10th Gen,16.0,1024.0,White,1.85,AMD Ryzen 7,476.9,175613.65,22.43,4.7
Acer,15,12th Gen,4.0,512.0,Black,2.71,Intel Core i7,584.84,36197.5,,2.7
Dell,16,13th Gen,16.0,512.0,White,1.53,Intel Core i5,,181023.45,33.43,2.7
Lenovo,14,11th Gen,8.0,1024.0,White,1.88,Intel Core i3,,125411.02,,2.7
Acer,Inspiron,10th Gen,8.0,1024.0,Blue,2.5,AMD Ryzen 3,,169378.29,,4.8
Acer,16,13th Gen,8.0,512.0,Grey,2.41,AMD Ryzen 5,,85215.69,,4.5
Asus,15,12th Gen,8.0,512.0,Blue,2.84,AMD Ryzen 3,834.84,67624.05,,5.0
Acer,15,10th Gen,16.0,1024.0,Blue,2.01,AMD Ryzen 7,,175968.99,,5.0
Asus,Inspiron,13th Gen,8.0,512.0,Grey,2.64,Intel Core i7,,32454.62,46.48,2.9
Acer,X1,10th Gen,4.0,256.0,Grey,1.38,AMD Ryzen 7,866.12,173428.47,11.76,4.2
Lenovo,14,10th Gen,16.0,512.0,Silver,1.91,Intel Core i5,972.61,82044.55,44.11,3.1
Hp,14,12th Gen,16.0,512.0,Blue,2.77,AMD Ryzen 3,,37088.07,2.31,3.4
Hp,16,11th Gen,16.0,256.0,Grey,2.08,Intel Core i3,432.61,20473.73,48.04,4.0
Dell,15,13th Gen,16.0,512.0,Blue,2.18,Intel Core i3,859.65,96351.18,3.75,3.0
Lenovo,15,11th Gen,4.0,512.0,White,2.84,AMD Ryzen 7,,117266.13,,3.5
Hp,14,13th Gen,12.0,512.0,Silver,2.39,Intel Core i5,628.03,36866.14,34.55,3.0
Hp,14,12th Gen,32.0,1024.0,Grey,1.69,Intel Core i3,739.45,123216.19,9.99,4.9
Dell,VivoBook,12th Gen,4.0,256.0,White,1.38,AMD Ryzen 7,217.82,51859.74,,3.3
Lenovo,15,10th Gen,8.0,512.0,White,2.55,AMD Ryzen 5,,125146.94,13.48,4.1
Asus,14,13th Gen,8.0,256.0,White,2.47,AMD Ryzen 7,,178324.5,,3.3
Asus,VivoBook,11th Gen,4.0,1024.0,Blue,,AMD Ryzen 3,,158715.07,20.71,3.5
Dell,X1,13th Gen,12.0,1024.0,Black,2.7,AMD Ryzen 5,,173257.96,,4.0
Dell,Inspiron,12th Gen,12.0,256.0,Silver,1.59,AMD Ryzen 7,,148488.03,30.48,3.0
Hp,15,13th Gen,16.0,256.0,White,2.95,Intel Core i5,,55465.71,,3.8
Lenovo,Inspiron,10th Gen,12.0,1024.0,White,2.41,AMD Ryzen 5,386.97,100543.75,,3.7
Lenovo,14,11th Gen,16.0,1024.0,Silver,1.48,Intel Core i3,761.48,107004.58,,4.5
Dell,14,10th Gen,16.0,512.0,Black,2.56,Intel Core i5,338.53,192374.89,46.81,4.1
Asus,VivoBook,11th Gen,12.0,256.0,White,2.65,Intel Core i3,,139410.38,,3.8
Asus,VivoBook,12th Gen,16.0,256.0,Grey,2.6,Intel Core i7,212.79,143323.61,7.82,3.2
Acer,14,13th Gen,8.0,512.0,Blue,1.63,AMD Ryzen 7,515.17,154433.71,48.44,4.6
Hp,15,13th Gen,16.0,256.0,Black,2.37,Intel Core i7,,64551.17,47.64,4.8
Dell,14,10th Gen,16.0,1024.0,Black,2.81,Intel Core i5,,190459.08,,4.7
Asus,14,11th Gen,12.0,512.0,Black,1.78,AMD Ryzen 3,268.11,108517.75,32.39,2.6
Hp,X1,12th Gen,12.0,256.0,Black,1.48,Intel Core i3,,57263.71,20.81,3.5
Hp,15,13th Gen,16.0,1024.0,Grey,2.56,Intel Core i5,,162439.63,,4.0
Acer,VivoBook,13th Gen,12.0,256.0,White,1.44,AMD Ryzen 7,,103878.93,21.42,2.7
Hp,14,13th Gen,12.0,1024.0,Black,2.75,Intel Core i3,,73286.82,,3.4
Hp,16,11th Gen,4.0,1024.0,Grey,2.04,Intel Core i7,,102697.43,22.49,4.9
Asus,X1,10th Gen,32.0,512.0,White,2.49,Intel Core i3,667.24,79929.11,,4.0
Hp,X1,13th Gen,32.0,1024.0,Blue,2.98,Intel Core i5,,54117.24,48.43,3.9
Asus,15,12th Gen,4.0,1024.0,Black,1.27,AMD Ryzen 7,,100152.09,22.58,3.4
Asus,16,11th Gen,4.0,1024.0,Blue,2.0,Intel Core i5,555.55,178855.2,10.5,4.9
Lenovo,Inspiron,13th Gen,16.0,256.0,Black,2.52,AMD Ryzen 7,615.22,182388.16,39.14,4.4
Hp,X1,10th Gen,8.0,1024.0,Grey,2.17,Intel Core i7,281.7,57453.51,,3.2
Dell,16,12th Gen,8.0,1024.0,Silver,2.13,AMD Ryzen 5,,33274.8,11.17,4.7
Lenovo,X1,11th Gen,32.0,256.0,Black,1.86,AMD Ryzen 3,383.04,132927.68,,2.9
Lenovo,X1,12th Gen,4.0,1024.0,Blue,,Intel Core i5,255.2,173566.71,25.93,4.3
Acer,X1,11th Gen,16.0,512.0,White,2.5,AMD Ryzen 7,,56601.66,45.67,3.1
Hp,Inspiron,10th Gen,4.0,512.0,Black,1.66,Intel Core i5,357.41,133991.92,36.74,4.3
Lenovo,14,11th Gen,12.0,256.0,Blue,2.43,Intel Core i5,641.31,92814.98,40.38,4.9
Asus,15,13th Gen,12.0,1024.0,Silver,2.3,Intel Core i5,891.31,71939.56,,4.6
Acer,16,10th Gen,32.0,512.0,Blue,2.35,Intel Core i3,,50427.38,,4.4
Hp,Inspiron,13th Gen,12.0,256.0,Silver,2.05,Intel Core i7,,114511.14,,4.3
Acer,Inspiron,13th Gen,32.0,1024.0,Black,1.31,Intel Core i5,,81272.55,25.94,4.9
Asus,15,12th Gen,8.0,1024.0,Grey,2.49,AMD Ryzen 5,,125247.18,14.73,4.9
Dell,VivoBook,10th Gen,4.0,512.0,Black,1.51,AMD Ryzen 5,781.1,69358.1,39.42,3.2
Asus,14,13th Gen,32.0,1024.0,Black,2.82,Intel Core i3,886.89,79385.82,34.57,3.9
Lenovo,15,12th Gen,32.0,256.0,Silver,1.21,AMD Ryzen 3,983.35,184373.63,13.82,5.0
Dell,X1,11th Gen,8.0,256.0,Blue,2.19,Intel Core i3,,79741.34,,3.3
Dell,Inspiron,12th Gen,8.0,1024.0,Black,1.31,Intel Core i3,,191890.94,7.75,3.9
Asus,X1,10th Gen,,1024.0,Grey,2.92,AMD Ryzen 3,,47398.66,47.88,4.3
Hp,15,12th Gen,32.0,1024.0,White,2.32,Intel Core i7,,189986.05,,2.9
Acer,X1,10th Gen,4.0,512.0,Blue,2.89,AMD Ryzen 5,,175245.44,36.5,4.3
Hp,VivoBook,13th Gen,12.0,,Silver,1.63,Intel Core i5,,74929.66,30.09,4.4
Asus,X1,10th Gen,16.0,1024.0,Black,1.79,Intel Core i3,,114572.31,,3.3
Asus,16,11th Gen,16.0,1024.0,Grey,2.99,AMD Ryzen 7,,57883.74,,2.9
Dell,Inspiron,12th Gen,12.0,1024.0,Silver,1.59,AMD Ryzen 5,129.31,120752.0,,4.7
Asus,14,12th Gen,16.0,1024.0,Grey,2.7,Intel Core i7,252.31,174795.22,49.27,3.2
Acer,X1,13th Gen,16.0,512.0,Black,1.74,Intel Core i3,861.13,173055.77,,3.4
Lenovo,X1,10th Gen,32.0,512.0,White,1.9,AMD Ryzen 3,,142782.34,36.08,3.8
Acer,14,11th Gen,8.0,256.0,Silver,,AMD Ryzen 5,,27691.97,20.04,3.5
Acer,X1,10th Gen,32.0,256.0,Grey,2.78,AMD Ryzen 3,694.59,188918.58,,4.4
Dell,15,11th Gen,12.0,1024.0,Grey,2.84,AMD Ryzen 7,324.21,47430.58,48.81,3.5
Asus,15,11th Gen,16.0,1024.0,Silver,1.47,Intel Core i3,163.07,180838.25,,4.9
Dell,16,10th Gen,12.0,256.0,Blue,2.77,Intel Core i5,990.21,69649.89,,3.6
Asus,15,11th Gen,16.0,256.0,Silver,2.81,Intel Core i5,,25783.44,42.28,4.7
Dell,14,13th Gen,8.0,512.0,Blue,2.25,AMD Ryzen 5,,48264.93,13.44,3.3
Asus,X1,10th Gen,32.0,512.0,Silver,2.57,AMD Ryzen 5,821.24,81674.42,,3.1
Dell,Inspiron,11th Gen,8.0,256.0,Silver,2.74,Intel Core i3,,78466.87,,3.7
Dell,16,11th Gen,4.0,512.0,White,2.75,Intel Core i5,379.51,24029.26,33.47,4.0
Lenovo,X1,13th Gen,8.0,512.0,Black,2.35,Intel Core i3,,34043.23,,3.6
Dell,15,13th Gen,12.0,1024.0,Blue,2.72,Intel Core i3,780.88,123313.88,45.56,4.5
Hp,16,11th Gen,16.0,,White,2.16,AMD Ryzen 5,,37066.0,36.86,3.7
Hp,Inspiron,12th Gen,8.0,512.0,Grey,2.62,AMD Ryzen 3,,162228.51,,3.2
Dell,14,11th Gen,4.0,512.0,Silver,2.77,Intel Core i5,696.04,171010.45,,4.7
Lenovo,Inspiron,11th Gen,8.0,256.0,White,2.91,AMD Ryzen 5,,126966.5,0.66,4.8
Asus,14,11th Gen,4.0,1024.0,Silver,2.02,AMD Ryzen 5,753.79,28949.79,,2.8
Lenovo,VivoBook,11th Gen,16.0,512.0,Blue,2.53,AMD Ryzen 3,,23007.22,14.02,2.8
Dell,VivoBook,10th Gen,4.0,1024.0,Black,2.52,Intel Core i3,,178094.7,,3.2
Acer,14,13th Gen,8.0,512.0,Silver,2.75,AMD Ryzen 7,,119285.84,,3.3
Dell,14,10th Gen,16.0,512.0,Blue,,AMD Ryzen 3,,121070.2,48.22,4.5
Acer,VivoBook,10th Gen,32.0,1024.0,White,2.14,AMD Ryzen 7,,172599.0,,3.8
Acer,16,12th Gen,32.0,1024.0,Grey,2.33,Intel Core i3,,155336.51,40.73,3.0
Acer,16,11th Gen,4.0,256.0,Black,2.72,AMD Ryzen 5,968.67,71986.03,,2.8
Lenovo,16,12th Gen,16.0,256.0,White,1.53,Intel Core i3,,96879.98,,2.8
Dell,15,13th Gen,8.0,1024.0,Silver,2.7,Intel Core i5,935.57,55274.39,20.8,3.2
Hp,14,11th Gen,12.0,1024.0,Black,1.92,AMD Ryzen 7,738.54,118720.41,12.13,4.5
Hp,14,12th Gen,8.0,1024.0,Grey,2.96,AMD Ryzen 7,,183590.9,8.64,2.8
Acer,Inspiron,13th Gen,32.0,256.0,Grey,2.88,AMD Ryzen 5,,50088.27,,3.1
Lenovo,16,12th Gen,16.0,512.0,White,2.27,AMD Ryzen 7,,197157.67,,2.6
Dell,Inspiron,10th Gen,8.0,256.0,Silver,2.58,Intel Core i5,786.14,105441.47,39.49,2.7
Lenovo,X1,12th Gen,8.0,512.0,Silver,1.33,AMD Ryzen 5,214.27,118507.6,,3.7
Lenovo,15,10th Gen,16.0,512.0,White,2.79,AMD Ryzen 7,625.2,87618.24,,3.7
Acer,VivoBook,12th Gen,12.0,256.0,White,1.52,Intel Core i7,808.18,198296.74,,3.1
Asus,X1,13th Gen,16.0,1024.0,Blue,,AMD Ryzen 7,,26871.17,,4.0
Acer,Inspiron,13th Gen,8.0,256.0,Blue,2.05,,,66086.06,37.96,4.4
Asus,14,10th Gen,32.0,512.0,Grey,2.67,Intel Core i3,,154097.23,,3.0
Dell,14,11th Gen,32.0,1024.0,White,2.97,Intel Core i7,,64291.3,27.46,2.6
Dell,16,11th Gen,32.0,1024.0,Blue,2.28,Intel Core i3,951.38,111611.92,,2.6
Dell,14,12th Gen,12.0,512.0,Blue,2.23,Intel Core i5,661.59,106501.75,,4.5
Lenovo,14,10th Gen,8.0,256.0,Grey,2.27,AMD Ryzen 7,,24508.24,,4.7
Dell,14,13th Gen,8.0,1024.0,White,2.28,Intel Core i3,990.76,135015.75,,4.9
Hp,X1,11th Gen,4.0,512.0,Grey,2.38,Intel Core i3,645.23,159235.95,29.23,2.8
Asus,16,11th Gen,16.0,512.0,Grey,1.54,AMD Ryzen 3,,73482.9,40.56,5.0
Asus,X1,13th Gen,16.0,1024.0,Grey,2.06,AMD Ryzen 3,551.61,133651.36,,3.0
Dell,16,10th Gen,12.0,512.0,Blue,2.49,AMD Ryzen 5,802.23,77619.55,,3.2
Hp,16,11th Gen,32.0,256.0,Silver,1.27,AMD Ryzen 5,321.17,103179.13,25.97,3.7
Acer,Inspiron,12th Gen,32.0,1024.0,Silver,1.24,AMD Ryzen 7,901.03,178227.4,,2.9
Acer,14,13th Gen,8.0,512.0,Silver,1.74,Intel Core i3,,93997.37,,3.1
Hp,15,12th Gen,4.0,512.0,Grey,2.22,Intel Core i3,,116368.78,39.78,4.4
Hp,15,13th Gen,4.0,1024.0,Blue,1.96,Intel Core i3,958.78,155384.76,,3.4
Acer,15,12th Gen,12.0,1024.0,Grey,2.24,Intel Core i3,134.66,114595.72,,4.8
Hp,15,11th Gen,16.0,512.0,Silver,1.82,Intel Core i3,,136439.96,,3.5
Dell,14,10th Gen,8.0,512.0,Black,2.34,Intel Core i7,,66946.32,,4.1
Dell,VivoBook,11th Gen,8.0,256.0,Blue,2.08,,909.41,110978.3,46.47,4.2
Hp,16,10th Gen,32.0,1024.0,Grey,1.78,AMD Ryzen 3,,37700.82,26.17,3.4
Lenovo,Inspiron,11th Gen,4.0,1024.0,Silver,2.12,Intel Core i7,,104081.05,18.48,4.2
Lenovo,16,11th Gen,,1024.0,White,2.54,Intel Core i7,870.36,173314.29,,3.4
Lenovo,14,13th Gen,8.0,512.0,White,1.49,AMD Ryzen 7,832.67,25705.83,41.55,2.7
Asus,VivoBook,12th Gen,12.0,,Grey,2.28,Intel Core i7,,172753.85,,4.2
Asus,X1,11th Gen,4.0,512.0,Black,2.21,Intel Core i5,926.53,167427.55,,3.1
Lenovo,X1,13th Gen,8.0,1024.0,Black,1.22,Intel Core i5,,182371.1,,3.2
Lenovo,VivoBook,10th Gen,12.0,256.0,Grey,2.86,Intel Core i7,778.51,42820.96,,3.8
Asus,X1,10th Gen,32.0,1024.0,Blue,2.08,Intel Core i3,,48737.65,38.64,4.5
Lenovo,X1,12th Gen,4.0,1024.0,Blue,1.29,AMD Ryzen 5,,118640.69,13.93,4.3
Hp,VivoBook,11th Gen,12.0,1024.0,Blue,2.54,AMD Ryzen 5,,70341.17,5.84,3.6
Lenovo,14,10th Gen,16.0,1024.0,Silver,1.42,AMD Ryzen 3,681.22,83667.88,26.94,3.4
Hp,Inspiron,11th Gen,16.0,512.0,Blue,2.37,Intel Core i7,,174169.73,47.29,3.3
Acer,VivoBook,13th Gen,4.0,256.0,White,1.77,Intel Core i3,714.1,156594.54,49.03,3.3
Dell,14,13th Gen,4.0,256.0,Blue,3.0,AMD Ryzen 7,383.64,81665.92,,4.1
Acer,Inspiron,12th Gen,32.0,256.0,Blue,2.9,Intel Core i3,448.23,78473.82,36.91,2.7
Dell,Inspiron,11th Gen,12.0,256.0,Grey,2.65,AMD Ryzen 7,342.56,186484.96,,3.5
Dell,14,13th Gen,12.0,1024.0,White,1.65,AMD Ryzen 3,,20998.94,,4.0
Lenovo,15,10th Gen,8.0,512.0,White,1.81,AMD Ryzen 3,428.12,54033.74,5.96,3.7
Acer,15,12th Gen,16.0,512.0,White,1.7,Intel Core i7,,133668.72,,3.4
Dell,Inspiron,10th Gen,16.0,1024.0,Blue,1.95,AMD Ryzen 5,,103017.3,,4.7
Dell,14,10th Gen,32.0,512.0,Blue,2.41,Intel Core i5,,55886.34,,4.5
Lenovo,Inspiron,12th Gen,16.0,1024.0,Blue,2.32,Intel Core i3,,60931.65,,3.6
Lenovo,Inspiron,12th Gen,8.0,1024.0,Black,2.65,Intel Core i3,,140153.91,1.69,3.7
Asus,VivoBook,10th Gen,32.0,512.0,Grey,1.86,AMD Ryzen 3,,153802.96,7.52,2.7
Dell,X1,10th Gen,32.0,512.0,Blue,1.44,Intel Core i7,,73426.05,,4.0
Hp,Inspiron,12th Gen,8.0,256.0,White,2.87,AMD Ryzen 7,725.31,192207.58,11.29,3.1
Hp,14,10th Gen,32.0,256.0,White,1.73,AMD Ryzen 5,867.19,120760.84,,2.5
Lenovo,X1,13th Gen,32.0,512.0,Blue,2.78,Intel Core i7,549.24,65141.06,,3.3
Hp,Inspiron,11th Gen,4.0,512.0,Grey,2.77,Intel Core i3,482.9,30774.21,49.8,3.8
Acer,14,13th Gen,16.0,1024.0,White,2.9,AMD Ryzen 5,805.74,42742.57,21.54,4.6
Lenovo,VivoBook,13th Gen,16.0,512.0,Grey,2.02,AMD Ryzen 3,632.03,161339.44,,4.5
Hp,VivoBook,11th Gen,16.0,512.0,Black,2.41,AMD Ryzen 7,,27826.96,,4.8
Asus,VivoBook,11th Gen,8.0,256.0,Grey,1.57,Intel Core i7,326.0,199789.61,,3.4
Lenovo,15,11th Gen,32.0,256.0,White,1.38,Intel Core i3,,90385.61,7.19,3.5
Hp,Inspiron,10th Gen,32.0,512.0,Black,1.61,Intel Core i7,,189399.32,,2.7
Asus,15,12th Gen,4.0,1024.0,Blue,2.61,Intel Core i5,,58784.63,49.02,2.9
Lenovo,X1,10th Gen,16.0,256.0,White,2.73,Intel Core i7,,127186.55,23.57,4.9
Dell,16,11th Gen,16.0,1024.0,Blue,1.41,Intel Core i3,,152426.39,12.92,3.3
Asus,X1,12th Gen,8.0,512.0,Grey,2.63,Intel Core i3,,192621.46,,3.4
Acer,X1,10th Gen,4.0,1024.0,Silver,2.41,Intel Core i3,664.31,152488.45,,3.2
Lenovo,Inspiron,13th Gen,8.0,512.0,Silver,2.02,AMD Ryzen 5,556.27,20197.4,,2.7
Dell,15,12th Gen,16.0,256.0,Blue,2.55,AMD Ryzen 5,551.88,192141.8,,4.7
Asus,Inspiron,12th Gen,16.0,1024.0,White,2.15,Intel Core i7,567.19,81071.77,,3.8
Lenovo,14,12th Gen,16.0,1024.0,Blue,2.52,Intel Core i3,,44123.63,,4.5
Asus,VivoBook,13th Gen,4.0,256.0,White,1.23,Intel Core i7,,24761.07,22.06,4.4
Asus,VivoBook,11th Gen,8.0,1024.0,Grey,1.36,Intel Core i7,469.58,45512.72,34.61,4.7
Dell,16,10th Gen,8.0,1024.0,Silver,1.68,Intel Core i7,412.08,34021.94,4.69,3.1
Hp,14,12th Gen,32.0,256.0,Grey,2.82,Intel Core i7,,34142.74,,3.2
Lenovo,15,12th Gen,8.0,512.0,Black,1.51,AMD Ryzen 7,,39686.17,,3.4
Asus,X1,13th Gen,8.0,256.0,Black,2.61,AMD Ryzen 7,365.51,164952.91,20.01,3.7
Dell,16,11th Gen,12.0,1024.0,White,2.59,AMD Ryzen 3,467.07,127029.74,,3.8
Acer,15,10th Gen,4.0,256.0,Silver,2.83,AMD Ryzen 3,545.69,20688.9,4.64,3.4
Lenovo,X1,10th Gen,32.0,1024.0,Grey,2.87,Intel Core i3,659.46,125913.04,,3.8
Asus,VivoBook,13th Gen,4.0,512.0,White,1.27,AMD Ryzen 3,,113521.47,,4.4
Asus,15,13th Gen,8.0,512.0,Silver,1.34,AMD Ryzen 5,,150667.04,17.96,2.9
Dell,Inspiron,12th Gen,32.0,512.0,Silver,1.64,Intel Core i5,,191832.84,48.46,2.5
Lenovo,VivoBook,12th Gen,4.0,256.0,White,1.37,AMD Ryzen 7,,166944.96,37.29,2.8
Asus,X1,11th Gen,4.0,512.0,White,1.83,AMD Ryzen 3,664.7,175026.71,,3.9
Hp,VivoBook,11th Gen,12.0,1024.0,White,2.22,AMD Ryzen 5,759.22,82548.97,,3.5
Dell,14,12th Gen,32.0,1024.0,Blue,1.84,Intel Core i7,,107487.98,,3.6
Acer,16,13th Gen,12.0,1024.0,Silver,2.84,Intel Core i7,937.69,43934.32,,4.6
Lenovo,X1,13th Gen,16.0,512.0,Silver,1.53,Intel Core i3,,20681.58,,3.5
Asus,14,11th Gen,4.0,1024.0,Blue,1.62,AMD Ryzen 3,612.94,42564.03,26.31,4.5
Acer,16,12th Gen,16.0,1024.0,Silver,1.41,AMD Ryzen 3,,54312.28,,2.7
Acer,VivoBook,11th Gen,32.0,1024.0,Blue,1.35,Intel Core i7,788.49,118594.37,16.83,3.7
Lenovo,15,13th Gen,4.0,1024.0,White,2.8,AMD Ryzen 7,514.3,47189.13,1.21,2.5
Asus,16,10th Gen,12.0,256.0,White,2.88,AMD Ryzen 5,,146755.85,,3.0
Asus,14,12th Gen,16.0,512.0,White,2.92,AMD Ryzen 3,299.89,143035.62,,3.0
Acer,16,10th Gen,16.0,512.0,Black,2.76,Intel Core i7,,57662.45,,4.0
Hp,16,13th Gen,4.0,256.0,White,1.3,AMD Ryzen 7,,115930.25,,2.6
Hp,14,11th Gen,12.0,1024.0,Grey,2.05,Intel Core i5,739.14,91121.9,,4.4
Acer,Inspiron,13th Gen,4.0,512.0,Grey,1.95,Intel Core i7,,172080.45,,4.4
Lenovo,14,13th Gen,32.0,512.0,Blue,1.44,AMD Ryzen 7,388.77,21704.94,,2.8
Lenovo,Inspiron,10th Gen,12.0,1024.0,Silver,1.57,AMD Ryzen 3,248.57,22156.03,38.37,4.9
Acer,VivoBook,13th Gen,32.0,512.0,Silver,1.53,Intel Core i3,,122502.78,,4.1
Hp,Inspiron,13th Gen,32.0,256.0,Silver,2.68,AMD Ryzen 7,997.64,89525.77,,3.3
Hp,Inspiron,11th Gen,8.0,512.0,Grey,1.43,Intel Core i3,395.98,29187.28,2.25,4.5
Acer,X1,11th Gen,8.0,512.0,Blue,1.5,AMD Ryzen 3,,125234.55,46.36,4.8
Asus,14,11th Gen,8.0,256.0,Grey,2.02,Intel Core i3,,71291.52,26.87,4.8
Asus,14,10th Gen,8.0,256.0,Silver,1.87,Intel Core i3,,59859.02,,4.3
Lenovo,15,13th Gen,12.0,1024.0,White,1.95,Intel Core i5,253.29,73629.92,,4.3
Asus,VivoBook,13th Gen,16.0,512.0,Silver,1.36,Intel Core i5,817.97,110434.61,42.99,5.0
Lenovo,X1,10th Gen,4.0,256.0,White,2.67,AMD Ryzen 3,827.3,152859.29,1.38,3.7
Acer,14,11th Gen,16.0,512.0,Grey,1.71,Intel Core i3,,127077.93,,4.5
Hp,Inspiron,10th Gen,8.0,256.0,Silver,2.13,AMD Ryzen 5,883.29,140558.81,,3.2
Asus,Inspiron,11th Gen,32.0,1024.0,Silver,,AMD Ryzen 3,,121569.19,24.07,2.6
Hp,14,13th Gen,32.0,1024.0,White,2.48,AMD Ryzen 3,,115415.21,10.81,3.0
Hp,VivoBook,13th Gen,32.0,1024.0,White,2.88,AMD Ryzen 7,951.17,120807.16,,4.5
Asus,X1,13th Gen,32.0,512.0,Silver,2.74,Intel Core i5,,96716.12,,2.8
Acer,16,12th Gen,4.0,1024.0,Silver,1.83,Intel Core i3,104.0,59921.81,,4.7
Dell,15,11th Gen,8.0,256.0,Grey,1.75,Intel Core i7,,97886.7,,3.7
Acer,Inspiron,10th Gen,8.0,256.0,White,1.91,AMD Ryzen 3,266.51,71260.81,,3.5
Asus,16,10th Gen,4.0,1024.0,Silver,,AMD Ryzen 7,153.87,38428.07,40.76,4.5
Hp,Inspiron,13th Gen,12.0,256.0,Silver,2.56,AMD Ryzen 7,376.93,126775.74,,4.4
Acer,14,12th Gen,12.0,512.0,Black,2.81,Intel Core i3,526.78,43809.48,,3.2
Hp,15,11th Gen,4.0,256.0,Black,2.82,Intel Core i3,,25374.97,,2.6
Asus,VivoBook,11th Gen,4.0,256.0,Blue,2.1,AMD Ryzen 5,787.2,151775.83,19.27,4.3
Acer,Inspiron,13th Gen,16.0,512.0,Black,2.62,Intel Core i3,,143703.45,,2.8
Hp,14,10th Gen,16.0,1024.0,White,1.52,Intel Core i5,979.92,68168.24,,4.4
Hp,X1,10th Gen,32.0,1024.0,Black,1.94,,585.2,180270.62,,3.9
Asus,16,13th Gen,12.0,512.0,Grey,2.19,Intel Core i3,,140540.33,,4.3
Hp,14,10th Gen,8.0,512.0,Black,2.69,Intel Core i5,,135789.52,46.84,2.9
Asus,Inspiron,13th Gen,16.0,1024.0,White,2.15,Intel Core i3,,186635.92,,2.8
Dell,15,11th Gen,12.0,1024.0,White,2.77,Intel Core i7,,20032.81,,4.5
Asus,15,11th Gen,16.0,512.0,Silver,2.96,AMD Ryzen 7,278.26,52177.88,,3.8
Dell,14,13th Gen,12.0,256.0,White,1.99,AMD Ryzen 7,406.65,176991.98,,2.8
Acer,VivoBook,13th Gen,8.0,512.0,Grey,2.24,AMD Ryzen 7,,88947.16,,4.8
Dell,VivoBook,12th Gen,32.0,,Blue,2.97,Intel Core i7,891.54,81805.4,,4.8
Lenovo,VivoBook,10th Gen,4.0,1024.0,Grey,,AMD Ryzen 5,,199037.8,47.62,2.6
Acer,15,13th Gen,32.0,512.0,White,1.56,Intel Core i7,959.29,38463.78,31.36,3.0
Dell,Inspiron,11th Gen,12.0,1024.0,Grey,1.3,Intel Core i7,,139882.7,38.84,2.8
Asus,16,12th Gen,12.0,512.0,Grey,1.9,Intel Core i5,,87374.01,,3.7
Hp,14,13th Gen,32.0,1024.0,White,1.34,AMD Ryzen 5,746.41,146460.6,,3.5
Acer,14,11th Gen,12.0,1024.0,Blue,2.5,Intel Core i3,,53857.23,39.33,4.5
Asus,16,10th Gen,8.0,256.0,Silver,1.6,AMD Ryzen 7,,60201.45,40.31,5.0
Lenovo,16,10th Gen,4.0,256.0,Blue,1.94,Intel Core i7,,82164.61,48.1,4.9
Lenovo,X1,11th Gen,16.0,256.0,Blue,1.33,AMD Ryzen 5,,152351.94,,4.9
Asus,VivoBook,11th Gen,8.0,512.0,Grey,2.32,Intel Core i3,,157905.29,,2.5
Asus,VivoBook,12th Gen,8.0,256.0,Grey,2.65,AMD Ryzen 3,402.69,188483.22,22.76,2.6
Acer,Inspiron,10th Gen,16.0,256.0,Blue,2.54,Intel Core i3,935.24,82984.26,4.51,3.5
Dell,14,11th Gen,4.0,1024.0,Grey,1.67,AMD Ryzen 7,229.62,72413.86,,2.8
Hp,14,13th Gen,8.0,256.0,Blue,2.71,Intel Core i5,,190223.02,21.75,2.8
Dell,15,13th Gen,32.0,512.0,Black,1.34,AMD Ryzen 7,,174886.75,,2.6
Dell,X1,10th Gen,32.0,1024.0,Blue,1.33,Intel Core i3,,59785.96,4.15,4.2
Acer,X1,10th Gen,32.0,1024.0,Blue,2.84,Intel Core i3,723.62,139307.52,40.18,4.9
Acer,X1,11th Gen,12.0,,White,2.97,Intel Core i5,545.78,53700.48,43.86,4.1
Asus,16,11th Gen,32.0,256.0,Black,2.79,Intel Core i3,,88600.11,0.16,3.9
Acer,16,10th Gen,4.0,1024.0,Grey,2.86,Intel Core i3,,164093.04,,3.5
Hp,16,13th Gen,8.0,256.0,Grey,2.68,AMD Ryzen 5,565.77,169878.08,,4.9
Asus,15,13th Gen,8.0,256.0,Black,2.79,AMD Ryzen 3,,136515.65,19.44,3.6
Dell,Inspiron,13th Gen,16.0,512.0,Blue,1.33,AMD Ryzen 5,319.46,69404.35,,4.3
Lenovo,14,12th Gen,32.0,256.0,Blue,2.04,Intel Core i5,,82100.49,27.07,3.5
Lenovo,15,11th Gen,4.0,1024.0,Grey,1.43,AMD Ryzen 3,,40420.8,17.82,3.4
Hp,16,10th Gen,4.0,1024.0,Blue,1.47,Intel Core i7,,55149.94,28.89,4.8
Hp,X1,10th Gen,4.0,512.0,Blue,2.98,AMD Ryzen 5,,69024.84,30.24,2.9
Dell,16,11th Gen,8.0,512.0,Black,2.31,Intel Core i3,,82372.77,43.04,3.1
Dell,14,13th Gen,32.0,256.0,Silver,2.67,AMD Ryzen 3,,129741.71,,4.1
Asus,VivoBook,11th Gen,12.0,512.0,Grey,1.55,Intel Core i3,228.32,109074.95,24.5,3.8
Acer,16,11th Gen,8.0,256.0,Grey,2.46,Intel Core i7,693.02,75043.85,2.71,4.5
Lenovo,Inspiron,10th Gen,4.0,256.0,Grey,1.97,Intel Core i5,826.85,150649.04,47.45,4.1
Hp,14,10th Gen,12.0,1024.0,Black,2.22,AMD Ryzen 5,474.92,108773.94,24.86,4.6
Lenovo,14,13th Gen,4.0,256.0,Blue,1.99,AMD Ryzen 7,802.35,124879.33,11.14,3.6
Asus,X1,11th Gen,4.0,256.0,Silver,1.95,AMD Ryzen 7,267.77,33014.93,45.92,4.8
Asus,14,10th Gen,4.0,512.0,Silver,2.56,Intel Core i7,,175119.66,,3.1
Hp,14,10th Gen,8.0,512.0,Black,1.97,AMD Ryzen 3,394.17,186726.84,,4.9
Hp,Inspiron,12th Gen,32.0,256.0,Blue,1.35,AMD Ryzen 7,,22135.73,25.5,4.0
Lenovo,16,11th Gen,12.0,256.0,Grey,1.47,,,132154.14,35.5,4.3
Hp,VivoBook,12th Gen,12.0,256.0,Grey,1.64,AMD Ryzen 7,644.82,68578.94,,3.3
Dell,14,10th Gen,12.0,1024.0,Grey,2.41,Intel Core i5,597.68,74570.0,39.0,3.7
Acer,16,13th Gen,32.0,1024.0,Grey,1.41,AMD Ryzen 3,471.52,24044.23,44.59,3.4
Acer,16,12th Gen,32.0,512.0,Black,1.85,Intel Core i7,,108994.63,,3.8
Asus,VivoBook,11th Gen,16.0,1024.0,Grey,1.72,Intel Core i3,,127499.95,,2.7
Acer,14,10th Gen,8.0,256.0,Grey,1.72,AMD Ryzen 7,750.06,162509.35,,2.8
Lenovo,15,10th Gen,16.0,512.0,Grey,2.31,AMD Ryzen 5,631.24,62864.22,37.63,4.5
Lenovo,VivoBook,10th Gen,16.0,1024.0,Grey,1.56,AMD Ryzen 3,305.4,81348.99,,3.0
Hp,14,11th Gen,4.0,512.0,Blue,2.02,Intel Core i3,378.89,22037.65,,3.6
Asus,16,11th Gen,8.0,512.0,Blue,2.61,AMD Ryzen 7,,82318.32,,3.1
Dell,16,13th Gen,16.0,512.0,White,1.61,AMD Ryzen 3,,127961.97,21.86,3.3
Dell,15,10th Gen,8.0,512.0,Grey,1.88,Intel Core i3,284.33,103403.4,,4.4
Acer,16,11th Gen,32.0,1024.0,Blue,2.88,Intel Core i3,754.68,152350.98,39.64,3.7
Acer,VivoBook,10th Gen,4.0,1024.0,Black,1.82,Intel Core i3,678.47,26803.28,,4.3
Acer,15,10th Gen,12.0,512.0,Blue,1.39,AMD Ryzen 5,715.6,66473.33,,3.3
Asus,16,12th Gen,12.0,1024.0,Blue,2.52,Intel Core i5,,131416.8,,3.9
Acer,15,13th Gen,32.0,256.0,Grey,2.43,AMD Ryzen 5,,45288.67,40.65,4.5
Acer,14,12th Gen,32.0,256.0,White,2.04,AMD Ryzen 3,440.25,176075.63,,3.4
Dell,VivoBook,12th Gen,12.0,1024.0,Grey,1.69,AMD Ryzen 7,244.32,65344.09,,4.6
Asus,VivoBook,12th Gen,4.0,512.0,Black,1.64,AMD Ryzen 3,671.48,116645.38,40.7,4.0
Acer,14,11th Gen,8.0,512.0,White,2.81,AMD Ryzen 5,,169127.9,,4.8
Asus,VivoBook,11th Gen,12.0,512.0,Black,2.66,Intel Core i5,,181906.92,,4.4
Asus,Inspiron,11th Gen,16.0,256.0,Blue,2.02,AMD Ryzen 5,240.9,186687.95,,3.7
Lenovo,16,12th Gen,12.0,1024.0,Blue,1.46,AMD Ryzen 3,,160857.94,27.44,2.8
Lenovo,16,12th Gen,4.0,1024.0,Black,1.62,Intel Core i5,,25282.52,,4.0
Lenovo,Inspiron,12th Gen,32.0,1024.0,Blue,1.9,AMD Ryzen 7,,139249.36,,3.7
Asus,VivoBook,11th Gen,4.0,512.0,White,2.22,Intel Core i5,742.57,21851.6,46.85,2.9
Acer,Inspiron,10th Gen,32.0,1024.0,Silver,1.73,Intel Core i5,930.47,77170.41,27.9,3.9
Acer,VivoBook,12th Gen,12.0,512.0,Grey,1.49,AMD Ryzen 5,817.22,36411.81,,4.4
Hp,VivoBook,12th Gen,16.0,256.0,Grey,2.11,Intel Core i5,,175006.81,,4.0
Dell,15,10th Gen,4.0,256.0,Grey,1.72,,,27309.5,,3.7
Acer,Inspiron,10th Gen,4.0,256.0,Silver,2.73,Intel Core i7,,28125.93,46.65,4.0
Asus,15,10th Gen,12.0,256.0,Grey,2.9,AMD Ryzen 5,248.52,40739.27,,3.5
Dell,VivoBook,10th Gen,4.0,256.0,Silver,2.92,AMD Ryzen 5,797.39,187627.86,45.44,3.7
Lenovo,VivoBook,11th Gen,8.0,256.0,Grey,2.51,AMD Ryzen 3,,92299.12,33.34,3.3
Dell,15,12th Gen,16.0,512.0,Silver,2.51,AMD Ryzen 7,,128081.53,,4.7
Asus,VivoBook,12th Gen,16.0,256.0,White,1.85,AMD Ryzen 3,969.13,72669.59,,3.3
Asus,VivoBook,12th Gen,32.0,256.0,Blue,2.29,AMD Ryzen 5,184.08,126613.3,45.21,2.7
Dell,15,13th Gen,4.0,1024.0,Blue,2.77,AMD Ryzen 5,,165093.21,,3.7
Acer,15,12th Gen,12.0,512.0,Black,2.41,Intel Core i3,,72946.93,,3.0
Hp,16,10th Gen,32.0,1024.0,Grey,1.69,Intel Core i7,984.35,62167.98,30.89,2.7
Hp,16,12th Gen,12.0,512.0,Black,1.46,AMD Ryzen 3,,86438.54,24.38,4.3
Lenovo,15,13th Gen,12.0,256.0,Blue,1.41,AMD Ryzen 3,,159442.17,,2.7
Acer,X1,12th Gen,4.0,512.0,White,2.21,AMD Ryzen 7,,124590.76,,2.7
Dell,Inspiron,12th Gen,8.0,256.0,Black,2.91,AMD Ryzen 5,659.87,187403.96,,4.8
Hp,15,11th Gen,12.0,1024.0,Silver,2.8,Intel Core i7,960.71,92665.56,2.97,3.9
Lenovo,X1,11th Gen,32.0,512.0,Grey,2.36,Intel Core i5,304.42,128927.29,15.87,4.3
Acer,14,12th Gen,12.0,256.0,Grey,1.63,AMD Ryzen 3,,69571.22,,4.5
Dell,14,12th Gen,16.0,1024.0,Silver,2.54,Intel Core i5,,171121.59,42.27,3.7
Asus,VivoBook,10th Gen,12.0,1024.0,Black,1.99,Intel Core i7,441.26,28217.59,9.01,4.7
Dell,Inspiron,13th Gen,12.0,256.0,Black,2.0,AMD Ryzen 7,,190770.17,,3.3
Hp,Inspiron,11th Gen,8.0,1024.0,White,2.03,AMD Ryzen 7,717.9,67545.84,,2.7
Asus,15,12th Gen,8.0,1024.0,Black,1.8,Intel Core i5,,92732.11,31.5,3.9
Lenovo,15,11th Gen,8.0,256.0,Grey,2.15,AMD Ryzen 7,,108680.33,47.04,3.3
Asus,14,10th Gen,8.0,256.0,Silver,2.78,Intel Core i3,867.38,138570.88,31.5,3.7
Lenovo,Inspiron,12th Gen,8.0,1024.0,White,2.94,Intel Core i5,,168124.9,,4.6
Dell,X1,10th Gen,8.0,1024.0,Blue,1.87,Intel Core i5,485.04,120805.88,,3.5
Lenovo,14,11th Gen,12.0,1024.0,White,1.33,AMD Ryzen 7,152.84,115580.2,,3.5
Acer,16,12th Gen,4.0,1024.0,Grey,2.16,Intel Core i5,,157802.81,,3.8
Acer,X1,13th Gen,16.0,256.0,Silver,1.4,Intel Core i3,177.34,158586.68,,4.3
Acer,Inspiron,10th Gen,4.0,256.0,White,1.96,AMD Ryzen 3,176.35,185817.36,36.32,4.7
Lenovo,VivoBook,13th Gen,32.0,1024.0,Silver,2.22,AMD Ryzen 7,,141072.18,,3.6
Hp,X1,12th Gen,8.0,1024.0,Grey,1.63,AMD Ryzen 5,297.78,105827.31,,4.1
Hp,VivoBook,10th Gen,32.0,1024.0,Black,1.66,Intel Core i3,,130657.84,2.38,3.3
Dell,Inspiron,12th Gen,8.0,256.0,Blue,2.04,AMD Ryzen 5,626.62,31108.5,15.61,3.9
Lenovo,X1,12th Gen,12.0,512.0,Black,1.95,AMD Ryzen 5,,139208.97,,3.2
Hp,14,12th Gen,8.0,256.0,White,1.31,AMD Ryzen 3,,107953.46,,3.9
Hp,16,11th Gen,4.0,512.0,Blue,2.67,AMD Ryzen 3,,164307.0,49.74,4.1
Dell,X1,12th Gen,8.0,256.0,Blue,2.62,Intel Core i5,375.92,96008.05,23.88,2.8
Hp,15,10th Gen,4.0,1024.0,Black,1.51,Intel Core i7,343.87,175097.63,,3.4
Lenovo,16,12th Gen,16.0,512.0,Blue,2.33,Intel Core i7,911.94,139561.61,,2.6
Hp,VivoBook,13th Gen,8.0,1024.0,Blue,1.91,AMD Ryzen 7,298.89,164913.66,,3.0
Dell,VivoBook,11th Gen,32.0,512.0,Silver,1.79,Intel Core i7,324.31,34829.93,6.74,4.4
Asus,16,12th Gen,16.0,512.0,Blue,1.57,Intel Core i5,543.73,82057.7,1.78,4.9
Lenovo,VivoBook,10th Gen,12.0,256.0,Blue,2.17,Intel Core i5,,192731.9,14.02,3.8
Acer,14,11th Gen,12.0,512.0,White,2.88,Intel Core i3,,97958.3,23.61,4.0
Hp,X1,13th Gen,8.0,256.0,White,1.23,Intel Core i7,,158905.39,,4.2
Lenovo,16,11th Gen,8.0,512.0,White,2.42,AMD Ryzen 5,,94993.43,7.17,4.1
Acer,VivoBook,11th Gen,12.0,,Blue,2.89,AMD Ryzen 5,,145932.82,,3.2
Hp,X1,10th Gen,4.0,1024.0,Blue,1.28,AMD Ryzen 3,426.92,62414.02,,2.6
Asus,16,10th Gen,32.0,512.0,Grey,2.85,AMD Ryzen 5,358.99,176483.76,39.2,4.5
Asus,16,13th Gen,4.0,1024.0,Silver,2.89,AMD Ryzen 3,,84856.98,23.1,3.1
Acer,15,12th Gen,32.0,512.0,Black,1.31,AMD Ryzen 7,765.47,158727.91,19.15,4.2
Acer,15,10th Gen,4.0,512.0,Silver,2.64,Intel Core i5,640.35,151596.19,33.59,4.4
Asus,Inspiron,11th Gen,12.0,256.0,Black,2.24,Intel Core i5,,152961.11,,3.0
Asus,15,10th Gen,16.0,256.0,White,2.21,Intel Core i7,999.43,42503.82,9.53,2.7
Hp,X1,13th Gen,4.0,1024.0,Black,1.25,Intel Core i3,931.16,103116.84,,3.4
Lenovo,14,12th Gen,16.0,1024.0,White,1.56,Intel Core i3,873.24,59183.03,42.54,4.0
Asus,VivoBook,11th Gen,32.0,1024.0,Blue,2.94,AMD Ryzen 5,809.41,199610.34,28.6,2.5
Hp,16,11th Gen,32.0,512.0,Silver,2.04,Intel Core i3,,129819.34,,4.0
Hp,16,13th Gen,,512.0,Black,1.56,Intel Core i7,330.17,33565.07,,4.7
Acer,16,10th Gen,12.0,1024.0,Silver,1.74,Intel Core i7,,93647.7,19.1,4.6
Acer,VivoBook,12th Gen,32.0,1024.0,Black,1.64,AMD Ryzen 3,991.97,146708.1,40.76,3.4
Lenovo,16,10th Gen,12.0,256.0,White,2.17,AMD Ryzen 3,,192230.54,10.34,4.2
Dell,16,11th Gen,16.0,1024.0,Blue,2.03,AMD Ryzen 7,731.96,102807.37,,3.7
Hp,16,12th Gen,16.0,512.0,Black,2.7,Intel Core i3,,111691.81,14.23,4.9
Dell,14,11th Gen,4.0,1024.0,Grey,1.4,Intel Core i5,,39849.93,28.99,4.1
Hp,Inspiron,11th Gen,12.0,512.0,Black,1.27,Intel Core i5,,172231.33,,4.6
Hp,VivoBook,10th Gen,8.0,256.0,Black,1.75,AMD Ryzen 7,,79728.24,,3.2
Asus,Inspiron,11th Gen,32.0,1024.0,White,2.41,Intel Core i3,924.66,44233.67,6.53,4.0
Lenovo,16,11th Gen,,512.0,Black,2.66,AMD Ryzen 3,,39714.15,,4.0
Hp,X1,12th Gen,16.0,256.0,Blue,2.2,Intel Core i5,,24421.26,2.67,4.7
Acer,VivoBook,12th Gen,4.0,256.0,Silver,2.44,Intel Core i3,793.98,156482.8,,4.8
Lenovo,14,11th Gen,8.0,256.0,Silver,2.06,AMD Ryzen 5,,121623.14,,2.6
Asus,X1,13th Gen,4.0,512.0,Silver,2.04,AMD Ryzen 5,,126157.16,,2.6
Dell,X1,12th Gen,4.0,512.0,Silver,1.71,AMD Ryzen 5,532.33,36636.55,18.99,3.6
Asus,VivoBook,11th Gen,12.0,256.0,Black,2.59,Intel Core i3,749.38,65013.71,,3.3
Lenovo,14,11th Gen,32.0,256.0,Black,2.0,AMD Ryzen 5,,151106.57,,3.0
Hp,VivoBook,12th Gen,16.0,256.0,Grey,1.23,Intel Core i7,583.02,91888.48,,2.7
Lenovo,VivoBook,12th Gen,16.0,256.0,Grey,1.78,AMD Ryzen 7,,120332.18,,3.0
Hp,15,12th Gen,16.0,512.0,Grey,1.38,AMD Ryzen 7,,45679.31,,2.8
Lenovo,VivoBook,12th Gen,12.0,512.0,Blue,1.8,Intel Core i5,,112257.34,21.39,4.5
Dell,16,11th Gen,32.0,1024.0,White,1.27,Intel Core i5,,82802.95,1.32,3.9
Lenovo,Inspiron,12th Gen,32.0,256.0,Black,1.58,Intel Core i3,345.15,167415.51,24.78,3.8
Acer,15,12th Gen,4.0,256.0,White,2.44,,,182707.35,39.24,3.4
Lenovo,VivoBook,13th Gen,8.0,512.0,Silver,2.98,Intel Core i3,169.87,68584.43,,3.2
Acer,16,13th Gen,4.0,1024.0,White,1.35,Intel Core i5,,106876.05,,4.5
Dell,VivoBook,13th Gen,8.0,512.0,Silver,2.95,AMD Ryzen 3,,192772.79,,4.0
Dell,14,11th Gen,16.0,256.0,Grey,1.67,Intel Core i5,,65976.6,,4.7
Dell,X1,12th Gen,16.0,512.0,Black,2.34,Intel Core i7,,42874.61,,3.8
Asus,14,11th Gen,32.0,256.0,Grey,1.99,Intel Core i3,,147540.62,,4.9
Acer,VivoBook,12th Gen,12.0,1024.0,Grey,2.5,AMD Ryzen 3,,86769.2,45.07,4.9
Lenovo,16,10th Gen,32.0,1024.0,White,2.44,Intel Core i7,758.16,96609.09,25.03,4.3
Hp,15,11th Gen,32.0,1024.0,Grey,1.7,AMD Ryzen 7,,173299.71,,4.8
Acer,X1,10th Gen,8.0,256.0,Grey,2.57,Intel Core i3,697.56,70600.34,36.51,4.9
Lenovo,16,12th Gen,32.0,256.0,Black,2.5,AMD Ryzen 7,670.6,105353.69,,3.3
Acer,X1,13th Gen,8.0,512.0,Grey,2.05,Intel Core i5,519.61,50036.23,,3.5
Asus,Inspiron,12th Gen,8.0,512.0,White,2.85,Intel Core i7,,184932.95,42.71,4.1
Dell,Inspiron,13th Gen,8.0,512.0,Blue,2.45,AMD Ryzen 7,,107342.06,,2.9
Lenovo,14,12th Gen,8.0,512.0,Black,2.44,AMD Ryzen 5,,182400.47,44.73,2.7
Dell,15,10th Gen,32.0,512.0,Black,1.44,AMD Ryzen 3,,131030.15,,2.5
Acer,16,10th Gen,16.0,512.0,Silver,1.55,Intel Core i5,,133840.03,27.02,3.9
Hp,VivoBook,12th Gen,4.0,1024.0,Blue,2.75,AMD Ryzen 5,481.81,165060.62,7.48,3.7
Dell,15,10th Gen,8.0,,Black,2.23,AMD Ryzen 3,,57732.03,,4.1
Acer,14,10th Gen,32.0,256.0,Blue,1.3,AMD Ryzen 3,744.52,111694.27,36.17,4.0
Hp,16,12th Gen,8.0,512.0,Silver,2.2,AMD Ryzen 3,,163115.33,,4.7
Asus,15,11th Gen,12.0,512.0,Grey,1.44,Intel Core i5,,28812.64,0.8,2.8
Asus,16,11th Gen,8.0,512.0,Grey,2.64,Intel Core i3,,63692.76,0.86,2.5
Asus,14,13th Gen,8.0,256.0,Silver,1.46,Intel Core i5,290.24,185407.01,,3.5
Dell,16,12th Gen,8.0,256.0,Blue,2.79,AMD Ryzen 7,,132652.7,42.4,2.7
Lenovo,X1,13th Gen,32.0,1024.0,Silver,1.88,Intel Core i5,545.9,91942.62,,3.0
Lenovo,15,10th Gen,8.0,512.0,White,2.98,Intel Core i3,307.9,85473.96,41.11,4.2
Asus,15,11th Gen,4.0,1024.0,Grey,1.98,AMD Ryzen 5,257.62,171195.86,,2.7
Dell,15,13th Gen,16.0,256.0,Black,1.24,AMD Ryzen 3,,166586.0,,5.0
Asus,14,10th Gen,8.0,512.0,Black,1.95,Intel Core i7,413.04,76444.11,28.06,4.9
Acer,14,10th Gen,8.0,256.0,Silver,2.05,Intel Core i5,698.33,161051.28,,4.6
Asus,16,12th Gen,32.0,1024.0,Blue,1.32,AMD Ryzen 7,619.31,125249.4,,3.4
Lenovo,X1,11th Gen,8.0,1024.0,Silver,1.94,AMD Ryzen 3,846.26,113551.05,0.56,3.5
Acer,16,10th Gen,8.0,256.0,Silver,2.81,AMD Ryzen 7,,68642.05,32.99,4.5
Dell,15,11th Gen,8.0,512.0,White,1.52,Intel Core i7,,149176.49,12.75,3.6
Asus,VivoBook,12th Gen,4.0,1024.0,Grey,2.44,AMD Ryzen 3,448.39,192146.24,,3.2
Acer,15,11th Gen,32.0,1024.0,Black,2.88,Intel Core i3,,22214.97,,4.3
Hp,14,13th Gen,8.0,256.0,Black,1.41,AMD Ryzen 3,,165711.66,37.54,4.9
Hp,14,12th Gen,32.0,1024.0,White,1.61,Intel Core i5,,52269.28,,4.3
Lenovo,X1,13th Gen,16.0,512.0,Blue,1.96,Intel Core i7,,108761.97,26.65,3.8
Acer,14,10th Gen,4.0,1024.0,Black,1.86,AMD Ryzen 3,104.15,46601.86,,3.6
Hp,16,10th Gen,4.0,256.0,White,1.4,Intel Core i7,,82336.39,24.92,4.0
Asus,16,10th Gen,16.0,256.0,Silver,2.34,Intel Core i3,,130628.88,,5.0
Dell,X1,11th Gen,16.0,256.0,Blue,2.97,Intel Core i5,348.86,74350.07,30.37,2.6
Asus,14,11th Gen,4.0,1024.0,Blue,2.34,AMD Ryzen 7,,25883.83,11.47,4.1
Lenovo,VivoBook,12th Gen,8.0,512.0,White,2.52,AMD Ryzen 3,481.2,171342.54,,4.1
Lenovo,X1,10th Gen,12.0,1024.0,Grey,1.56,Intel Core i7,362.57,187115.0,,3.1
Hp,15,12th Gen,12.0,512.0,White,2.25,AMD Ryzen 3,924.89,78955.58,,3.6
Hp,15,11th Gen,16.0,1024.0,Blue,1.74,AMD Ryzen 5,384.64,71508.56,,2.6
Dell,16,13th Gen,4.0,256.0,Blue,1.54,AMD Ryzen 7,583.03,168734.03,,4.7
Acer,X1,12th Gen,,512.0,Black,2.95,AMD Ryzen 5,,38838.25,,3.8
Lenovo,14,12th Gen,8.0,256.0,Grey,1.31,AMD Ryzen 7,518.35,189561.49,36.84,4.3
Lenovo,X1,13th Gen,12.0,512.0,White,1.36,AMD Ryzen 5,,29754.82,,2.6
Asus,Inspiron,10th Gen,4.0,1024.0,Grey,1.29,Intel Core i5,,147299.68,,3.8
Asus,16,12th Gen,12.0,256.0,White,1.63,Intel Core i3,414.76,192703.49,34.78,4.4
Asus,16,10th Gen,32.0,1024.0,Silver,2.47,Intel Core i3,954.64,145677.04,28.11,3.7
Asus,VivoBook,10th Gen,16.0,512.0,Blue,1.28,AMD Ryzen 5,,155356.58,44.73,4.0
Lenovo,Inspiron,12th Gen,12.0,256.0,White,1.98,AMD Ryzen 7,,95947.16,49.78,2.6
Hp,16,11th Gen,16.0,1024.0,Blue,2.38,AMD Ryzen 5,930.98,70577.9,40.61,3.3
Asus,VivoBook,11th Gen,4.0,256.0,Silver,1.81,Intel Core i7,,156625.57,25.14,3.2
Acer,VivoBook,11th Gen,4.0,512.0,Silver,1.86,AMD Ryzen 5,733.03,135331.34,17.26,5.0
Asus,Inspiron,12th Gen,4.0,1024.0,White,2.43,AMD Ryzen 7,771.46,170019.68,21.84,3.8
Dell,X1,11th Gen,12.0,256.0,Blue,1.37,Intel Core i5,,180464.91,28.8,4.2
Asus,14,11th Gen,4.0,512.0,Black,1.82,AMD Ryzen 7,,177761.74,,4.4
Asus,X1,13th Gen,4.0,1024.0,Blue,1.84,Intel Core i3,321.68,140944.13,,3.3
Acer,14,13th Gen,8.0,256.0,Silver,1.61,Intel Core i7,,142979.41,39.19,3.5
Lenovo,16,11th Gen,32.0,,Black,,Intel Core i3,,101528.55,9.13,3.7
Acer,X1,13th Gen,4.0,256.0,Grey,2.06,Intel Core i7,,174470.35,30.03,4.4
Dell,X1,11th Gen,16.0,256.0,Silver,1.26,Intel Core i3,409.78,96090.83,5.37,2.7
Dell,15,10th Gen,16.0,1024.0,Black,1.72,AMD Ryzen 7,953.25,186835.08,,3.0
Acer,16,13th Gen,32.0,256.0,Blue,3.0,AMD Ryzen 3,509.03,66486.85,30.41,4.5
Hp,15,13th Gen,16.0,1024.0,Silver,1.25,Intel Core i3,,30136.66,,4.5
Hp,14,12th Gen,32.0,1024.0,Black,1.39,AMD Ryzen 5,,59416.91,,3.5
Hp,Inspiron,11th Gen,4.0,1024.0,Grey,2.95,Intel Core i5,,92650.09,45.38,4.8
Asus,14,12th Gen,8.0,512.0,Blue,1.69,AMD Ryzen 7,,89874.82,,4.0
Dell,15,13th Gen,8.0,1024.0,White,1.91,AMD Ryzen 3,,20918.18,9.18,3.7
Asus,15,11th Gen,4.0,512.0,Blue,1.58,AMD Ryzen 5,,71686.22,48.2,3.3
Dell,VivoBook,13th Gen,4.0,512.0,Silver,2.8,AMD Ryzen 5,,176818.78,,3.3
Acer,X1,13th Gen,12.0,256.0,Silver,2.65,Intel Core i7,,194522.05,,2.9
Hp,X1,11th Gen,12.0,1024.0,Grey,1.76,Intel Core i5,119.18,41657.5,,4.0
Dell,X1,10th Gen,4.0,256.0,Silver,1.98,AMD Ryzen 3,536.83,151731.96,14.08,3.4
Asus,14,10th Gen,16.0,512.0,White,2.87,AMD Ryzen 3,,27598.97,13.41,3.8
Hp,X1,12th Gen,16.0,256.0,Black,2.45,Intel Core i7,,134977.43,,3.0
Lenovo,15,13th Gen,16.0,512.0,Silver,2.9,AMD Ryzen 5,267.17,37574.96,19.97,4.6
Acer,Inspiron,10th Gen,16.0,256.0,White,2.42,Intel Core i7,486.11,110905.96,,3.0
Asus,X1,11th Gen,16.0,256.0,Blue,1.78,AMD Ryzen 5,611.96,72798.8,,4.5
Lenovo,15,11th Gen,4.0,256.0,White,2.2,Intel Core i3,,78861.7,,4.8
Asus,15,10th Gen,4.0,256.0,Silver,2.96,Intel Core i5,717.87,52990.86,22.76,4.4
Acer,16,12th Gen,32.0,1024.0,White,2.35,AMD Ryzen 5,,42498.25,49.36,4.7
Dell,Inspiron,11th Gen,32.0,1024.0,White,1.59,Intel Core i7,,40006.77,,5.0
Acer,14,10th Gen,12.0,1024.0,Black,1.66,AMD Ryzen 5,961.98,157353.77,,4.3
Dell,VivoBook,11th Gen,32.0,512.0,Grey,1.85,,905.39,197499.57,,4.7
Hp,Inspiron,10th Gen,8.0,512.0,White,1.92,AMD Ryzen 3,,96673.63,,3.9
Lenovo,15,12th Gen,32.0,1024.0,Blue,1.5,Intel Core i5,544.3,44687.99,,3.8
Lenovo,16,11th Gen,4.0,512.0,White,2.34,AMD Ryzen 3,,183654.54,48.54,4.7
Asus,15,11th Gen,4.0,512.0,Grey,2.14,AMD Ryzen 5,,147134.59,19.47,3.6
Lenovo,VivoBook,10th Gen,12.0,1024.0,Black,2.8,Intel Core i3,888.8,164031.03,15.48,3.0
Dell,16,11th Gen,32.0,512.0,Grey,2.5,AMD Ryzen 5,,118323.88,48.49,4.9
Acer,Inspiron,13th Gen,8.0,256.0,Black,1.82,AMD Ryzen 3,138.94,76512.08,,4.8
Asus,VivoBook,11th Gen,4.0,512.0,Black,2.2,AMD Ryzen 3,225.65,197547.09,33.14,2.6
Hp,X1,10th Gen,12.0,1024.0,Black,2.06,Intel Core i5,,154135.39,23.57,3.2
Dell,15,13th Gen,8.0,512.0,White,2.07,AMD Ryzen 7,962.01,30720.13,,3.9
Lenovo,VivoBook,12th Gen,4.0,1024.0,Grey,1.67,AMD Ryzen 3,,179057.72,,2.8
Lenovo,14,13th Gen,12.0,256.0,Grey,2.13,Intel Core i3,,37462.96,20.32,4.2
Dell,VivoBook,10th Gen,12.0,1024.0,Grey,1.47,Intel Core i7,,33664.88,,2.7
Asus,14,12th Gen,16.0,1024.0,Black,2.27,AMD Ryzen 5,,38421.24,41.64,4.7
Asus,14,12th Gen,12.0,512.0,Black,1.53,Intel Core i3,991.55,178243.91,,3.5
Acer,Inspiron,10th Gen,16.0,512.0,White,2.02,AMD Ryzen 3,323.47,58461.11,10.73,4.7
Dell,15,10th Gen,32.0,256.0,Blue,1.61,Intel Core i7,245.32,156368.89,47.72,2.9
Hp,14,10th Gen,,256.0,White,1.78,AMD Ryzen 7,,56199.46,,3.8
Asus,X1,10th Gen,16.0,256.0,Grey,2.37,Intel Core i5,,38200.67,,4.8
Acer,Inspiron,12th Gen,8.0,256.0,Grey,2.78,Intel Core i5,853.67,97924.77,,2.7
Lenovo,Inspiron,12th Gen,8.0,512.0,Blue,1.8,AMD Ryzen 7,,189822.48,7.43,4.1
Hp,14,11th Gen,4.0,1024.0,White,2.43,AMD Ryzen 3,,175724.65,,2.5
Lenovo,VivoBook,12th Gen,4.0,512.0,White,2.28,AMD Ryzen 3,213.32,71645.77,22.0,2.6
Asus,VivoBook,13th Gen,4.0,1024.0,Grey,1.93,Intel Core i5,,47018.43,,4.3
Acer,VivoBook,13th Gen,16.0,512.0,Black,2.53,AMD Ryzen 5,278.94,136629.17,22.07,4.2
Dell,16,13th Gen,32.0,1024.0,Black,2.33,Intel Core i5,203.38,161917.39,17.61,2.9
Dell,15,10th Gen,12.0,512.0,Silver,2.09,AMD Ryzen 5,,67141.02,,4.2
Acer,16,10th Gen,32.0,1024.0,Silver,1.65,Intel Core i5,,156391.11,35.11,4.9
Hp,14,11th Gen,12.0,256.0,White,1.92,Intel Core i5,,164424.09,,4.9
Acer,VivoBook,13th Gen,16.0,1024.0,Grey,2.05,Intel Core i3,,180529.51,,2.7
Lenovo,14,12th Gen,16.0,1024.0,Silver,2.85,AMD Ryzen 3,,36660.55,41.67,3.5
Dell,16,13th Gen,16.0,256.0,Black,2.25,Intel Core i5,,116353.7,6.95,4.2
Asus,Inspiron,11th Gen,16.0,256.0,Black,2.59,Intel Core i7,,33650.61,,3.3
Dell,X1,10th Gen,8.0,512.0,Black,2.3,AMD Ryzen 7,646.18,77867.59,43.85,3.6
Hp,VivoBook,13th Gen,8.0,512.0,Black,2.88,Intel Core i5,,158328.11,17.06,2.8
Asus,X1,12th Gen,32.0,1024.0,White,1.29,Intel Core i7,520.2,141201.14,19.0,3.3
Asus,15,10th Gen,16.0,512.0,Blue,1.73,AMD Ryzen 7,845.14,188082.46,6.66,4.7
Hp,VivoBook,10th Gen,32.0,512.0,Blue,2.51,AMD Ryzen 3,,155451.9,,3.6
Hp,X1,10th Gen,8.0,256.0,Silver,2.41,Intel Core i7,176.56,164108.18,,4.7
Asus,14,11th Gen,8.0,512.0,Silver,2.53,Intel Core i3,125.42,95535.15,27.71,3.5
Asus,14,13th Gen,16.0,1024.0,Grey,2.48,AMD Ryzen 7,,133113.96,20.29,3.9
Acer,Inspiron,11th Gen,32.0,512.0,White,2.6,AMD Ryzen 7,820.33,20787.12,43.28,4.1
Hp,VivoBook,13th Gen,8.0,256.0,Blue,2.05,Intel Core i5,,30026.18,23.79,2.5
Dell,15,11th Gen,8.0,256.0,Blue,1.82,AMD Ryzen 7,,67942.03,25.54,4.9
Dell,X1,10th Gen,32.0,512.0,Black,1.76,Intel Core i5,,157311.2,,4.4
Dell,16,11th Gen,8.0,1024.0,Silver,2.41,AMD Ryzen 5,395.44,195795.55,,5.0
Asus,VivoBook,12th Gen,,1024.0,Blue,1.71,Intel Core i5,,89788.45,,4.5
Acer,Inspiron,13th Gen,12.0,512.0,Blue,1.28,AMD Ryzen 3,,94421.67,,4.3
Asus,14,10th Gen,32.0,256.0,Blue,1.93,AMD Ryzen 5,,43175.89,36.67,2.5
Lenovo,16,12th Gen,16.0,1024.0,Grey,,AMD Ryzen 5,,133073.54,,3.5
Lenovo,X1,13th Gen,16.0,256.0,Black,1.6,AMD Ryzen 5,,95471.73,,3.2
Asus,15,11th Gen,32.0,1024.0,Grey,2.64,AMD Ryzen 5,,196662.51,,4.0
Dell,15,11th Gen,12.0,256.0,White,2.76,Intel Core i3,,125934.06,,3.3
Hp,16,11th Gen,,1024.0,White,2.53,Intel Core i3,501.03,50884.3,,4.2
Hp,14,10th Gen,16.0,1024.0,Grey,1.44,Intel Core i7,610.38,93646.93,11.64,3.5
Dell,15,10th Gen,4.0,256.0,Grey,2.27,AMD Ryzen 5,860.19,91716.46,25.47,3.3
Dell,VivoBook,11th Gen,4.0,256.0,Blue,1.91,Intel Core i5,380.48,171786.89,,4.2
Asus,15,13th Gen,32.0,1024.0,Black,2.02,AMD Ryzen 5,,115667.99,5.44,3.6
Asus,16,11th Gen,4.0,1024.0,White,1.55,Intel Core i7,904.84,128115.16,10.01,2.7
Acer,15,12th Gen,16.0,512.0,Grey,2.1,AMD Ryzen 7,,196271.83,14.7,4.2
Lenovo,16,12th Gen,4.0,1024.0,Grey,2.46,Intel Core i3,,27176.1,,4.6
Hp,Inspiron,13th Gen,16.0,256.0,Silver,2.81,Intel Core i7,,21816.4,15.76,4.2
Acer,X1,10th Gen,32.0,256.0,Silver,2.96,AMD Ryzen 3,684.89,75338.56,,2.8
Hp,15,12th Gen,8.0,1024.0,Grey,1.48,AMD Ryzen 3,,193333.88,38.3,3.3
Hp,15,13th Gen,12.0,512.0,Grey,2.77,AMD Ryzen 7,,133082.51,32.92,3.3
Acer,VivoBook,13th Gen,8.0,256.0,Black,1.34,Intel Core i5,495.03,126081.34,17.46,4.2
Hp,14,10th Gen,8.0,1024.0,Blue,2.67,AMD Ryzen 3,590.65,73492.03,29.5,4.9
Asus,VivoBook,11th Gen,4.0,256.0,White,2.59,Intel Core i7,371.64,185561.18,,4.4
Hp,Inspiron,10th Gen,32.0,256.0,Silver,2.07,Intel Core i3,366.92,158992.06,,3.4
Dell,VivoBook,11th Gen,8.0,1024.0,Black,2.21,Intel Core i5,,186626.58,,4.6
Dell,15,11th Gen,16.0,512.0,Blue,1.34,Intel Core i3,,197625.03,34.84,2.9
Asus,15,12th Gen,32.0,512.0,Grey,1.99,Intel Core i7,653.41,126283.33,31.86,2.5
Hp,Inspiron,12th Gen,12.0,256.0,Grey,2.46,Intel Core i3,,108806.52,44.06,4.5
Asus,X1,11th Gen,12.0,512.0,White,1.42,Intel Core i3,282.83,199097.68,,2.8
Asus,15,12th Gen,32.0,256.0,White,1.89,AMD Ryzen 3,,138207.98,44.09,3.8
Dell,14,13th Gen,4.0,256.0,Blue,1.73,AMD Ryzen 7,,105226.26,,3.9
Acer,15,10th Gen,16.0,512.0,Silver,2.21,AMD Ryzen 5,571.79,120069.21,48.5,5.0
Lenovo,X1,13th Gen,32.0,256.0,White,2.66,Intel Core i7,,174517.49,4.63,3.5
Asus,Inspiron,10th Gen,4.0,1024.0,Grey,1.81,AMD Ryzen 3,521.25,164140.83,,2.6
Acer,Inspiron,10th Gen,32.0,1024.0,White,1.96,Intel Core i3,,154243.53,5.61,3.3
Asus,14,11th Gen,16.0,1024.0,Grey,1.39,AMD Ryzen 5,,65031.47,,4.0
Hp,VivoBook,10th Gen,12.0,512.0,Silver,2.69,AMD Ryzen 3,438.02,158470.65,28.09,2.8
Hp,16,13th Gen,32.0,1024.0,Silver,2.96,Intel Core i3,,21881.92,47.46,4.3
Acer,Inspiron,10th Gen,4.0,1024.0,Silver,2.76,Intel Core i5,,44046.55,,2.6
Dell,15,12th Gen,12.0,,Silver,1.32,AMD Ryzen 5,,72175.4,11.04,4.7
Asus,14,11th Gen,16.0,1024.0,Silver,1.84,Intel Core i7,,195620.62,18.95,3.9
Asus,16,10th Gen,8.0,512.0,Blue,1.85,AMD Ryzen 3,,186039.21,22.77,3.4
Hp,VivoBook,12th Gen,12.0,512.0,Grey,2.61,AMD Ryzen 5,,165785.44,14.05,4.3
Dell,VivoBook,10th Gen,12.0,,Silver,1.81,AMD Ryzen 3,,25347.46,20.03,3.3
Hp,16,11th Gen,12.0,512.0,White,2.01,AMD Ryzen 5,302.6,197201.46,26.67,3.1
Asus,16,13th Gen,4.0,256.0,Black,1.29,AMD Ryzen 7,,94584.47,13.14,4.6
Hp,14,11th Gen,16.0,512.0,Silver,2.57,AMD Ryzen 7,404.11,97209.94,,3.1
Dell,Inspiron,13th Gen,32.0,1024.0,Black,1.35,Intel Core i3,772.43,125650.11,,4.0
Lenovo,X1,11th Gen,16.0,256.0,Black,,Intel Core i5,347.98,26093.6,,2.6
Hp,15,12th Gen,8.0,1024.0,Grey,1.88,AMD Ryzen 3,,111208.63,,3.0
Hp,16,11th Gen,4.0,1024.0,Grey,2.54,AMD Ryzen 3,,128285.88,,3.5
Lenovo,Inspiron,11th Gen,32.0,512.0,Black,2.75,AMD Ryzen 7,,101924.87,49.12,3.4
Acer,15,11th Gen,8.0,512.0,White,2.06,AMD Ryzen 3,699.4,47896.94,42.79,2.6
Hp,15,10th Gen,4.0,1024.0,Silver,2.76,AMD Ryzen 5,960.68,42797.24,,3.8
Asus,16,13th Gen,12.0,256.0,Silver,1.96,AMD Ryzen 5,954.6,183157.19,,4.5
Dell,X1,10th Gen,16.0,512.0,Black,1.37,Intel Core i5,731.56,34976.72,,2.9
Dell,Inspiron,10th Gen,16.0,512.0,White,1.31,AMD Ryzen 3,881.73,134421.01,,4.1
Dell,Inspiron,11th Gen,8.0,256.0,Silver,1.24,AMD Ryzen 3,,151259.38,,2.6
Hp,X1,11th Gen,4.0,512.0,Blue,1.77,AMD Ryzen 5,,88462.38,,4.4
Hp,15,11th Gen,4.0,256.0,Silver,2.12,Intel Core i7,,173020.07,15.19,2.7
Asus,15,13th Gen,32.0,256.0,Grey,1.86,AMD Ryzen 5,993.99,152171.59,38.39,4.3
Lenovo,X1,10th Gen,4.0,512.0,White,2.5,Intel Core i7,298.62,102933.06,,4.6
Asus,14,10th Gen,4.0,256.0,White,1.74,Intel Core i7,946.31,38488.39,,3.0
Asus,X1,10th Gen,12.0,512.0,Grey,2.49,Intel Core i3,506.41,143759.52,41.64,3.5
Dell,VivoBook,13th Gen,12.0,512.0,Blue,1.71,Intel Core i7,,87619.13,36.97,3.3
Acer,VivoBook,12th Gen,4.0,512.0,Black,2.08,AMD Ryzen 7,491.15,127499.35,,3.8
Asus,16,13th Gen,32.0,512.0,Grey,1.64,AMD Ryzen 5,757.92,31697.99,,3.7
Asus,Inspiron,12th Gen,12.0,1024.0,White,1.4,Intel Core i7,,156904.89,30.52,3.7
Hp,X1,12th Gen,32.0,1024.0,Grey,1.86,AMD Ryzen 7,,71041.9,,3.0
Dell,15,11th Gen,32.0,512.0,White,2.94,AMD Ryzen 7,,52881.94,16.62,3.9
Dell,VivoBook,10th Gen,8.0,256.0,White,2.82,AMD Ryzen 7,,99624.55,,2.7
Asus,14,13th Gen,4.0,512.0,Silver,1.87,AMD Ryzen 7,,50715.92,,3.0
Asus,15,12th Gen,4.0,1024.0,Grey,1.21,AMD Ryzen 7,,52063.4,46.62,4.3
Hp,16,13th Gen,8.0,256.0,Grey,2.6,AMD Ryzen 5,,30009.13,1.45,4.0
Hp,Inspiron,12th Gen,32.0,512.0,Black,2.72,Intel Core i3,,21482.51,,3.8
Lenovo,16,13th Gen,16.0,1024.0,Grey,2.27,Intel Core i5,338.47,39780.87,,3.4
Hp,VivoBook,12th Gen,16.0,512.0,Silver,1.33,Intel Core i7,,36492.03,6.7,3.3
Lenovo,Inspiron,11th Gen,8.0,256.0,White,1.38,AMD Ryzen 3,,142265.85,16.89,3.9
Asus,14,13th Gen,12.0,256.0,Black,2.38,AMD Ryzen 5,,93616.87,,3.1
Asus,X1,12th Gen,12.0,1024.0,Black,1.63,Intel Core i5,,180720.99,46.74,3.0
Asus,VivoBook,12th Gen,8.0,512.0,White,1.45,Intel Core i7,,67403.15,46.29,2.9
Dell,15,10th Gen,12.0,1024.0,Blue,1.26,Intel Core i3,,187858.15,39.52,4.0
Acer,15,12th Gen,12.0,1024.0,Black,2.72,AMD Ryzen 7,,96817.74,6.93,4.5
Hp,14,13th Gen,16.0,1024.0,Silver,2.17,Intel Core i5,222.36,138529.82,,2.7
Lenovo,16,10th Gen,32.0,256.0,Grey,1.76,AMD Ryzen 3,150.97,56289.86,,4.8
Acer,VivoBook,11th Gen,16.0,512.0,Blue,2.82,AMD Ryzen 5,,49973.84,29.79,4.8
Lenovo,VivoBook,11th Gen,32.0,1024.0,Black,1.5,Intel Core i5,817.78,130961.72,,3.6
Lenovo,15,10th Gen,32.0,256.0,Silver,2.01,AMD Ryzen 3,631.53,80974.3,,4.5
Hp,15,12th Gen,12.0,512.0,White,2.89,AMD Ryzen 7,,70648.44,41.87,3.8
Hp,15,10th Gen,16.0,256.0,White,1.73,AMD Ryzen 5,605.71,106041.52,,2.6
Dell,Inspiron,10th Gen,8.0,512.0,Silver,2.93,Intel Core i5,358.22,146325.34,,4.7
Hp,15,11th Gen,4.0,512.0,Grey,1.38,AMD Ryzen 7,377.83,82154.97,20.21,3.3
Dell,16,12th Gen,16.0,256.0,Grey,1.26,Intel Core i3,,42281.0,,3.4
Dell,Inspiron,12th Gen,16.0,256.0,White,2.89,Intel Core i3,,163276.63,,3.3
Asus,X1,11th Gen,12.0,512.0,White,1.32,Intel Core i7,,165151.89,,4.7
Dell,14,10th Gen,32.0,1024.0,Black,2.74,AMD Ryzen 3,499.5,117564.22,49.83,4.5
Hp,X1,10th Gen,8.0,1024.0,White,1.9,Intel Core i7,,141650.46,13.06,5.0
Hp,15,11th Gen,4.0,512.0,Grey,1.93,AMD Ryzen 3,,174508.33,,3.8
Dell,X1,11th Gen,12.0,256.0,Blue,1.22,Intel Core i7,,95806.75,5.02,3.6
Asus,X1,12th Gen,12.0,256.0,Grey,2.63,,,115892.99,,4.7
Acer,15,13th Gen,16.0,512.0,Black,2.34,AMD Ryzen 5,,137011.68,,3.2
Lenovo,14,11th Gen,32.0,512.0,Blue,2.47,AMD Ryzen 7,,70142.84,16.38,3.9
Dell,VivoBook,13th Gen,32.0,256.0,Grey,1.91,Intel Core i3,,69211.84,,3.4
Lenovo,16,13th Gen,16.0,256.0,Blue,2.86,AMD Ryzen 7,,184468.55,,4.3
Acer,VivoBook,11th Gen,16.0,512.0,White,1.62,Intel Core i5,439.17,54945.36,8.8,3.4
Hp,16,10th Gen,16.0,256.0,White,1.7,Intel Core i3,318.74,149860.56,,2.7
Lenovo,15,11th Gen,8.0,512.0,White,1.69,Intel Core i5,,61510.25,23.19,4.7
Asus,X1,12th Gen,,512.0,White,1.99,AMD Ryzen 7,,154173.5,18.69,3.5
Hp,16,12th Gen,8.0,1024.0,Black,2.68,AMD Ryzen 7,275.81,41558.87,0.06,3.5
Asus,X1,12th Gen,4.0,256.0,White,,Intel Core i3,,59742.39,36.48,2.8
Hp,VivoBook,10th Gen,32.0,1024.0,White,1.29,AMD Ryzen 3,,93247.6,,4.4
Dell,16,13th Gen,32.0,256.0,Silver,2.44,AMD Ryzen 7,,130700.38,,4.0
Lenovo,X1,13th Gen,8.0,1024.0,Silver,1.9,AMD Ryzen 7,,41405.92,,3.9
Dell,14,11th Gen,16.0,512.0,Black,2.12,Intel Core i5,550.15,148297.13,,3.5
Hp,VivoBook,11th Gen,32.0,512.0,Silver,1.39,AMD Ryzen 3,,134637.24,32.56,4.8
Dell,Inspiron,11th Gen,32.0,256.0,Black,2.09,Intel Core i3,598.08,161185.66,,4.3
Lenovo,X1,10th Gen,12.0,512.0,Silver,2.01,AMD Ryzen 3,477.71,109495.83,,4.4
Asus,X1,11th Gen,32.0,1024.0,Blue,1.98,Intel Core i5,877.53,177312.38,,3.5
Hp,14,13th Gen,32.0,256.0,Grey,1.68,Intel Core i3,352.81,105183.95,40.91,3.1
Asus,X1,13th Gen,8.0,256.0,Blue,1.79,Intel Core i7,,80866.18,,3.0
Lenovo,VivoBook,12th Gen,12.0,512.0,Silver,2.62,AMD Ryzen 3,,108287.97,,2.7
Dell,VivoBook,11th Gen,,512.0,Silver,2.72,Intel Core i3,773.28,57588.43,,4.3
Dell,16,12th Gen,16.0,512.0,Black,2.52,AMD Ryzen 7,,138950.17,,3.3
Asus,Inspiron,10th Gen,8.0,1024.0,White,2.58,Intel Core i7,,92348.35,13.88,3.8
Hp,16,11th Gen,32.0,,White,2.9,AMD Ryzen 3,,100666.16,6.57,3.6
Hp,X1,13th Gen,4.0,1024.0,Black,1.25,Intel Core i3,931.16,103116.84,,3.4
Lenovo,Inspiron,12th Gen,16.0,256.0,Blue,1.23,Intel Core i5,,72461.63,,4.5
Asus,15,10th Gen,32.0,256.0,Silver,2.31,AMD Ryzen 5,,87525.73,,4.6
Dell,16,13th Gen,16.0,512.0,Black,2.19,AMD Ryzen 5,,198180.35,46.33,2.8
Dell,Inspiron,11th Gen,32.0,512.0,Black,2.43,AMD Ryzen 3,455.55,55491.4,38.55,2.8
Lenovo,16,12th Gen,32.0,256.0,Silver,1.62,Intel Core i3,136.68,185276.56,43.44,2.6
Dell,14,11th Gen,16.0,1024.0,White,2.36,AMD Ryzen 3,235.06,138669.26,11.88,4.9
Dell,15,12th Gen,16.0,512.0,Grey,1.48,Intel Core i7,115.88,100520.57,49.91,4.4
Lenovo,14,12th Gen,8.0,256.0,Grey,1.31,AMD Ryzen 7,518.35,189561.49,36.84,4.3
Hp,14,11th Gen,8.0,256.0,Black,1.8,Intel Core i3,,86774.3,,3.2
Asus,Inspiron,13th Gen,4.0,512.0,Silver,1.81,Intel Core i5,,25563.47,,3.7
Dell,14,10th Gen,12.0,,Silver,1.68,Intel Core i7,,51073.05,,2.6
Dell,14,11th Gen,12.0,256.0,Blue,1.87,Intel Core i7,,129646.96,41.25,4.7
Lenovo,16,10th Gen,12.0,256.0,Grey,1.91,Intel Core i5,,132732.28,,4.4
Lenovo,14,13th Gen,8.0,512.0,Blue,1.34,AMD Ryzen 5,956.02,168877.53,1.4,4.1
Acer,16,11th Gen,16.0,1024.0,Black,1.45,Intel Core i5,,28727.88,41.06,4.5
Acer,VivoBook,13th Gen,32.0,1024.0,Grey,1.47,AMD Ryzen 3,,148622.35,18.19,3.8
Dell,15,13th Gen,,512.0,Black,2.96,Intel Core i3,,175215.25,18.51,3.2
Dell,Inspiron,10th Gen,12.0,512.0,White,2.15,AMD Ryzen 5,275.22,79345.61,38.46,3.9
Hp,X1,10th Gen,32.0,512.0,Silver,2.94,Intel Core i3,,120839.61,39.34,4.8
Asus,15,11th Gen,32.0,512.0,Black,2.93,Intel Core i3,522.54,39723.41,38.44,3.2
Lenovo,X1,10th Gen,4.0,256.0,Silver,2.88,AMD Ryzen 3,902.17,32049.01,6.35,3.4
Lenovo,VivoBook,13th Gen,12.0,256.0,Black,2.24,Intel Core i3,711.91,69884.46,,4.1
Acer,X1,12th Gen,16.0,1024.0,Black,1.4,Intel Core i3,,138122.79,,3.3
Acer,15,13th Gen,16.0,1024.0,Blue,2.35,AMD Ryzen 5,603.3,88035.95,,4.2
Dell,VivoBook,13th Gen,16.0,512.0,Silver,2.98,AMD Ryzen 7,388.65,138347.51,,4.4
Asus,16,12th Gen,16.0,512.0,Blue,2.08,Intel Core i5,,74553.76,15.03,3.6
Lenovo,14,13th Gen,32.0,512.0,Blue,1.44,AMD Ryzen 7,388.77,21704.94,,2.8
Lenovo,Inspiron,10th Gen,4.0,512.0,Silver,2.13,AMD Ryzen 3,577.32,104765.9,2.06,4.5
Hp,16,10th Gen,32.0,256.0,Grey,1.96,Intel Core i7,188.69,172136.04,,3.7
Lenovo,Inspiron,13th Gen,16.0,1024.0,Blue,2.39,Intel Core i5,,36776.2,4.76,4.8
Dell,Inspiron,10th Gen,4.0,512.0,Blue,2.87,AMD Ryzen 5,647.85,148791.19,,3.5
Asus,16,13th Gen,12.0,1024.0,Grey,2.16,AMD Ryzen 5,,144482.39,,4.2
Asus,X1,10th Gen,4.0,256.0,Black,2.26,Intel Core i5,697.82,29017.99,,4.8
Acer,14,11th Gen,32.0,512.0,Grey,3.0,Intel Core i3,,139907.36,27.63,2.5
Lenovo,15,10th Gen,32.0,256.0,Grey,2.29,AMD Ryzen 3,844.46,101187.35,,4.1
Lenovo,16,13th Gen,8.0,1024.0,Silver,1.77,Intel Core i3,350.55,65987.31,,5.0
Hp,X1,11th Gen,32.0,1024.0,White,2.74,AMD Ryzen 5,271.63,62710.05,45.23,4.1
Hp,15,12th Gen,32.0,256.0,Black,2.1,AMD Ryzen 3,282.21,119306.03,,3.3
Asus,15,12th Gen,32.0,256.0,Grey,2.01,Intel Core i3,139.83,124029.95,,2.6
Dell,Inspiron,12th Gen,32.0,256.0,Blue,1.89,AMD Ryzen 7,,34385.35,,3.4
Lenovo,14,12th Gen,16.0,1024.0,Silver,2.85,AMD Ryzen 3,,36660.55,41.67,3.5
Acer,14,10th Gen,16.0,1024.0,White,1.68,AMD Ryzen 3,697.04,49144.4,15.23,3.4
Acer,X1,11th Gen,32.0,256.0,White,1.44,Intel Core i7,,184085.04,,2.6
Acer,14,11th Gen,32.0,256.0,Silver,2.2,Intel Core i3,344.08,107530.68,,4.2
Lenovo,Inspiron,10th Gen,4.0,1024.0,Silver,1.55,Intel Core i7,725.14,20323.5,,3.0
Dell,X1,13th Gen,12.0,1024.0,Black,2.7,AMD Ryzen 5,,173257.96,,4.0
Lenovo,14,10th Gen,16.0,256.0,Grey,1.52,AMD Ryzen 3,279.04,198679.9,7.46,2.5
Hp,15,12th Gen,8.0,512.0,Black,2.71,AMD Ryzen 7,782.11,147960.57,49.62,3.7
Dell,VivoBook,12th Gen,4.0,512.0,Silver,2.54,AMD Ryzen 3,400.36,141463.43,13.23,2.8
Dell,VivoBook,12th Gen,4.0,512.0,Blue,2.9,AMD Ryzen 3,,102905.27,21.81,4.0
Lenovo,Inspiron,13th Gen,8.0,1024.0,Silver,2.8,AMD Ryzen 5,461.64,55309.58,,3.3
Lenovo,Inspiron,10th Gen,16.0,512.0,Blue,2.71,AMD Ryzen 7,,45034.08,,3.0
Hp,15,11th Gen,4.0,512.0,White,1.22,AMD Ryzen 7,386.05,52608.71,29.77,4.6
Asus,X1,10th Gen,32.0,256.0,Black,1.21,AMD Ryzen 7,,27189.89,42.05,4.8
Asus,14,10th Gen,12.0,256.0,Blue,1.48,Intel Core i5,791.91,188036.1,33.67,4.0
Acer,14,12th Gen,12.0,1024.0,White,2.92,Intel Core i3,,49204.72,19.89,4.3
Asus,16,13th Gen,16.0,1024.0,Blue,2.15,Intel Core i5,620.89,48742.81,,3.6
Asus,14,12th Gen,16.0,1024.0,White,1.94,AMD Ryzen 7,,130761.19,17.91,4.1
Hp,16,10th Gen,4.0,512.0,Blue,2.92,AMD Ryzen 5,,61497.38,,4.8
Dell,Inspiron,11th Gen,32.0,256.0,White,2.72,AMD Ryzen 7,,147261.8,38.2,3.6
Acer,14,11th Gen,32.0,1024.0,White,2.1,AMD Ryzen 5,,84021.27,,4.0
Hp,Inspiron,12th Gen,,1024.0,White,1.58,Intel Core i3,,37107.95,43.4,4.2
Asus,14,12th Gen,16.0,1024.0,Silver,2.7,Intel Core i5,,121356.93,39.0,4.7
Acer,14,12th Gen,16.0,1024.0,Black,2.59,Intel Core i7,,154292.86,,3.1
Hp,X1,13th Gen,4.0,512.0,Silver,1.22,Intel Core i7,,168208.45,,4.8
Lenovo,16,12th Gen,16.0,256.0,Black,1.54,Intel Core i3,838.34,179525.2,35.57,4.4
Lenovo,X1,13th Gen,4.0,1024.0,Grey,2.21,AMD Ryzen 5,,171294.98,,3.3
Dell,16,11th Gen,4.0,512.0,Silver,2.19,Intel Core i5,681.51,97618.14,7.86,4.3
Dell,16,11th Gen,12.0,256.0,Blue,1.7,Intel Core i3,,26244.45,,4.8
Hp,16,10th Gen,16.0,1024.0,Blue,1.89,AMD Ryzen 3,,151422.45,27.49,4.4
Dell,Inspiron,13th Gen,4.0,512.0,Grey,2.24,AMD Ryzen 7,778.21,80252.41,10.41,2.7
Dell,Inspiron,13th Gen,12.0,1024.0,Silver,2.81,AMD Ryzen 3,,178094.38,,4.9
Asus,16,13th Gen,32.0,,Blue,1.26,Intel Core i3,,41943.6,42.1,3.7
Lenovo,X1,13th Gen,16.0,256.0,White,2.46,Intel Core i7,,142739.26,9.15,3.5
Asus,16,11th Gen,16.0,1024.0,Grey,2.2,AMD Ryzen 7,332.14,132837.79,,3.4
Acer,16,12th Gen,32.0,1024.0,Grey,2.33,Intel Core i3,,155336.51,40.73,3.0
Lenovo,16,12th Gen,8.0,1024.0,White,2.06,AMD Ryzen 5,,156608.03,,4.3
Lenovo,14,12th Gen,4.0,1024.0,Silver,2.45,Intel Core i7,438.38,129430.66,26.3,4.7
Dell,X1,11th Gen,4.0,512.0,Silver,,Intel Core i7,,34358.36,35.46,3.4
Lenovo,16,13th Gen,16.0,1024.0,Silver,1.24,AMD Ryzen 7,840.43,31647.96,,4.6
Asus,16,10th Gen,4.0,1024.0,Blue,1.36,AMD Ryzen 7,,107096.27,44.95,4.2
Dell,X1,12th Gen,12.0,1024.0,Grey,2.78,Intel Core i7,502.39,82649.83,,2.9
Lenovo,Inspiron,12th Gen,16.0,256.0,Black,2.81,Intel Core i7,,110655.05,,4.9
Lenovo,14,13th Gen,4.0,1024.0,Grey,1.95,Intel Core i5,,185042.36,38.61,4.1
Asus,16,11th Gen,16.0,1024.0,Grey,2.99,AMD Ryzen 7,,57883.74,,2.9
Dell,16,13th Gen,32.0,1024.0,Silver,2.61,Intel Core i7,,187790.83,,3.6
Acer,16,11th Gen,32.0,1024.0,Blue,2.88,Intel Core i3,754.68,152350.98,39.64,3.7
Dell,16,12th Gen,12.0,1024.0,Blue,1.76,AMD Ryzen 7,,194412.46,,4.2
Asus,15,12th Gen,12.0,1024.0,Silver,1.92,AMD Ryzen 5,549.25,167365.26,19.57,2.7
Asus,VivoBook,11th Gen,16.0,512.0,Blue,1.65,AMD Ryzen 7,486.31,162460.06,,3.8
Hp,14,11th Gen,12.0,256.0,White,1.92,Intel Core i5,,164424.09,,4.9
Lenovo,16,11th Gen,32.0,256.0,White,2.06,Intel Core i3,731.46,144252.39,49.45,4.2
Hp,15,10th Gen,32.0,256.0,Black,2.3,Intel Core i7,,164054.76,,4.9
Hp,VivoBook,12th Gen,12.0,1024.0,White,2.31,Intel Core i7,,77152.08,16.31,4.6
Asus,16,12th Gen,12.0,256.0,Grey,2.45,Intel Core i3,285.93,177480.76,43.46,4.9
Lenovo,VivoBook,13th Gen,4.0,1024.0,Grey,,Intel Core i3,,175932.52,,3.0
Hp,15,13th Gen,32.0,512.0,Grey,2.32,Intel Core i7,787.23,167100.44,,3.1
Lenovo,15,10th Gen,32.0,256.0,Silver,1.83,Intel Core i5,,47792.3,,4.2
Dell,VivoBook,10th Gen,8.0,256.0,White,2.82,AMD Ryzen 7,,99624.55,,2.7
Asus,VivoBook,12th Gen,12.0,256.0,White,1.86,Intel Core i7,523.73,32183.77,,2.6
Dell,VivoBook,10th Gen,4.0,512.0,Black,1.51,AMD Ryzen 5,781.1,69358.1,39.42,3.2
Asus,Inspiron,12th Gen,4.0,256.0,White,2.58,AMD Ryzen 7,,21423.1,9.29,2.5
Lenovo,16,10th Gen,12.0,256.0,Black,1.73,Intel Core i7,157.46,134936.74,15.78,4.0
Dell,16,11th Gen,8.0,512.0,Black,2.31,Intel Core i3,,82372.77,43.04,3.1
Dell,Inspiron,11th Gen,32.0,1024.0,White,1.59,Intel Core i7,,40006.77,,5.0
Hp,14,12th Gen,16.0,512.0,Grey,1.87,AMD Ryzen 3,949.06,55547.69,,4.9
Acer,X1,10th Gen,12.0,512.0,White,2.65,Intel Core i3,,135966.19,7.99,2.7
Hp,16,13th Gen,8.0,1024.0,White,1.71,Intel Core i3,777.68,46040.69,29.88,3.3
Hp,VivoBook,11th Gen,12.0,1024.0,Grey,2.19,Intel Core i5,129.01,24986.79,,3.0
Acer,VivoBook,11th Gen,16.0,512.0,Blue,1.95,AMD Ryzen 3,806.17,74974.85,,4.1
Asus,16,10th Gen,16.0,1024.0,White,2.07,AMD Ryzen 5,358.07,137690.27,,4.9
Lenovo,X1,13th Gen,12.0,1024.0,Silver,2.06,Intel Core i3,,30432.17,,3.6
Hp,VivoBook,10th Gen,8.0,1024.0,Blue,1.87,AMD Ryzen 3,,86467.87,,3.1
Asus,Inspiron,12th Gen,16.0,1024.0,Blue,2.42,AMD Ryzen 7,556.29,155860.59,17.12,4.0
Hp,Inspiron,11th Gen,32.0,256.0,Black,2.46,Intel Core i7,997.98,174941.66,,2.5
Dell,15,13th Gen,12.0,512.0,Grey,2.83,Intel Core i3,,188044.59,,3.7
Lenovo,16,10th Gen,16.0,256.0,White,1.43,AMD Ryzen 3,928.5,129735.56,34.9,2.5
Asus,14,13th Gen,8.0,512.0,Blue,2.8,AMD Ryzen 3,,142316.09,,4.7
Lenovo,VivoBook,11th Gen,4.0,512.0,Black,1.89,AMD Ryzen 5,639.71,190022.44,35.76,2.8
Lenovo,X1,11th Gen,8.0,1024.0,Silver,1.94,AMD Ryzen 3,846.26,113551.05,0.56,3.5
Asus,VivoBook,11th Gen,4.0,256.0,Silver,1.81,Intel Core i7,,156625.57,25.14,3.2
Acer,Inspiron,13th Gen,12.0,256.0,Grey,1.45,,,22978.91,,3.1
Asus,15,13th Gen,16.0,256.0,Black,2.78,Intel Core i3,338.88,55726.89,10.11,4.4
Asus,Inspiron,11th Gen,12.0,512.0,Silver,2.63,AMD Ryzen 5,810.47,118096.13,27.18,3.9
Lenovo,VivoBook,13th Gen,4.0,1024.0,Silver,2.78,Intel Core i3,748.27,31766.41,14.35,4.4
Dell,VivoBook,11th Gen,32.0,512.0,Grey,1.85,Intel Core i5,905.39,197499.57,,4.7
Asus,Inspiron,10th Gen,4.0,256.0,Blue,1.21,AMD Ryzen 5,,21684.5,5.36,4.7
Acer,Inspiron,13th Gen,32.0,1024.0,White,2.36,AMD Ryzen 5,986.94,129001.48,27.28,4.2
Hp,15,10th Gen,16.0,512.0,White,2.05,Intel Core i3,402.26,110867.27,,4.7
Hp,14,11th Gen,4.0,512.0,Black,2.48,AMD Ryzen 3,183.87,60452.66,29.26,4.2
Hp,15,10th Gen,32.0,,White,2.75,AMD Ryzen 3,,79186.99,23.94,3.6
Hp,14,11th Gen,8.0,1024.0,Grey,2.25,Intel Core i3,,177325.73,39.51,2.5
Dell,15,10th Gen,32.0,1024.0,White,1.37,AMD Ryzen 3,503.06,165120.37,23.81,3.9
Dell,Inspiron,12th Gen,16.0,256.0,Black,2.08,Intel Core i7,280.22,193598.54,,3.1
Lenovo,VivoBook,12th Gen,32.0,512.0,Silver,1.78,AMD Ryzen 7,,85457.41,,4.3
Lenovo,15,10th Gen,32.0,512.0,Black,1.94,,,36049.63,,3.4
Hp,X1,13th Gen,12.0,1024.0,Blue,1.97,AMD Ryzen 7,850.9,124777.88,,4.7
Acer,X1,12th Gen,8.0,256.0,Grey,2.28,Intel Core i5,,141148.89,,4.7
Asus,15,10th Gen,4.0,512.0,White,2.36,AMD Ryzen 5,,165577.24,,4.5
Lenovo,X1,13th Gen,12.0,512.0,White,1.41,Intel Core i7,,115709.85,43.92,4.4
Hp,Inspiron,10th Gen,8.0,512.0,Blue,2.05,Intel Core i3,895.49,195105.84,,4.6
Asus,VivoBook,11th Gen,12.0,256.0,Silver,1.64,Intel Core i5,,190924.94,,4.5
Acer,14,10th Gen,4.0,1024.0,Grey,1.8,Intel Core i3,,157521.4,,3.8
Acer,Inspiron,12th Gen,4.0,1024.0,Grey,1.89,Intel Core i3,956.85,22191.63,,4.5
Dell,14,10th Gen,8.0,256.0,Silver,1.9,Intel Core i7,596.41,41908.96,,4.9
Hp,14,13th Gen,16.0,256.0,Grey,1.61,Intel Core i5,998.71,71392.22,11.35,4.1
Hp,Inspiron,13th Gen,16.0,256.0,Silver,2.87,AMD Ryzen 3,,155435.66,2.58,3.6
Asus,15,10th Gen,32.0,1024.0,Blue,1.45,AMD Ryzen 5,223.49,48417.12,,4.1
Asus,X1,12th Gen,8.0,1024.0,Blue,,AMD Ryzen 7,,32955.96,,3.1
Lenovo,15,12th Gen,8.0,1024.0,Grey,1.41,Intel Core i7,470.9,138842.88,48.51,4.7
Acer,16,13th Gen,4.0,512.0,White,2.85,AMD Ryzen 5,,105805.46,,2.8
Hp,15,10th Gen,12.0,1024.0,White,2.9,Intel Core i3,,31512.65,2.96,5.0
Dell,X1,12th Gen,32.0,1024.0,Silver,1.43,AMD Ryzen 3,623.24,39469.52,19.78,4.9
Hp,15,11th Gen,32.0,512.0,Silver,1.64,AMD Ryzen 3,926.24,71687.02,,4.2
Acer,Inspiron,10th Gen,8.0,256.0,Blue,2.83,AMD Ryzen 7,185.12,40451.71,,5.0
Hp,X1,12th Gen,32.0,256.0,Blue,2.81,Intel Core i7,,111356.73,,4.8
Acer,16,12th Gen,12.0,256.0,Grey,2.66,Intel Core i5,,197269.04,,4.2
Asus,VivoBook,12th Gen,12.0,512.0,White,2.97,Intel Core i3,646.86,179908.83,,4.5
Dell,VivoBook,11th Gen,4.0,512.0,Black,2.0,Intel Core i7,445.61,105995.67,,2.6
Hp,X1,12th Gen,16.0,1024.0,White,1.95,AMD Ryzen 7,904.82,24745.61,,3.1
Asus,X1,12th Gen,16.0,512.0,White,1.99,AMD Ryzen 7,,154173.5,18.69,3.5
Asus,VivoBook,13th Gen,32.0,512.0,Silver,1.99,Intel Core i5,,33472.08,,4.6
Asus,Inspiron,10th Gen,12.0,512.0,Black,2.33,Intel Core i5,,23892.92,40.98,3.6
Asus,14,12th Gen,32.0,256.0,Grey,1.84,AMD Ryzen 3,,142052.08,29.01,4.2
Acer,16,13th Gen,4.0,1024.0,Grey,1.45,Intel Core i7,,82507.66,,4.2
Dell,VivoBook,11th Gen,4.0,1024.0,White,1.7,Intel Core i7,958.18,136295.03,,3.5
Dell,Inspiron,13th Gen,12.0,512.0,Blue,2.1,AMD Ryzen 5,,24968.32,,4.2
Lenovo,16,13th Gen,16.0,1024.0,Silver,2.59,Intel Core i5,,174854.64,,3.8
Asus,Inspiron,13th Gen,8.0,512.0,Grey,2.64,Intel Core i7,,32454.62,46.48,2.9
Hp,VivoBook,13th Gen,32.0,256.0,White,1.82,Intel Core i5,,168572.77,11.76,3.0
Acer,15,12th Gen,16.0,512.0,Grey,2.1,AMD Ryzen 7,,196271.83,14.7,4.2
Lenovo,X1,13th Gen,16.0,512.0,Silver,1.53,Intel Core i3,,20681.58,,3.5
Acer,Inspiron,12th Gen,8.0,256.0,Grey,1.79,Intel Core i7,911.81,133787.56,,3.7
Asus,VivoBook,13th Gen,8.0,1024.0,Grey,1.82,Intel Core i5,260.35,182909.62,4.94,5.0
Acer,16,10th Gen,32.0,1024.0,White,1.31,AMD Ryzen 3,,136081.08,,4.6
Hp,X1,11th Gen,8.0,512.0,Black,2.78,AMD Ryzen 3,,22770.86,46.82,2.8
Dell,X1,11th Gen,32.0,256.0,Grey,1.38,AMD Ryzen 3,,61045.28,,3.8
Dell,16,13th Gen,32.0,512.0,White,1.46,Intel Core i5,,141709.61,,2.6
Acer,Inspiron,13th Gen,4.0,1024.0,Black,2.66,AMD Ryzen 5,399.51,157817.71,48.38,4.3
Hp,14,11th Gen,16.0,256.0,White,2.64,Intel Core i5,544.11,119812.25,,4.0
Acer,VivoBook,13th Gen,8.0,1024.0,Black,1.5,AMD Ryzen 3,559.92,44936.76,14.27,4.0
Dell,16,12th Gen,32.0,256.0,Silver,1.54,AMD Ryzen 3,,174595.57,49.8,2.5
Dell,X1,10th Gen,32.0,1024.0,Blue,1.33,Intel Core i3,,59785.96,4.15,4.2
Asus,16,13th Gen,32.0,256.0,White,2.24,AMD Ryzen 3,,118683.19,,4.4
Acer,14,11th Gen,8.0,256.0,Black,1.62,Intel Core i5,762.9,196867.02,,2.7
Dell,15,13th Gen,32.0,256.0,White,1.22,AMD Ryzen 7,896.28,122843.8,26.5,2.5
Lenovo,VivoBook,10th Gen,32.0,256.0,Blue,1.71,AMD Ryzen 5,,110761.71,,3.0
Acer,15,11th Gen,8.0,256.0,Black,2.27,Intel Core i7,809.8,66171.82,20.03,4.8
Lenovo,14,12th Gen,4.0,1024.0,Grey,2.95,AMD Ryzen 7,,101136.42,,3.4
Acer,15,10th Gen,16.0,256.0,Black,1.31,AMD Ryzen 5,,175523.0,,3.4
Asus,15,13th Gen,32.0,256.0,Silver,1.4,AMD Ryzen 7,,43300.72,26.89,3.1
Dell,14,10th Gen,16.0,512.0,Blue,1.39,AMD Ryzen 7,,194441.98,,4.6
